ProjectCode,NameProject,SerialNumber,GhabzExit,FactorNumber,FactorType3,KarshenasiAvalie,ReceiverProject,Description,Id,Employer,DateKhoroj,DateVorod,FileDate,DeliveryDate,DateMovaqatExit,SematId,UserId,DateSabtPoroje,DateNiazMoshtari,IsPoshe,FactorType
RE1/1139,ژنراتور 20KW,211386,,,,برگشتی,,,140,29,2018-10-18 00:00:00.000,2018-10-15 00:00:00.000,,,,106,28,,,False,0
1140,ژنراتور 18KW,212222,,,,سیم پیچی,,,141,29,2018-09-13 00:00:00.000,2018-08-20 00:00:00.000,,,,106,28,,,False,0
1141,ژنراتور 20KW,211407,,,,سیم پیچی,,,142,29,2018-09-13 00:00:00.000,2018-08-20 00:00:00.000,,,,106,28,,,False,0
1142,ژنراتور 18KW,212062,,,,سیم پیچی,,,143,29,2018-09-13 00:00:00.000,2018-08-20 00:00:00.000,,,,106,28,,,False,0
1143,ژنراتور 18KW,212138,,,,سیم پیچی,,,144,29,2018-08-26 00:00:00.000,2018-08-20 00:00:00.000,,,,106,28,,,False,0
RE1/1143,ژنراتور 18KW,212138,,,,برگشتی,,,145,29,2018-09-05 00:00:00.000,2018-08-30 00:00:00.000,,,,106,28,,,False,0
1144,ژنراتور 20KW,211379,,,,سیم پیچی,,,146,29,2018-08-26 00:00:00.000,2018-08-20 00:00:00.000,,,,2123,2028,,,False,0
1145,استاتور 165KW,,,,,اورهال ,,,147,24,2018-09-05 00:00:00.000,2018-08-19 00:00:00.000,,,,106,28,,,False,0
1146,استاتور افشین اسماعیلی,,,,,اورهال ,,,148,24,2020-11-17 00:00:00.000,2018-09-05 00:00:00.000,,,,,,,,False,
1147,ژنراتور 20KW,211669,,,,سیم پیچی,,,149,29,2018-09-25 00:00:00.000,2018-09-18 00:00:00.000,,,,2123,2028,,,False,0
1148,ژنراتور 18KW,212103,,,,سیم پیچی,,,150,29,2018-10-11 00:00:00.000,2018-09-18 00:00:00.000,,,,2123,2028,,,False,0
1149,ژنراتور 18KW,212508,,,,سیم پیچی,,,151,29,2018-10-11 00:00:00.000,2018-09-18 00:00:00.000,,,,2123,2028,,,False,0
1150,ژنراتور 20KW,211277,,,,سیم پیچی,,,152,29,2018-10-04 00:00:00.000,2018-09-18 00:00:00.000,,,,2123,2028,,,False,0
1151,ژنراتور 18KW,212098,,,,سیم پیچی,,,153,29,2018-10-04 00:00:00.000,2018-09-18 00:00:00.000,,,,2123,2028,,,False,0
1152,ژنراتور 20KW,211275,,,,سیم پیچی,,,154,29,2018-10-18 00:00:00.000,2018-09-18 00:00:00.000,,,,2123,2028,,,False,0
1153,ژنراتور 18KW,212514,,,,سیم پیچی,,,155,29,2018-10-04 00:00:00.000,2018-09-18 00:00:00.000,,,,2123,2028,,,False,0
1154,ژنراتور 20KW,211203,,,,سیم پیچی,,,156,29,2018-09-25 00:00:00.000,2018-09-18 00:00:00.000,,,,2123,2028,,,False,0
1155,ژنراتور 20KW,211920,,,,سیم پیچی,,,157,29,2018-10-04 00:00:00.000,2018-09-18 00:00:00.000,,,,2123,2028,,,False,0
1156,ژنراتور 20KW,211559,,,,سیم پیچی,,,158,29,2018-11-01 00:00:00.000,2018-09-18 00:00:00.000,,,,2123,2028,,,False,0
1557,ژنراتور 18KW,,,,,سیم پیچی,,,159,29,2018-10-04 00:00:00.000,2018-09-18 00:00:00.000,,,,,,,,False,
1158,ژنراتور 18KW,212187,,,,سیم پیچی,,,160,29,2018-11-01 00:00:00.000,2018-09-18 00:00:00.000,,,,2123,2028,,,False,0
1159,ژنراتور 20KW,211210,,,,سیم پیچی,,,161,29,2018-10-11 00:00:00.000,2018-09-18 00:00:00.000,,,,2123,2028,,,False,0
1160,ژنراتور 18KW,212259,,,,سیم پیچی,,,162,29,2018-11-01 00:00:00.000,2018-09-18 00:00:00.000,,,,2123,2028,,,False,0
1161,ژنراتور 18KW,212170,,,,سیم پیچی,,,163,29,2018-10-11 00:00:00.000,2018-09-18 00:00:00.000,,,,2123,2028,,,False,0
1162,ژنراتور 20KW,211906,,,,سیم پیچی,,,164,29,2018-10-11 00:00:00.000,2018-09-18 00:00:00.000,,,,2123,2028,,,False,0
1163,ژنراتور 50KV 40KW,,,,,اورهال ,,,165,17,2019-01-23 00:00:00.000,2018-09-29 00:00:00.000,,,,,,,,False,
1164,استاتور 200KW,,,,,سیم پیچی موضعی,,,166,33,2018-09-29 00:00:00.000,2018-09-29 00:00:00.000,,,,,,,,False,
1165,استاتور 75KW,,,,,سیم پیچی,,,167,34,2018-10-12 00:00:00.000,2018-10-02 00:00:00.000,,,,,,,,False,
1166,استاتور 55KW,,,,,سیم پیچی,,,168,17,2018-10-28 00:00:00.000,2018-10-21 00:00:00.000,,,,,,,,False,
1196,ژنراتور 18KW,212072,,,,سیم پیچی,,,197,29,2018-12-24 00:00:00.000,2018-12-24 00:00:00.000,,,,106,28,,,False,0
1197,ژنراتور 20KW,212465,,,,سیم پیچی,,,198,29,2019-01-04 00:00:00.000,2018-12-29 00:00:00.000,,,,2123,2028,,,False,0
1198,ژنراتور 20KW,211499,,,,سیم پیچی,,,199,29,2019-01-04 00:00:00.000,2018-12-29 00:00:00.000,,,,106,28,,,False,0
1199,ژنراتور 20KW,211666,,,,سیم پیچی,,,200,29,2019-01-04 00:00:00.000,2018-12-29 00:00:00.000,,,,2123,2028,,,False,0
1200,استاتور سیم لاکی 200KW,,,,,اورهال,,,201,35,2019-01-22 00:00:00.000,2019-01-06 00:00:00.000,,,,,,,,False,
1201,استاتور  200KW,,,,,اورهال,,,202,35,2019-01-22 00:00:00.000,2019-01-06 00:00:00.000,,,,,,,,False,
1202,ژنراتور 20KW,211917,,,,سیم پیچی,,,203,29,2019-01-23 00:00:00.000,2019-01-15 00:00:00.000,,,,2123,2028,,,False,0
1203,ژنراتور 20KW,211599,,,,سیم پیچی,,,204,29,2019-01-24 00:00:00.000,2019-01-15 00:00:00.000,,,,106,28,,,False,0
1204,ژنراتور 20KW,211018,,,,سیم پیچی,,,205,29,2019-01-25 00:00:00.000,2019-01-15 00:00:00.000,,,,106,28,,,False,0
1205,ژنراتور 20KW,211621,,,,سیم پیچی,,,206,29,2019-01-26 00:00:00.000,2019-01-15 00:00:00.000,,,,106,28,,,False,0
1206,ژنراتور 20KW,211402,,,,سیم پیچی,,,207,29,2019-01-27 00:00:00.000,2019-01-15 00:00:00.000,,,,106,28,,,False,0
1207,ژنراتور 20KW,211659,,,,سیم پیچی,,,208,29,2019-01-28 00:00:00.000,2019-01-15 00:00:00.000,,,,106,28,,,False,0
1208,ژنراتور 18KW,212076,,,,سیم پیچی,,,209,29,2019-01-29 00:00:00.000,2019-01-17 00:00:00.000,,,,106,28,,,False,0
1209,ژنراتور 18KW,212067,,,,سیم پیچی,,,210,29,2019-01-30 00:00:00.000,2019-01-17 00:00:00.000,,,,106,28,,,False,0
1210,ژنراتور 20KW,211945,,,,سیم پیچی,,,211,29,2019-01-31 00:00:00.000,2019-01-17 00:00:00.000,,,,106,28,,,False,0
1211,ژنراتور 20KW,211104,,,,سیم پیچی,,,212,29,2019-02-01 00:00:00.000,2019-01-17 00:00:00.000,,,,106,28,,,False,0
1212,ژنراتور 20KW,211300,,,,سیم پیچی,,,213,29,2019-02-02 00:00:00.000,2019-01-17 00:00:00.000,,,,106,28,,,False,0
1213,ژنراتور 20KW,211665,,,,سیم پیچی,,,214,29,2019-02-03 00:00:00.000,2019-01-17 00:00:00.000,,,,106,28,,,False,0
1214,ژنراتور 20KW,211554,,,,سیم پیچی,,,215,29,2019-02-04 00:00:00.000,2019-01-17 00:00:00.000,,,,106,28,,,False,0
1215,ژنراتور 20KW,211314,,,,سیم پیچی,,,216,29,2019-02-05 00:00:00.000,2019-01-17 00:00:00.000,,,,106,28,,,False,0
1216,ژنراتور 18KW,212511,,,,سیم پیچی,,,217,29,2019-02-06 00:00:00.000,2019-01-30 00:00:00.000,,,,106,28,,,False,0
1217,ژنراتور 20KW,211452,,,,سیم پیچی,,,218,29,2019-02-07 00:00:00.000,2019-01-30 00:00:00.000,,,,106,28,,,False,0
1218,ژنراتور 20KW,211473,,,,سیم پیچی,,,219,29,2019-02-08 00:00:00.000,2019-01-30 00:00:00.000,,,,106,28,,,False,0
1219,ژنراتور 20KW,211143,,,,سیم پیچی,,,220,29,2019-02-09 00:00:00.000,2019-01-30 00:00:00.000,,,,106,28,,,False,0
1220,ژنراتور 20KW,211186,,,,سیم پیچی,,,221,29,2019-02-10 00:00:00.000,2019-01-30 00:00:00.000,,,,106,28,,,False,0
1221,ژنراتور 20KW,211332,,,,سیم پیچی,,,222,29,2019-02-11 00:00:00.000,2019-01-30 00:00:00.000,,,,106,28,,,False,0
1222,ژنراتور 20KW,211019,,,,سیم پیچی,,,223,29,2019-02-12 00:00:00.000,2019-01-30 00:00:00.000,,,,106,28,,,False,0
1223,استاتور 200KW,,,,,اورهال,,,224,35,2019-02-19 00:00:00.000,2019-01-30 00:00:00.000,,,,,,,,False,
1224,ژنراتور 18KW,212191,,,,سیم پیچی,,,225,29,2019-08-16 00:00:00.000,2019-02-12 00:00:00.000,,,,106,28,,,False,0
1225,ژنراتور 20KW,212181,,,,سیم پیچی,,,226,29,2019-08-16 00:00:00.000,2019-02-12 00:00:00.000,,,,106,28,,,False,0
1254,فن 60W 0/35A 220V,,,,,سیم پیچی,,,255,40,2019-06-20 00:00:00.000,2019-05-16 00:00:00.000,,,,,,,,False,
1255,فن 60W 0/35A 220V,,,,,سیم پیچی,,,256,40,2019-06-20 00:00:00.000,2019-05-16 00:00:00.000,,,,,,,,False,
1256,فن 60W 0/35A 220V,,,,,سیم پیچی,,,257,40,2019-06-20 00:00:00.000,2019-05-16 00:00:00.000,,,,,,,,False,
1257,فن 60W 0/35A 220V,,,,,سیم پیچی,,,258,40,2019-06-20 00:00:00.000,2019-05-16 00:00:00.000,,,,,,,,False,
1258,فن 60W 0/35A 220V,,,,,سیم پیچی,,,259,40,2019-06-20 00:00:00.000,2019-05-16 00:00:00.000,,,,,,,,False,
1259,فن 60W 0/35A 220V,,,,,سیم پیچی,,,260,40,2019-06-20 00:00:00.000,2019-05-16 00:00:00.000,,,,,,,,False,
1260,فن 60W 0/35A 220V,,,,,سیم پیچی,,,261,40,2019-06-20 00:00:00.000,2019-05-16 00:00:00.000,,,,,,,,False,
1261,فن 60W 0/35A 220V,,,,,سیم پیچی,,,262,40,2019-06-20 00:00:00.000,2019-05-16 00:00:00.000,,,,,,,,False,
1262,الکتروموتور DC,,,,,سیم پیچی,,,263,25,2019-06-30 00:00:00.000,2019-05-18 00:00:00.000,,,,,,,,False,
1263,آرمیچر تردمیل,,,,,سیم پیچی,,,264,11,2019-07-01 00:00:00.000,2019-05-19 00:00:00.000,,,,,,,,False,
1264,آرمیچر DC,,,,,سیم پیچی,,,265,41,2019-07-11 00:00:00.000,2019-05-23 00:00:00.000,,,,,,,,False,
1265,الکتروموتور 630KW DC,,,,,اورهال,,,266,42,2019-06-03 00:00:00.000,2019-05-29 00:00:00.000,,,,,,,,False,
1266,استاتور 165KW,,,,,سیم پیچی,,,267,24,2019-08-01 00:00:00.000,2019-06-03 00:00:00.000,,,,106,28,,,False,0
1267,الکتروموتور 40KW DC,,,,,اورهال,,,268,43,2019-06-30 00:00:00.000,2019-06-16 00:00:00.000,,,,,,,,False,
1268,موتور جوش ,,,,,اورهال,,,269,44,2019-06-26 00:00:00.000,2019-06-17 00:00:00.000,,,,,,,,False,
1269,موتور 200KW اکسیژن,,,,,اورهال,,,270,33,2019-07-06 00:00:00.000,2019-06-22 00:00:00.000,,,,,,,,False,
1270,موتور 200KW اکسیژن,,,,,اورهال,,,271,33,2021-07-17 00:00:00.000,2019-06-22 00:00:00.000,,,,,,,,False,
1271,ژنراتور 20KW,211917,,,,سیم پیچی,,,272,29,2019-08-16 00:00:00.000,2019-06-27 00:00:00.000,,,,106,28,,,False,0
1272,ژنراتور 20KW,211182,,,,سیم پیچی,,,273,29,2019-08-16 00:00:00.000,2019-06-27 00:00:00.000,,,,106,28,,,False,0
1273,ژنراتور 20KW,211372,,,,سیم پیچی,,,274,29,2019-08-16 00:00:00.000,2019-06-27 00:00:00.000,,,,106,28,,,False,0
1274,الکتروموتور 22KW,,,,,سیم پیچی,,,275,45,2019-07-03 00:00:00.000,2019-06-29 00:00:00.000,,,,,,,,False,
1275,ژنراتور 18KW,212051,,,,سیم پیچی,,,276,29,2019-08-16 00:00:00.000,2019-06-30 00:00:00.000,,,,106,28,,,False,0
1276,ژنراتور 20KW,211297,,,,سیم پیچی,,,277,29,2019-08-16 00:00:00.000,2019-06-30 00:00:00.000,,,,106,28,,,False,0
1277,ژنراتور 18KW,212026,,,,سیم پیچی,,,278,29,2019-08-16 00:00:00.000,2019-06-30 00:00:00.000,,,,106,28,,,False,0
1278,ژنراتور 20KW,211215,,,,سیم پیچی,,,279,29,2019-08-16 00:00:00.000,2019-06-30 00:00:00.000,,,,106,28,,,False,0
1279,ژنراتور 20KW,211375,,,,سیم پیچی,,,280,29,2019-08-16 00:00:00.000,2019-06-30 00:00:00.000,,,,106,28,,,False,0
1280,ژنراتور 20KW,211129,,,,سیم پیچی,,,281,29,2019-08-16 00:00:00.000,2019-06-30 00:00:00.000,,,,106,28,,,False,0
1281,ژنراتور 20KW,211551,,,,سیم پیچی,,,282,29,2019-08-16 00:00:00.000,2019-06-30 00:00:00.000,,,,106,28,,,False,0
1282,ژنراتور 20KW,211596,,,,سیم پیچی,,,283,29,2019-08-16 00:00:00.000,2019-07-02 00:00:00.000,,,,106,28,,,False,0
1310,ژنراتور 18KW,,,,,سیم پیچی,,,311,29,2019-08-16 00:00:00.000,2019-07-22 00:00:00.000,,,,,,,,False,
1311,ژنراتور 20KW,,,,,سیم پیچی,,,312,29,2019-08-16 00:00:00.000,2019-07-22 00:00:00.000,,,,,,,,False,
1312,ژنراتور 20KW,,,,,سیم پیچی,,,313,29,2019-08-16 00:00:00.000,2019-07-25 00:00:00.000,,,,,,,,False,
1313,ژنراتور 20KW,,,,,سیم پیچی,,,314,29,2019-08-16 00:00:00.000,2019-07-25 00:00:00.000,,,,,,,,False,
1314,ژنراتور 20KW,,,,,سیم پیچی,,,315,29,2019-08-16 00:00:00.000,2019-07-25 00:00:00.000,,,,,,,,False,
1315,ژنراتور 18KW,,,,,سیم پیچی,,,316,29,2019-08-16 00:00:00.000,2019-08-04 00:00:00.000,,,,,,,,False,
1316,ژنراتور 18KW,,,,,سیم پیچی,,,317,29,2019-08-16 00:00:00.000,2019-08-04 00:00:00.000,,,,,,,,False,
1317,ژنراتور 18KW,,,,,سیم پیچی,,,318,29,2019-08-16 00:00:00.000,2019-08-04 00:00:00.000,,,,,,,,False,
1318,ژنراتور 20KW,,,,,سیم پیچی,,,319,29,2019-08-16 00:00:00.000,2019-08-04 00:00:00.000,,,,,,,,False,
1319,ترانس 50KVA,,,,,اورهال,,,320,51,2019-12-30 00:00:00.000,2019-08-28 00:00:00.000,,,,,,,,False,
1320,ترانس 50KVA,,,,,اورهال,,,321,51,2019-12-30 00:00:00.000,2019-08-28 00:00:00.000,,,,,,,,False,
1321,ترانس 50KVA,,,,,اورهال,,,322,51,2020-12-29 00:00:00.000,2019-08-28 00:00:00.000,,,,,,,,False,
1322,ترانس 100KVA,,,,,سیم پیچی,,,323,51,2019-12-30 00:00:00.000,2019-08-28 00:00:00.000,,,,,,,,False,
1323,الکتروموتور 30KW DC,,,,,سیم پیچی,,,324,52,2019-11-11 00:00:00.000,2019-09-11 00:00:00.000,,,,,,,,False,
1324,الکتروموتور ABB 250KW,,,,,اورهال,,,325,39,2019-09-18 00:00:00.000,2019-09-16 00:00:00.000,,,,,,,,False,
1325,الکتروموتور ABB 250KW,,,,,سیم پیچی,,,326,39,2020-05-19 00:00:00.000,2019-09-16 00:00:00.000,,,,,,,,False,
1326,آرمیچر 18KW,,,,,سیم پیچی,,,327,53,2020-01-18 00:00:00.000,2019-09-17 00:00:00.000,,,,,,,,False,
1327,قطب رتور کمکی,,,,,سیم پیچی,,,328,53,2019-12-24 00:00:00.000,2019-09-17 00:00:00.000,,,,,,,,False,
1328,قطب رتور کمکی,,,,,سیم پیچی,,,329,53,2019-10-17 00:00:00.000,2019-09-17 00:00:00.000,,,,,,,,False,
1329,قطب رتور کمکی,,,,,سیم پیچی,,,330,53,2019-10-17 00:00:00.000,2019-09-17 00:00:00.000,,,,,,,,False,
1330,قطب رتور کمکی,,,,,سیم پیچی,,,331,53,2019-12-24 00:00:00.000,2019-09-17 00:00:00.000,,,,,,,,False,
1331,قطب رتور کمکی,,,,,سیم پیچی,,,332,53,2019-11-16 00:00:00.000,2019-09-17 00:00:00.000,,,,,,,,False,
1332,قطب رتور اصلی,,,,,سیم پیچی,,,333,53,2019-11-16 00:00:00.000,2019-09-17 00:00:00.000,,,,,,,,False,
1333,قطب رتور اصلی,,,,,سیم پیچی,,,334,53,2022-02-19 00:00:00.000,2019-09-17 00:00:00.000,,,2019-11-16,,,,,False,
1334,استاتور فن آب,,,,,سیم پیچی,,,335,53,2019-10-17 00:00:00.000,2019-09-17 00:00:00.000,,,,,,,,False,
1335,استاتور فن آب,,,,,سیم پیچی,,,336,53,2019-10-17 00:00:00.000,2019-09-17 00:00:00.000,,,,,,,,False,
1336,استاتور فن آب,,,,,سیم پیچی,,,337,53,2019-10-17 00:00:00.000,2019-09-17 00:00:00.000,,,,,,,,False,
1337,الکتروموتور 315KW,,,,,اورهال,,,338,39,2019-10-07 00:00:00.000,2019-10-06 00:00:00.000,,,,,,,,False,
1338,دستگاه جوش CO2,,,,,اورهال,,,339,44,2019-11-16 00:00:00.000,2019-10-06 00:00:00.000,,,,,,,,False,
1339,دینام جوش,,,,,اورهال,,,340,44,2019-11-16 00:00:00.000,2019-10-06 00:00:00.000,,,,,,,,False,
2587,الکتروموتور آرمیچر 93.1kw-1920rpm-221A-460V,,,789,,سیم پیچی,,,11591,13,2026-05-09 00:00:00.000,2026-04-06 00:00:00.000,,,,106,28,2026-04-08 17:41:12.753,,True,5
2588,استاتور آلستوم,0088,,792,,سیم پیچی,,,11592,58,2026-05-09 00:00:00.000,2026-04-07 00:00:00.000,,,,106,28,2026-04-08 17:41:45.943,,True,5
2589,استاتور آلستوم,0557,,795,,سیم پیچی,,,11593,58,2026-05-28 00:00:00.000,2026-04-07 00:00:00.000,,,,106,28,2026-04-08 17:42:32.390,,True,5
2590,استاتور آلستوم,0543,,795,,سیم پیچی,,,12591,58,2026-05-28 00:00:00.000,2026-04-11 00:00:00.000,,,,106,28,2026-04-16 08:08:52.480,,True,5
2591,استاتور آلستوم,0160,,796,,سیم پیچی,,,12592,58,2026-05-31 00:00:00.000,2026-04-11 00:00:00.000,,,,106,28,2026-04-16 08:09:39.630,,True,5
2592,الکتروموتور 45kw-1470rPM-142.8/82.7A-220∆/380¥,,,784-785,,سیم پیچی,,,12593,145,2026-04-16 00:00:00.000,2026-04-12 00:00:00.000,,,,106,28,2026-04-16 08:10:56.163,,True,5
2593,الکتروموتور 45kw-14700rpm-142.8/82.7A-220/380V,,,784-785,,سیم پیچی,,,12594,145,2026-04-21 00:00:00.000,2026-04-12 00:00:00.000,,,,106,28,2026-04-16 08:11:47.806,,True,5
2594,الکتروموتور DC,,,,,عودت,,,12595,4211,2026-04-15 00:00:00.000,2026-04-13 00:00:00.000,,,,106,28,2026-04-16 08:13:19.773,,True,6
2595,الکتروموتور 22KW-1400RPM,,,790-791,,سیم پیچی,,,12596,54,2026-05-13 00:00:00.000,2026-04-15 00:00:00.000,,,,106,28,2026-04-16 08:14:08.680,,True,5
2596,الکتروموتور 4KW-800RPM-80V,,,790-791,,سیم پیچی,,,12597,54,2026-05-13 00:00:00.000,2026-04-15 00:00:00.000,,,,106,28,2026-04-16 08:16:54.403,,True,5
2597,الکتروموتور 5.5 تن,,,790-791,,سیم پیچی,,,12598,54,2026-05-13 00:00:00.000,2026-04-15 00:00:00.000,,,,106,28,2026-04-16 08:17:26.433,,True,5
2598,آرمیچر 5.5 تن ,,,,,,,,12599,4212,,2026-04-19 00:00:00.000,,,,69,29,2026-04-20 11:07:57.433,,True,0
2599,استاتور آلستوم,0181,,797,,سیم پیچی,,,12600,58,2026-06-04 00:00:00.000,2026-04-23 00:00:00.000,,,,106,28,2026-04-25 10:52:02.050,,True,5
2600,استاتور آلستوم ,668,,796,,سیم پیچی,,,12601,58,2026-05-31 00:00:00.000,2026-04-23 00:00:00.000,,,,106,28,2026-04-25 10:52:37.643,,True,5
2601,استاتور اکسیژن 315kw,,,2910,,اورهال ,,,12602,4213,2026-05-02 00:00:00.000,2026-04-26 00:00:00.000,,,,106,28,2026-04-30 12:32:41.450,,True,8
2602,الکتروموتور 45KW--1471RPM-82A-400V,,,794,,سیم پیچی,,,13602,4210,2026-05-14 00:00:00.000,2026-05-06 00:00:00.000,,,,106,28,2026-05-11 13:24:25.283,,True,5
2603,استاتور آلستوم ,693,,,,,,,13603,58,,2026-05-07 00:00:00.000,,,,69,29,2026-05-11 16:07:05.060,,True,0
2604,استاتور آلستوم ,V3   703,,,,,,ارسالی از الوند ژنراتور,13604,58,,2026-05-07 00:00:00.000,,,,106,28,2026-05-11 16:07:48.553,,True,0
2605,روتور آلستوم ,,,,,,,ارسالی از الوند ژنراتور,13605,58,,2026-05-07 00:00:00.000,,,,106,28,2026-05-11 16:08:22.853,,True,0
2606,روتور آلستوم ,509,,,,,,ارسالی از الوند ژنراتور,13606,58,,2026-05-07 00:00:00.000,,,,106,28,2026-05-11 16:08:55.620,,True,0
2607,استاتور آلستوم ,0314,,,,,,,13607,58,,2026-05-09 00:00:00.000,,,,69,29,2026-05-11 16:09:33.290,,True,0
2608,استاتور آلستوم ,0508,,,,,,,13608,58,,2026-05-09 00:00:00.000,,,,69,29,2026-05-11 16:10:12.483,,True,0
2609,آرمیچر 4.5 تن ,,,,,سیم پیچی,,تهاتر با استاتور به شماره 2612,13609,55,2026-06-03 00:00:00.000,2026-05-17 00:00:00.000,,,,106,28,2026-05-19 17:11:26.350,,True,1
2610,استاتور اکسیژن 200KW-500RPM-365A-380V,,,3179,,رفع اتصال موضعی,,,13610,19,2026-06-28 00:00:00.000,2026-05-17 00:00:00.000,,,,106,28,2026-05-19 17:13:11.016,,True,8
2558,استاتور الستوم ,0485,,766,,سیم پیچی,,,9577,58,2026-03-13 00:00:00.000,2026-02-12 00:00:00.000,,,,106,28,2026-02-14 10:54:54.280,,True,5
2559,ارمیچر 5.5 تن ,,,,,سیم پیچی,,,9578,3207,2026-03-12 00:00:00.000,2026-02-12 00:00:00.000,,,,106,28,2026-02-14 10:56:24.420,,True,1
2560,ارمیچر 5.5 تن ,,,,,سیم پیچی,,,9579,3207,2026-03-12 00:00:00.000,2026-02-12 00:00:00.000,,,,106,28,2026-02-14 10:56:47.610,,True,1
2561,الکتروموتور 250kw-1485rpm-6300V,,,817,,سیم پیچی استاتور,,,9580,140,2026-05-23 00:00:00.000,2026-02-12 00:00:00.000,,,,106,28,2026-02-15 08:52:24.950,,True,5
2562,استاتور (160KW-75 ) (750-375RPM)(308-240A),,,,,اورهال,,,9581,3208,,2026-02-19 00:00:00.000,,,,106,28,2026-02-21 11:25:23.973,,True,0
2563,موتور لیفتراک ,,,782,,اصلاح جاذغالی,,,10581,113,2026-05-10 00:00:00.000,2026-02-25 00:00:00.000,,,,106,28,2026-02-28 15:28:03.243,,True,5
2564,موتور لیفتراک ,,,782,,اصلاح جاذغالی,,,10582,113,2026-05-10 00:00:00.000,2026-02-25 00:00:00.000,,,,106,28,2026-02-28 15:29:14.436,,True,5
2565,روتور قفسی,,,793,,ساخت شفت,,فاکتور 778 باطل گردید,10583,4208,2026-04-06 00:00:00.000,2026-02-26 00:00:00.000,,,,106,28,2026-02-28 15:30:16.816,,True,5
2566,روتور قفسی,,,793,,ساخت شفت,,فاکتور 778 باطل گردید,10584,4208,2026-04-06 00:00:00.000,2026-02-26 00:00:00.000,,,,106,28,2026-02-28 15:30:47.273,,True,5
2567,روتور قفسی,,,793,,ساخت شفت,,فاکتور 778 باطل گردید,10585,4208,2026-04-06 00:00:00.000,2026-02-26 00:00:00.000,,,,106,28,2026-02-28 15:31:15.030,,True,5
2568,روتور قفسی ,,,793,,ساخت شفت,,فاکتور 778 باطل گردید,10586,4208,2026-04-06 00:00:00.000,2026-02-26 00:00:00.000,,,,106,28,2026-03-06 12:42:40.476,,True,5
2569,آرمیچر 5.5تن,,,,,ساخت,,,10587,54,,2026-02-28 00:00:00.000,,,,106,28,2026-03-06 12:43:56.203,,True,0
2570,آرمیچر 4.5 تن,,,,,ساخت,,,10588,54,,2026-02-28 00:00:00.000,,,,106,28,2026-03-06 12:44:30.930,,True,0
2571,قطب کمکی و قطب اصلی,,,,,بازسازی قطب,,4 عدد قطب کمکی به همراه هسته و 4 عدد قطب اصلی به همراه هسته,10589,142,2026-07-12 00:00:00.000,2026-02-28 00:00:00.000,,,,106,28,2026-03-06 12:48:59.016,,True,0
2572,ساخت قطب کمکی 6 عدد 5.5 تن ,,,760-761,,ساخت,,,10590,54,2026-03-07 00:00:00.000,2026-02-28 00:00:00.000,,,,106,28,2026-03-08 09:57:31.963,,True,5
2573,استاتور آلستوم ,0369,,787,,سیم پیچی,,,10591,58,2026-04-07 00:00:00.000,2026-03-06 00:00:00.000,,,,106,28,2026-03-08 09:58:24.930,,True,5
2574,استاتور الستوم ,0287,,787,,سیم پیچی,,,10592,58,2026-04-23 00:00:00.000,2026-03-06 00:00:00.000,,,,106,28,2026-03-08 09:59:24.163,,True,5
2575,استاتور آلستوم,0585,,787,,سیم پیچی,,,10593,58,2026-04-23 00:00:00.000,2026-03-16 00:00:00.000,,,,106,28,2026-03-18 14:31:56.823,,True,5
2576,استاتور آلستوم,0533,,792,,سیم پیچی,,,10594,58,2026-05-09 00:00:00.000,2026-03-16 00:00:00.000,,,,106,28,2026-03-18 14:32:29.300,,True,5
2577,الکتروموتور  ( استاتور  ) 400KW-47.5A-6KV-750RPM,,,788,,اصلاح شفت و بالانس,,,10595,68,2026-05-06 00:00:00.000,2026-03-14 00:00:00.000,,,,106,28,2026-03-18 14:33:32.760,,True,5
2578,الکتروموتور 75KW-230/138A-220/380V-2950RPM,,,,,عودت,,,10596,68,2026-05-06 00:00:00.000,2026-03-14 00:00:00.000,,,,106,28,2026-03-18 14:35:53.520,,True,6
2579,الکتروموتور گیربکسی 7.5KW-15.6A-380V-1400RPM,,,786,,سیم پیچی,,,10597,152,2026-04-18 00:00:00.000,2026-03-14 00:00:00.000,,,,106,28,2026-03-18 14:36:57.503,,True,5
2580,استاتور آلستوم,0261,,812,,سیم پیچی,,فاکتور 804 باطل گردید و 812 صادر شد,10598,58,2026-06-28 00:00:00.000,2026-03-16 00:00:00.000,,,,106,28,2026-03-18 14:38:49.620,,True,5
2581,استاتور آلستوم,643,,,,,,,10599,58,2026-08-08 00:00:00.000,2026-03-16 00:00:00.000,,,,106,28,2026-03-18 14:39:29.346,,True,0
2582,استاتور آلستوم,0232,,,,,,,10600,58,,2026-03-16 00:00:00.000,,,,106,28,2026-03-18 14:40:49.196,,True,0
2583,استاتور آلستوم,0034,,,,,,,10601,58,2026-08-08 00:00:00.000,2026-03-16 00:00:00.000,,,,106,28,2026-03-18 14:41:19.086,,True,0
2584,استاتور آلستوم,0470,,,,,,از همیار موتور وارد شرکت گردید کد دستی 0272 بود که پیرو هماهنگی با مهندس بهمرز به 0470 تغییر یافت,10602,58,,2026-03-16 00:00:00.000,,,,106,28,2026-03-18 14:41:59.813,,True,0
2585,استاتور آلستوم,0103,,808,,سیم پیچی,,فاقد پلاک بوده است و بصورت دستی وارد شده 0396 بوده کد حک شده روی پوسته 103 بوده است پوسته خالی از همیار موتور دریافت شده ,10603,58,2026-07-16 00:00:00.000,2026-03-16 00:00:00.000,,,,106,28,2026-03-18 14:42:29.293,,True,5
2586,استاتور آلستوم,0257,,,,,,,10604,58,,2026-03-16 00:00:00.000,,,,106,28,2026-03-18 14:42:59.226,,True,0
1188,ghjgh,,,,,,,,11590,139,,2026-04-05 00:00:00.000,,,,106,28,2026-04-05 14:48:44.876,,True,0
2453,الکتروموتور 4kw ,,,700,رسمی,سیم پیچی,,,1507,145,2025-09-21 00:00:00.000,2025-09-18 00:00:00.000,,,,,,,,False,5
2454,الکتروموتور 55KW-2965RPM,,,,,سیم پیچی,,,1508,197,2025-09-25 00:00:00.000,2025-09-20 00:00:00.000,,,,,,,,False,
2455,استاتور آلستوم,0167,,713,رسمی,سیم پیچی / سیم پیچی موضعی,,,1509,58,2025-11-01 00:00:00.000,2025-09-22 00:00:00.000,,,,106,28,,,False,5
2456,استاتور اکسیژن طباطبایی 300KW,,,705,رسمی,اورهال,,,1510,19,2025-10-16 00:00:00.000,2025-09-15 00:00:00.000,,,,,,,,False,5
RE1/2454,الکتروموتور 55KW-2965RPM,,,,,برگشتی,,,1511,197,2025-10-04 00:00:00.000,2025-09-27 00:00:00.000,,,,106,28,,,False,3
2457,الکتروموتور 22KW-1500RPM,,,706,رسمی,سیم  پیچی,,,1512,118,2025-10-29 00:00:00.000,2025-09-28 00:00:00.000,,,,,,,,False,5
RE1/2453,الکتروموتور 2.2kw ,,,,,برگشتی,,,1513,145,2025-10-02 00:00:00.000,2025-09-30 00:00:00.000,,,,106,28,,,False,3
2458,استاتور آلستوم,0660,,735,,سیم پیچی / سیم پیچی موضعی,,,1514,58,2025-12-23 00:00:00.000,2025-10-04 00:00:00.000,,,,106,28,,,False,5
2459,استاتور آلستوم,0016,,713,رسمی,سیم پیچی / سیم پیچی موضعی,,,1515,58,2025-10-26 00:00:00.000,2025-10-04 00:00:00.000,,,,106,28,,,False,5
2460,الکتروموتور 42KW-2760RPM,,,399,غیر رسمی,سیم  پیچی,,,1516,150,2025-10-08 00:00:00.000,2025-10-06 00:00:00.000,,,,106,28,,,False,8
RE2/2408,آرمیچر لیفتراک ,,,,,برگشتی,,,1517,113,2025-10-26 00:00:00.000,2025-10-06 00:00:00.000,,,,106,28,,,False,3
2461,ترانس 8500 VA,,,711,رسمی,سیم  پیچی,,,1518,152,2025-10-14 00:00:00.000,2025-10-11 00:00:00.000,,,,,,,,False,5
2462,ترانس تک فاز ,,,726,,سیم  پیچی,,,1519,200,2025-11-30 00:00:00.000,2025-10-11 00:00:00.000,,,,106,28,,,False,5
2463,الکتروموتور گیریبکسی 4KW,,,743,,سیم  پیچی,,,1520,118,2025-12-08 00:00:00.000,2025-10-11 00:00:00.000,,,,106,28,,,False,5
2464,الکتروموتور 1.04kw-3000rpm,,,,,عودت,,,1521,13,2026-01-08 00:00:00.000,2025-10-15 00:00:00.000,,,,106,28,,,False,6
2465,الکتروموتور CD  مگنت دائم1.04KW-10.02A-163V-3000RPM,,,,,سیم  پیچی,,,1522,13,,2025-10-15 00:00:00.000,,,,106,28,,2026-01-14 00:00:00.000,False,0
RE2/2454,الکتروموتور 55KW-2965RPM,,,,,برگشتی,,,1523,197,2025-11-03 00:00:00.000,2025-10-15 00:00:00.000,,,,106,28,,,False,3
2466,الکتروموتور 1.5KW,,,3175,غیر رسمی,سیم  پیچی,,,1524,104,2025-10-22 00:00:00.000,2025-10-19 00:00:00.000,,,,,,,,False,8
2467,الکتروموتور 15kw,,,722-723,رسمی,سیم پیچی,,716-717 باطل شد,1525,54,2025-11-10 00:00:00.000,2025-10-25 00:00:00.000,,,,106,28,,,False,5
2468,الکتروموتور 30kw-1470RPM,,,724-725,,سیم پیچی,,,1526,54,2025-12-01 00:00:00.000,2025-10-25 00:00:00.000,,,,106,28,,,False,5
2469,الکتروموتور 22KW AC,,,722-723,رسمی,سیم پیچی,,716-717 باطل شد,1527,54,2025-11-10 00:00:00.000,2025-10-25 00:00:00.000,,,,106,28,,,False,5
2470,الکتروموتور 90KW-1500RPM ,,,719,,سیم  پیچی,,,1528,152,2025-11-22 00:00:00.000,2025-10-25 00:00:00.000,,,,106,28,,,False,5
2471,الکتروموتور  15KW-3000RPM,,,739,,سیم  پیچی,,,1529,145,2026-01-18 00:00:00.000,2025-10-26 00:00:00.000,,,,106,28,,,False,5
2472,الکتروموتور 11KW3000RPM,,,739,,سیم  پیچی,,,1530,145,2025-11-09 00:00:00.000,2025-10-26 00:00:00.000,,,,106,28,,,False,5
2473,استاتور اکسیژن 200KW,,,,,اورهال,,,1531,189,2026-05-05 00:00:00.000,2025-10-29 00:00:00.000,,,,106,28,,,False,8
2412,چرخ گوشت صنعتی ,,,,,تهاتر با مطالبات,,,1463,104,2025-08-09 00:00:00.000,2025-08-02 00:00:00.000,,,,106,28,,,False,1
2413,استاتور اکسیژن 200kw-750rpm,,,705,رسمی,تعویض عایق بدنه,,,1464,19,2025-10-16 00:00:00.000,2025-08-03 00:00:00.000,,,,,,,,False,5
2414,استاتور اکسیژن 200kw-750rpm,,,705,رسمی,اورهال ,,,1465,19,2025-09-09 00:00:00.000,2025-08-03 00:00:00.000,,,,,,,,False,5
2415,استاتور آلستوم,0299,,687,رسمی,سیم پیچی / سیم پیچی موضعی,,,1466,58,2025-08-23 00:00:00.000,2025-08-03 00:00:00.000,,,,106,28,,,False,5
2416,استاتور آلستوم,0401,,713,رسمی,سیم پیچی / سیم پیچی موضعی,,فاکتور 704 باطل گردید,1467,58,2025-10-04 00:00:00.000,2025-08-03 00:00:00.000,,,,106,28,,,False,5
2417,استاتور آلستوم,0530,,699,رسمی,سیم پیچی / سیم پیچی موضعی,,,1468,58,2025-09-27 00:00:00.000,2025-08-03 00:00:00.000,,,,106,28,,,False,5
2418,استاتور آلستوم,0458,,691,رسمی,سیم پیچی / سیم پیچی موضعی,,,1469,58,2025-09-04 00:00:00.000,2025-08-03 00:00:00.000,,,,106,28,,,False,5
2419,استاتور آلستوم,0517,,694,رسمی,سیم پیچی / سیم پیچی موضعی,,,1470,58,2025-09-13 00:00:00.000,2025-08-03 00:00:00.000,,,,106,28,,,False,5
2420,استاتور آلستوم,0696,,694,رسمی,سیم پیچی / سیم پیچی موضعی,,,1471,58,2025-09-13 00:00:00.000,2025-08-03 00:00:00.000,,,,106,28,,,False,5
2421,استاتور آلستوم,0248,,702,رسمی,سیم پیچی / سیم پیچی موضعی,,,1472,58,2025-09-27 00:00:00.000,2025-08-03 00:00:00.000,,,,106,28,,,False,5
2422,استاتور آلستوم,0176,,699,رسمی,سیم پیچی / سیم پیچی موضعی,,,1473,58,2025-09-22 00:00:00.000,2025-08-03 00:00:00.000,,,,106,28,,,False,5
2423,استاتور آلستوم,0486,,702,رسمی,سیم پیچی / سیم پیچی موضعی,,,1474,58,2025-09-27 00:00:00.000,2025-08-03 00:00:00.000,,,,106,28,,,False,5
2424,استاتور آلستوم,0029,,687,رسمی,سیم پیچی / سیم پیچی موضعی,,,1475,58,2025-08-23 00:00:00.000,2025-08-03 00:00:00.000,,,,106,28,,,False,5
2425,تراکشن آلستوم کامل,0222,,691,رسمی,سیم پیچی / سیم پیچی موضعی,,رتور  در شرکت موجود میباشد,1476,58,2025-09-04 00:00:00.000,2025-08-03 00:00:00.000,,,,106,28,,,False,5
2426,استاتور آلستوم,0709,,713,رسمی,سیم پیچی / سیم پیچی موضعی,,,1477,58,2025-11-04 00:00:00.000,2025-08-03 00:00:00.000,,,,106,28,,,False,5
2427,استاتور اکسیژن 200kw-750rpm,,,4398,غیر رسمی,رفع اتصال موضعی,,,1478,66,2025-09-27 00:00:00.000,2025-08-04 00:00:00.000,,,,,,,,False,8
2428,ترانس گان هوایی 100KVA,,,678/679,رسمی,سیم پیچی,,,1479,22,2025-08-10 00:00:00.000,2025-08-07 00:00:00.000,,,,106,28,,,False,5
2429,آرمیچر معدن ,,,722-723,رسمی,سیم پیچی,,716-717 باطل شد,1480,54,2025-11-10 00:00:00.000,2025-08-11 00:00:00.000,,,,106,28,,,False,5
2430,آرمیچر معدن ,,,,,سیم پیچی,,,1481,5213,,2025-08-11 00:00:00.000,,,,106,28,,,False,0
2431,الکتروموتور 22kw- 1460rpm,,,697-698,رسمی,سیم پیچی,,,1482,54,2025-09-21 00:00:00.000,2025-08-11 00:00:00.000,,,,,,,,False,5
2432,الکتروموتور 22kw-1460rpm,,,685-686,رسمی,سیم پیچی,,,1483,54,2025-08-21 00:00:00.000,2025-08-11 00:00:00.000,,,,,,,,False,5
2116,الکتروموتور4.5تن,,,456-457,رسمی,سیم پیچی,مستخدمی,,1146,54,2024-03-04 00:00:00.000,2024-02-05 00:00:00.000,,2024-02-06,,,,,,False,5
2117,الکتروموتور4.5تن,,,456-457,رسمی,سیم پیچی,مستخدمی,,1147,54,2024-03-04 00:00:00.000,2024-02-05 00:00:00.000,,2024-02-06,,,,,,False,5
2118,"الکتروموتور7.5kw
ولتاژ380 ولت مثلث 
جریان15.5آمپر",,,452,رسمی,سیم پیچی,رحمت اللهی,,1148,107,2024-02-13 00:00:00.000,2024-02-05 00:00:00.000,2024-02-13,2024-02-06,,,,,,False,5
2119,نوردسیم وکپتون,,,,,نوار زدن سیم,,بابت تهاتر سیم ضایعات آرمیچر فاکتور نشد,1149,148,2024-02-12 00:00:00.000,2024-02-10 00:00:00.000,,,,106,28,,2025-12-18 00:00:00.000,False,1
2120,"الکتروموتور1250-1676کیلووات
ولتاژ 380-2591آمپر",,,485,رسمی,سیم پیچی,جوان,,1150,116,2024-06-01 00:00:00.000,2024-02-16 00:00:00.000,,2024-03-10,,,,,,False,5
2121,"الکتروموتور 1.5کیلووات 1400دور
380ولت",,,0823,غیر رسمی,سیم پیچی,رحمت اللهی,,1151,107,2024-03-03 00:00:00.000,2024-02-17 00:00:00.000,2024-02-24,,,,,,,False,8
2122,کلید اتومات,,,470,رسمی,اورهال,,,1152,96,2024-02-20 00:00:00.000,2024-02-13 00:00:00.000,,,,106,28,,,False,5
2123,الکتروموتور 90kw,,,0824,غیر رسمی,سیم پیپی,ریاحی,,1153,138,2024-03-09 00:00:00.000,2024-02-28 00:00:00.000,2024-05-12,2024-02-28,,,,,,False,8
2124,الکتروموتور شراک,,,462-466,رسمی,سیم پیچی,رحمت اللهی,,1154,151,2024-04-04 00:00:00.000,2024-02-28 00:00:00.000,,2024-04-13,,,,,,False,5
2125,الکتروموتور 75kw,,,0822,غیر رسمی,اورهال,,,1155,42,2024-03-01 00:00:00.000,2024-03-01 00:00:00.000,,,,106,28,,,False,8
2126,الکتروموتور 75kw,,,0822,غیر رسمی,اورهال,,,1156,42,2024-03-01 00:00:00.000,2024-03-01 00:00:00.000,,,,106,28,,,False,8
2127,الکتروموتور 1.5 kw,,,826,غیر رسمی,سیم پیچی,شاکری,,1157,107,2024-03-18 00:00:00.000,2024-03-03 00:00:00.000,,,,106,28,,,False,8
2128,الکتروموتور 4.5 تن,,,500-501,رسمی,سیم پیچی,ریاحی,,1158,54,2024-06-30 00:00:00.000,2024-03-04 00:00:00.000,,2024-03-05,,,,,,False,5
2129,الکتروموتور 4.5 تن,,,500-501,رسمی,سیم پیچی,جوان,,1159,54,2024-06-30 00:00:00.000,2024-03-04 00:00:00.000,,2024-03-05,,,,,,False,5
2130,الکتروموتور 4.5 تن,,,494-495,رسمی,سیم پیچی,ریاحی,,1160,54,2024-06-08 00:00:00.000,2024-03-04 00:00:00.000,,2024-03-10,,,,,,False,5
2131,الکتروموتور 4.5 تن,,,494-495,رسمی,سیم پیچی,ریاحی,,1161,54,2024-06-08 00:00:00.000,2024-03-04 00:00:00.000,,2024-03-10,,,,,,False,5
2132,آرمیچر 5.5 تن,,,650-650,رسمی,سیم پیچی,ریاحی,,1162,54,2025-05-20 00:00:00.000,2024-03-04 00:00:00.000,,2024-03-10,,,,,,False,5
2133,"ترانس v6000-11000
2000KVA",,415821,473,رسمی,اورهال -رفع اتصال,ناظری پور,فاکتور473 باطل شد,1163,147,2023-05-02 00:00:00.000,2024-03-02 00:00:00.000,,2024-03-12,,,,,,False,5
2134,ترانس 182 577A,,415821,2770,غیر رسمی,اورهال,ناظری پور,,1164,147,2023-05-02 00:00:00.000,2024-03-02 00:00:00.000,,2024-03-12,,,,,,False,8
2135,مگنت,,,510,رسمی,سیم پیچی,جوان,,1165,116,2024-08-07 00:00:00.000,2024-03-11 00:00:00.000,,2024-03-12,,,,,,False,5
2136,مگنت,,,510,رسمی,سیم پیچی,جوان,,1166,116,2024-08-07 00:00:00.000,2024-03-11 00:00:00.000,,2024-03-12,,,,,,False,5
2137,الکتروموتورdc 407kw,,,461,رسمی,اورهال,جوان,,1167,116,2024-03-18 00:00:00.000,2024-03-11 00:00:00.000,2024-05-12,2024-03-11,,,,,,False,5
2073,گان هوایی100kva,,,413-414,رسمی,سیم پیچی,,,1102,22,2023-11-02 00:00:00.000,2023-10-29 00:00:00.000,,,,,,,,False,5
2074,آرمیچر 5/5 تن,,,438,رسمی,سیم پیچی,گرزین,,1103,41,2024-01-14 00:00:00.000,2023-11-04 00:00:00.000,,2024-01-13,,,,,,False,5
2075,الکتروموتور7/5kw,,48576,410,رسمی,سیم پیچی کامل,,,1104,118,2023-11-29 00:00:00.000,2023-11-07 00:00:00.000,2024-05-23,,,,,,,False,5
2076,الکتروموتور413kw DC,,,419-420,رسمی,سرویس اورهال,شاکری,,1105,123,2023-11-27 00:00:00.000,2023-11-18 00:00:00.000,,2023-11-18,,,,,,False,5
2077,الکتروموتور 407KWDC,,,422,رسمی,سرویس اورهال,ناظری پور,,1106,116,2023-11-28 00:00:00.000,2023-11-18 00:00:00.000,,2023-11-18,,,,,,False,5
2078,الکتروموتور 1250KW,,,424,رسمی,سرویس اورهال,مستخدمی,,1107,116,2023-11-28 00:00:00.000,2023-11-18 00:00:00.000,,2023-11-18,,,,,,False,5
2079,کف کش 7.5KW,,,453,رسمی,سیم پیچی کامل,شاکری,,1108,116,2023-11-18 00:00:00.000,2023-11-18 00:00:00.000,,2023-11-19,,,,,,False,5
2080,ترانس تحریک اکسیژن,,48581,809,غیر رسمی,سرویس اورهال,شاکری,,1109,147,2023-12-14 00:00:00.000,2023-11-20 00:00:00.000,,2023-12-02,,,,,,False,8
2081,ترانس تحریک اکسیژن,,48581,809,غیر رسمی,سرویس اورهال,شاکری,,1110,147,2023-12-14 00:00:00.000,2023-11-20 00:00:00.000,,2023-12-02,,,,,,False,8
2082,ترانس تحریک اکسیژن,,48581,809,غیر رسمی,سرویس اورهال,شاکری,,1111,147,2023-12-14 00:00:00.000,2023-11-20 00:00:00.000,,2023-12-02,,,,,,False,8
2083,الکتروموتور 680kw DC,,,423,رسمی,سرویس اورهال,جوان,,1112,116,2023-11-28 00:00:00.000,2023-11-23 00:00:00.000,,2023-11-25,,,,,,False,5
2084,الکتروموتور 200kw DC,,,421,رسمی,سرویس اورهال,ریاحی,,1113,116,2023-11-28 00:00:00.000,2023-11-23 00:00:00.000,,2023-11-25,,,,,,False,5
2085,الکتروموتور160KW,,48582,427-428,رسمی,سیم پیچی,بیزهء,,1114,22,2023-12-16 00:00:00.000,2023-11-22 00:00:00.000,,2023-11-26,,,,,,False,5
2086,آرمیچر800KW DC,,,,,سیم پیچی,مستخدمی,سیم پیچ تخلیه شد آرمیچر خالی عودت داده شد,1115,148,2024-04-18 00:00:00.000,2023-11-27 00:00:00.000,,,,106,28,,,False,1
2087,آرمیچر800KW DC,,,,,سیم پیچی,مستخدمی,سیم پیچ تخلیه شد آرمیچر خحالی عودت داده شد,1116,148,2024-04-18 00:00:00.000,2023-11-27 00:00:00.000,,,,106,28,,,False,1
2088,جرثقیل دماگ 12/5kw,,48591,455-454,رسمی,سرویس اورهال,شاکری,,1117,22,2024-02-04 00:00:00.000,2023-12-02 00:00:00.000,,2023-12-02,,,,,,False,5
2089,جرثقیل دماگ  4kw,,,429,رسمی,سیم پیچی,شاکری,,1118,73,2023-12-23 00:00:00.000,2023-12-03 00:00:00.000,,2023-12-05,,,,,,False,5
2090,تعداد 53قطب رتورالکتروموتور315kw,,415805,839-840,غیر رسمی,سیم پیچی,بیزهء,فاکتور 474,1119,120,2025-04-09 00:00:00.000,2023-11-27 00:00:00.000,,2023-12-05,2024-06-09,,,,,False,8
2091,ترانس1600kva,,,426,رسمی,اورهال,,انجام کار توسط علی اسکندر نژاد,1120,140,2023-12-16 00:00:00.000,2023-12-09 00:00:00.000,,2023-12-09,2023-12-09,,,,,False,5
2092,الکتروموتور308kw,,48587,,,عودت,ناظری پور,,1121,143,2023-12-27 00:00:00.000,2023-12-19 00:00:00.000,,,,106,28,,,False,6
0,مگنت گرم,,48592,,,برگشتی,گرزین,,1122,109,2024-01-13 00:00:00.000,2023-12-23 00:00:00.000,,,,,,,,False,
2093,"الکتروموتور38kwو1450دور
5.6kwو215دور",,,441,رسمی,سیم پیچی فشار ضعیف,شاکری,,1123,96,2024-01-22 00:00:00.000,2023-12-24 00:00:00.000,2024-02-03,2023-12-24,,,,,,False,5
1904,آرمیچر 4/5 تن,,,,,عودت,,,919,105,2023-08-08 00:00:00.000,2022-07-24 00:00:00.000,,,,106,28,,,False,6
1905,الکتروموتور42kw,,,299-300,رسمی,سیم پیچی,,,920,123,2022-09-19 00:00:00.000,2022-07-24 00:00:00.000,,,,,,,,False,5
1906,الکتروموتور 7/5KW,,,287,رسمی,سیم پیچی,,,921,107,2022-08-14 00:00:00.000,2022-07-26 00:00:00.000,,,,,,,,False,5
1907,الکتروموتور 2.5kw,,,00233,غیر رسمی,سیم پیچی,,,922,119,2022-08-06 00:00:00.000,2022-07-27 00:00:00.000,,,,,,,,False,8
1908,الکتروموتورAC-DC,,,00240,غیر رسمی,سیم پیچی,بیزه,,923,8,2022-09-05 00:00:00.000,2022-08-02 00:00:00.000,,2022-08-28,,,,,,False,8
1909,استاتور آلستوم,049,,345,رسمی,سیم پیچی,بیزه,,924,58,2023-04-16 00:00:00.000,2022-08-03 00:00:00.000,,,,106,28,,,False,5
1910,استاتور آلستوم,0399,,345,رسمی,سیم پیچی,بیزه,,925,58,2023-04-16 00:00:00.000,2022-08-03 00:00:00.000,,,,106,28,,,False,5
1911,استاتور آلستوم,0128,,318,رسمی,سیم پیچی,تیموری,,926,58,2022-11-05 00:00:00.000,2022-08-03 00:00:00.000,,,,106,28,,,False,5
1912,استاتور آلستوم,0223,,319,رسمی,سیم پیچی ,بیزه,,927,58,2022-11-05 00:00:00.000,2022-08-03 00:00:00.000,,,,106,28,,,False,5
1913,استاتور4/5T DC با آرمیچر,,,313-314,رسمی,سیم پیچی,بناء,,928,54,2022-10-25 00:00:00.000,2022-08-03 00:00:00.000,,2022-10-12,,,,,,False,5
1914,استاتور4/5T DC بدون آرمیچر,,,342-343,رسمی,سیم پیچی+ساخت آرمیچر,بناء,,929,54,2023-02-09 00:00:00.000,2022-08-03 00:00:00.000,,2022-11-20,,,,,,False,5
1915,کلید شعله پوش,,,,,عودت,,,930,49,2022-09-11 00:00:00.000,2022-08-04 00:00:00.000,,,,106,28,,,False,6
0,37kw 1400دور ,,,,,برگشتی,,,931,50,2022-08-04 00:00:00.000,2022-07-31 00:00:00.000,,,,,,,,False,
1916,پمپ آب 1/5 KW,,,,,عودت,,,932,106,2022-09-01 00:00:00.000,2022-07-19 00:00:00.000,,,,106,28,,,False,6
1917,استاتور اکسیژن ,,,00235,غیر رسمی,اورهال,,,933,124,2022-08-06 00:00:00.000,2022-08-06 00:00:00.000,,,,,,,,False,8
1918,استاتور اکسیژن ,,,00235,غیر رسمی,اورهال,,,934,124,2022-08-06 00:00:00.000,2022-08-06 00:00:00.000,,,,,,,,False,8
1919,آرمیچر 4/5Tهمراه با استاتور,,,328-329,رسمی,سیم پیچی,ناظری پور,,935,68,2022-12-07 00:00:00.000,2022-08-12 00:00:00.000,,2022-08-13,,,,,,False,5
1920,آرمیچر4/5Tهمراه با استاتور,,,328-329,رسمی,سیم پیچی,ناظری پور,,936,68,2022-12-07 00:00:00.000,2022-08-12 00:00:00.000,,2022-08-13,,,,,,False,5
1921,موتور جوشDC,,,328,رسمی,رفع اتصال,ناظری پور,,937,68,2022-12-09 00:00:00.000,2022-08-12 00:00:00.000,,2022-08-13,,,,,,False,5
1922,استاتور و روتور تحریک نیروگاه,,,00248,غیر رسمی,سیم پیچی,حمیدیان,,938,92,2023-02-08 00:00:00.000,2022-08-13 00:00:00.000,,2022-08-22,,,,,,False,8
0,مگنت گرم,,,,,برگشتی,,,939,109,2022-10-07 00:00:00.000,2022-08-14 00:00:00.000,,,,,,,,False,
1923,استاتور و روتور تحریک نیروگاه,,,00248,غیر رسمی,سیم پیچی,حمیدیان,,940,92,2023-02-08 00:00:00.000,2022-08-17 00:00:00.000,,2022-08-22,,,,,,False,8
1924,روتور تحریک,,,00248,غیر رسمی,سیم پیچی,حمیدیان,,941,92,2023-02-08 00:00:00.000,2022-08-17 00:00:00.000,,,,106,28,,,False,8
1925,الکتروموتور ac,,,289,رسمی,برگشتی شفت روتور ساخت مجدد شفت,,,942,22,2022-08-23 00:00:00.000,2022-08-17 00:00:00.000,,,,,,,,False,5
1813,الکتروموتور dc10.4kw,,,,,عودت,,,820,113,2022-02-12 00:00:00.000,2022-01-27 00:00:00.000,,,,106,28,,,False,6
1814,جرثقیل,,,,,عودت,,,821,38,2022-03-08 00:00:00.000,2022-01-27 00:00:00.000,,,,106,28,,,False,6
1815,الکتروموتور 7.5KW,,,227,رسمی,سیم پیچی,,,822,106,2022-02-24 00:00:00.000,2022-02-01 00:00:00.000,,,,,,,,False,5
1816,الکتروموتور 30kw-1400rpm,,,,,سیم پیچی,,,823,109,2022-02-12 00:00:00.000,2022-02-07 00:00:00.000,,,,,,,,False,
1817,الکتروموتور 2/2کیلووات,,,,,سیم پیچی,,,824,73,2022-03-09 00:00:00.000,2022-02-20 00:00:00.000,,,,,,,,False,
1818,پمپ اب,,,227,رسمی,سیم پیچی,,,825,106,2022-03-08 00:00:00.000,2022-02-22 00:00:00.000,,,,,,,,False,5
1819,دینام شارژر,,,,,عودت,,,826,106,2022-02-22 00:00:00.000,2022-02-22 00:00:00.000,,,,106,28,,,False,6
1820,روتور اکسیزن .بدون شفت,,,00221,غیر رسمی,بازسازی 3 عدد قطب,,,827,19,2022-06-22 00:00:00.000,2022-02-28 00:00:00.000,,,,,,,,False,8
1821,کفکش,,,,,عودت داده شد,,,828,106,2022-03-08 00:00:00.000,2022-03-07 00:00:00.000,,,,106,28,,,False,6
RE1/1766,استاتور آلستوم,0306,,,,برگشتی,,,829,58,2022-04-25 00:00:00.000,2022-03-06 00:00:00.000,,,,106,28,,,False,3
RE1/1643,رتور الستوم,0382,,298,رسمی,برگشتی,,,830,58,2022-05-24 00:00:00.000,2022-03-06 00:00:00.000,,,,106,28,,,False,5
RE1/1778,استاتور630kw,,,,,برگشتی,,,831,105,2022-04-29 00:00:00.000,2022-03-13 00:00:00.000,,,,,,,,False,
RE1/1643,استاتور630kw,,,,,برگشتی,,,832,105,2022-04-07 00:00:00.000,2022-03-13 00:00:00.000,,,,,,,,False,
1822,الکتروموتورpb,,,236,رسمی,سیم پیچی,,,833,54,2022-05-12 00:00:00.000,2022-03-13 00:00:00.000,,,,,,,,False,5
1823,موتور گیربکس,,,236,رسمی,سیم پیچی,,,834,54,2022-05-12 00:00:00.000,2022-03-13 00:00:00.000,,,,,,,,False,5
1824,الکتروموتور,,,236,رسمی,سیم پیچی,,,835,54,2022-05-12 00:00:00.000,2022-03-13 00:00:00.000,,,,,,,,False,5
1825,استاتور آلستوم,0660,,266,رسمی,سیم پیچی,,,836,58,2022-05-24 00:00:00.000,2022-03-14 00:00:00.000,,,,106,28,,,False,5
1826,الکتروموتور 4KW,,,236,رسمی,سیم پیچی,,,837,69,2022-05-07 00:00:00.000,2022-03-15 00:00:00.000,,,,,,,,False,5
1827,الکتروموتور 2/2KW1400RPM,,,226,رسمی,سیم پیچی,,,838,109,2022-03-31 00:00:00.000,2022-03-26 00:00:00.000,,,,,,,,False,5
1828,درب قالپاق,,,261,رسمی,تعویض,,,839,109,2022-05-31 00:00:00.000,2022-04-05 00:00:00.000,,,,,,,,False,5
1829,الکتروموتور 15کیلو وات,,,241,رسمی,سیم پیچی,,,840,106,2022-04-13 00:00:00.000,2022-04-07 00:00:00.000,,,,,,,,False,5
1830,الکتروموتور 15کیلو وات,,,241,رسمی,اورهال ,,,841,106,2022-05-08 00:00:00.000,2022-04-07 00:00:00.000,,,,,,,,False,5
1831,الکتروموتور 15کیلو وات,,,241,رسمی,اورهال ,,,842,106,2022-04-13 00:00:00.000,2022-04-11 00:00:00.000,,,,,,,,False,5
1832,روتور,,,00207,غیر رسمی,تعویض رتور بار,,,843,37,2022-04-17 00:00:00.000,2022-04-17 00:00:00.000,,,,,,,,False,8
1833,اتومات کردن ژنراتور,,,240,رسمی,سرویس ,,,844,114,2022-04-16 00:00:00.000,2022-04-15 00:00:00.000,,,,,,,,False,5
0,مگنت سرد,,,,,برگشتی,,,845,91,2022-04-20 00:00:00.000,2022-04-09 00:00:00.000,,,,,,,,False,
1834,موتور30کیلوبات,,,00210,غیر رسمی,اورهال ,,,846,108,2022-05-05 00:00:00.000,2022-04-21 00:00:00.000,,,,,,,,False,8
1644,ژنراتور اصلی,,,,,اورهال,,,651,70,2022-02-16 00:00:00.000,2021-03-17 00:00:00.000,,,,,,,,False,
1645,روتور جرثقیل,,,,,جوشکاری رتور,,,652,22,2021-06-19 00:00:00.000,2021-03-18 00:00:00.000,,,,,,,,False,
1646,قطب 4/5 تن ابراهیمی,,,,,ساخت ,,,653,83,2021-04-11 00:00:00.000,2021-03-22 00:00:00.000,,,,,,,,False,
1647,استاتور125HP,,,,,اورهال,,,654,84,2021-04-18 00:00:00.000,2021-04-15 00:00:00.000,,,,,,,,False,
1648,استاتور125HP,,,,,عودت,,,655,84,2021-05-05 00:00:00.000,2021-04-15 00:00:00.000,,,,,,,,False,
1649,استاتور آلستوم,0178,,,,سیم پیچی,,,656,58,2021-05-09 00:00:00.000,2021-04-16 00:00:00.000,,,,106,28,,,False,0
1650,تراس100KAV,,,,,سیم پیچی,,,657,62,2021-12-28 00:00:00.000,2021-04-18 00:00:00.000,,,,,,,,False,
1651,الکتروموتور315,,,,,سیم پیچی,,,658,22,2021-05-22 00:00:00.000,2021-04-20 00:00:00.000,,,,,,,,False,
1652,راکتی فایر ,,,,,اورهال,,,659,71,2021-05-31 00:00:00.000,2021-04-21 00:00:00.000,,,,,,,,False,
1653,الکتروموتور5/5kw,,,,,سیم پیچی,,,660,71,2021-12-18 00:00:00.000,2021-04-21 00:00:00.000,,,,,,,,False,
1654,آرمیچر 18KWDC,,,,,سیم پیچی,,,661,53,2021-07-18 00:00:00.000,2021-04-27 00:00:00.000,,,,,,,,False,
1655,آرمیچر 18KWDC,,,,,سیم پیچی,,,662,53,2021-07-18 00:00:00.000,2021-04-27 00:00:00.000,,,,,,,,False,
1656,آرمیچر فن دینامیک GT4976,,,,,عودت,,,663,53,2022-02-19 00:00:00.000,2021-04-27 00:00:00.000,,,,,,,,False,
1657,آرمیچر فن دینامیک,,,,,عودت,,,664,53,2022-02-19 00:00:00.000,2021-04-27 00:00:00.000,,,,,,,,False,
1658,استاتور فن اتاق تمیز,,,,,عودت,,,665,53,2022-02-19 00:00:00.000,2021-04-27 00:00:00.000,,,,,,,,False,
1659,استاتور فن اتاق تمیز,,,,,عودت,,,666,53,2022-02-19 00:00:00.000,2021-04-27 00:00:00.000,,,,,,,,False,
1660,استاتورفن آب,,,,,سیم پیچی,,,667,53,2021-06-20 00:00:00.000,2021-04-27 00:00:00.000,,,,,,,,False,
1661,استاتورفن آب,,,,,عودت,,,668,53,2022-02-19 00:00:00.000,2021-04-27 00:00:00.000,,,,,,,,False,
1662,استاتورفن آب,,,,,سیم پیچی,,,669,53,2021-06-20 00:00:00.000,2021-04-27 00:00:00.000,,,,,,,,False,
1663,استاتورفن آب,,,,,سیم پیچی,,,670,53,2021-06-20 00:00:00.000,2021-04-27 00:00:00.000,,,,,,,,False,
1664,استاتورفن آب,,,,,عودت,,,671,53,2022-02-19 00:00:00.000,2021-04-27 00:00:00.000,,,,,,,,False,
1665,استاتورفن آب,,,,,سیم پیچی,,,672,53,2021-06-20 00:00:00.000,2021-04-27 00:00:00.000,,,,,,,,False,
1666,استاتورفن آب,,,,,عودت,,,673,53,2022-02-19 00:00:00.000,2021-04-27 00:00:00.000,,,,,,,,False,
1667,استاتورفن آب,,,,,سیم پیچی,,,674,53,2022-02-19 00:00:00.000,2021-04-27 00:00:00.000,,,2021-04-18,,,,,False,
1668,استاتورفن آب,,,,,عودت,,,675,53,2022-02-19 00:00:00.000,2021-04-27 00:00:00.000,,,,,,,,False,
1669,استاتورفن آب,,,,,عودت,,,676,53,2022-02-19 00:00:00.000,2021-04-27 00:00:00.000,,,,,,,,False,
1670,استاتورفن آب,,,,,سیم پیچی,,,677,53,2021-06-20 00:00:00.000,2021-04-27 00:00:00.000,,,,,,,,False,
1671,الکتروموتورACDC,,,,,سیم پیچی,,,678,8,2021-10-10 00:00:00.000,2021-04-30 00:00:00.000,,,,,,,,False,
1672,الکتروموتور ,,,,,سیم پیچی,,,679,8,2021-10-26 00:00:00.000,2021-04-30 00:00:00.000,,,,,,,,False,
1673,الکتروموتور 7.5KW,,,,,سیم پیچی,,,680,71,2021-05-03 00:00:00.000,2021-05-02 00:00:00.000,,,,,,,,False,
1588,استاتور فن آب,AR0102KW,,,,سیم پیچی,,,595,53,2021-04-27 00:00:00.000,2021-01-19 00:00:00.000,,,,106,28,,,False,0
1589,استاتور فن آب,1047-970105,,,,سیم پیچی,,,596,53,2021-03-06 00:00:00.000,2021-01-19 00:00:00.000,,,,106,28,,,False,0
1590,استاتور فن آب,AR0105KW,,,,سیم پیچی,,,597,53,2021-03-06 00:00:00.000,2021-01-19 00:00:00.000,,,,106,28,,,False,0
1591,استاتور فن آب,AR0104KW,,,,سیم پیچی,,,598,53,2021-03-06 00:00:00.000,2021-01-19 00:00:00.000,,,,106,28,,,False,0
1592,استاتور فن اتاق تمیز,AD0101KW,,,,سیم پیچی,,,599,53,2021-03-06 00:00:00.000,2021-01-19 00:00:00.000,,,,106,28,,,False,0
1593,استاتور D14,AS0002KW,,,,سیم پیچی,,,600,53,2021-03-06 00:00:00.000,2021-01-19 00:00:00.000,,,,106,28,,,False,0
1594,استاتور فن دینامیک ,AR0099KW,,,,سیم پیچی,,,601,53,2021-04-27 00:00:00.000,2021-01-19 00:00:00.000,,,,106,28,,,False,0
1595,آرمیچر فن دینامیک,AR0100KW,,,,سیم پیچی,,,602,53,2021-04-27 00:00:00.000,2021-01-19 00:00:00.000,,,,106,28,,,False,0
1596,آرمیچر فن دینامیک,AR0053KW,,,,سیم پیچی,,,603,53,2021-04-27 00:00:00.000,2021-01-19 00:00:00.000,,,,106,28,,,False,0
1597,بوبین ترانس( 7 عدد) ,,,,,عودت,,,604,49,2021-02-07 00:00:00.000,2021-01-23 00:00:00.000,,,,,,,,False,
1598,ترانس 25KVA,341398,,,,اورهال,,,605,79,2021-01-27 00:00:00.000,2021-01-26 00:00:00.000,,,,106,28,,,False,0
1599,ترانس 315KVA,582620,,,,اورهال,,,606,75,2021-11-13 00:00:00.000,2021-01-31 00:00:00.000,,,,106,28,,,False,0
1600,ترانس 200KVA,8074538,,,,اورهال,,,607,75,2022-07-03 00:00:00.000,2021-01-31 00:00:00.000,,,,2123,2028,,,False,0
1601,ترانس 200KVA,6821692,,,,اورهال,,,608,75,2021-11-13 00:00:00.000,2021-01-31 00:00:00.000,,,,106,28,,,False,0
1602,ترانس 315KVA,757775,,,,اورهال,,,609,75,2021-11-13 00:00:00.000,2021-01-31 00:00:00.000,,,,106,28,,,False,0
1603,ترانس 200KVA,231310,,,,اورهال,,,610,75,2021-11-13 00:00:00.000,2021-01-31 00:00:00.000,,,,106,28,,,False,0
1604,ترانس 100KVA,19652,,,,اورهال,,,611,75,2022-07-03 00:00:00.000,2021-01-31 00:00:00.000,,,,106,28,,,False,0
1605,ترانس 100KVA,7623757,,,,اورهال,,,612,75,2022-07-03 00:00:00.000,2021-01-31 00:00:00.000,,,,106,28,,,False,0
1606,ترانس 500KVA,769742,,,,اورهال,,,613,75,2021-03-08 00:00:00.000,2021-01-31 00:00:00.000,,,,106,28,,,False,0
1607,ترانس 500KVA,734595,,,,اورهال,,,614,75,2021-03-08 00:00:00.000,2021-01-31 00:00:00.000,,,,106,28,,,False,0
1608,ترانس 400KVA,777782,,,,اورهال,,,615,75,2021-03-08 00:00:00.000,2021-01-31 00:00:00.000,,,,106,28,,,False,0
1609,ترانس 250KVA,7721650,,490-491,رسمی,سیم پیچی,,,616,80,2024-05-11 00:00:00.000,2021-02-03 00:00:00.000,,,,106,28,,,False,5
1610,ترانس 160KVA,52088,,,,عودت,,,617,57,2023-12-26 00:00:00.000,2021-02-03 00:00:00.000,,,,106,28,,,False,0
1611,ترانس 500KVA,746552,,,,اورهال,,,618,80,2021-11-15 00:00:00.000,2021-02-03 00:00:00.000,,,,106,28,,,False,0
1612,ترانس 100KVA,275293,48586,,,عودت,,,619,80,2023-12-27 00:00:00.000,2021-02-03 00:00:00.000,,,,106,28,,,False,0
1613,ترانس 100KVA,42121,,,,اورهال,,,620,80,2022-07-03 00:00:00.000,2021-02-03 00:00:00.000,,,,106,28,,,False,0
1614,ترانس 25KVA,440192839,,436-437,رسمی,اورهال,,,621,80,2023-12-26 00:00:00.000,2021-02-03 00:00:00.000,,,,106,28,,,False,5
1615,ترانس 25KVA,284098,,,,سیم پیچی,,,622,80,2022-07-03 00:00:00.000,2021-02-03 00:00:00.000,,,,106,28,,,False,0
1616,ترانس 25KVA,191207,,,,عودت,,,623,80,2023-12-26 00:00:00.000,2021-02-03 00:00:00.000,,,,106,28,,,False,0
2637,ترانس گان هوایی 150KVA,,,,,,,,18604,22,2026-07-07 00:00:00.000,2026-06-30 00:00:00.000,,,,69,29,2026-06-30 16:57:48.640,,True,0
2638,الکتروموتور 30KW-1460RPM-59/34A-380/1660V,,,809-810,,اورهال,,,19602,54,2026-07-18 00:00:00.000,2026-07-04 00:00:00.000,,,,106,28,2026-07-13 12:27:53.026,,True,5
2639,استاتور 5 تن ,,,809-810,,سیم پیچی,,,19603,54,2026-07-18 00:00:00.000,2026-07-04 00:00:00.000,,,,106,28,2026-07-13 12:28:34.420,,True,5
2640,آرمیچر 5 تن ,,,809-810,,سیم پیچی,,,19604,54,2026-07-18 00:00:00.000,2026-07-04 00:00:00.000,,,,106,28,2026-07-13 12:29:06.533,,True,5
2641,چرخ واگن ,,,820-821,,اورهال/جوشکاری و تراشکاری,,,19605,54,2026-08-15 00:00:00.000,2026-07-04 00:00:00.000,,,,106,28,2026-07-13 12:29:30.533,,True,5
2642,چرخ واگن ,,,820-821,,اورهال /جوشکاری و تراشکاری,,,19606,54,2026-08-15 00:00:00.000,2026-07-04 00:00:00.000,,,,106,28,2026-07-13 12:30:03.236,,True,5
2643,چرخ واگن,,,820-821,,اورهال /جوشکاری و تراشکاری,,,19607,54,2026-08-15 00:00:00.000,2026-07-04 00:00:00.000,,,,106,28,2026-07-13 12:30:27.153,,True,5
2644,موتور لیفتراک ,,,813,,اورهال,,,19608,113,2026-07-27 00:00:00.000,2026-07-05 00:00:00.000,,,,106,28,2026-07-13 12:41:27.533,,True,5
2645,الکتروموتور 407KW-1925RPM-1040A-400V,,,663,,اورهال,,مبلغ این پروژه 60میلیون تومان میباشد که از تخفیف کد پروژه 2410 با این پروژه بخشی از آن تهاتر شده است ,19609,116,2026-07-13 00:00:00.000,2026-07-06 00:00:00.000,,,,106,28,2026-07-13 12:42:24.523,,True,5
2646,مگنت ,,,,,,,,19610,116,,2026-07-06 00:00:00.000,,,,69,29,2026-07-13 12:43:03.400,,True,0
2647,مگنت,,,,,,,,19611,116,,2026-07-06 00:00:00.000,,,,69,29,2026-07-13 12:43:34.030,,True,0
2648,الکتروموتور 400HP-1465RPM-380V,,,807,,سیم پیچی,,,19612,152,2026-07-16 00:00:00.000,2026-07-08 00:00:00.000,,,,106,28,2026-07-13 12:44:34.343,,True,5
2649,مگنت ,,,819,,سیم پیچی,,,19613,9213,2026-07-15 00:00:00.000,2026-07-12 00:00:00.000,,,,106,28,2026-07-13 12:45:54.500,,True,5
2650,الکتروموتور 45KW-2970RPM,,,819,,اورهال و بالانس روتور,,,19614,9213,2026-08-05 00:00:00.000,2026-07-12 00:00:00.000,,,,106,28,2026-07-13 12:59:09.260,,True,5
2651,الکتروموتور 1000KW-989RPM-380V-1865A,,,811,,اورهال,,,19615,42,2026-07-14 00:00:00.000,2026-07-12 00:00:00.000,,,,106,28,2026-07-13 13:00:02.096,,True,5
2652,استاتور الستوم ,710,,,,,,,19616,58,,2026-07-16 00:00:00.000,,,,106,28,2026-07-16 13:24:16.263,,True,0
2653,استاتور الستوم,0223,,,,,,,19617,58,,2026-07-16 00:00:00.000,,,,69,29,2026-07-16 13:24:36.480,,True,0
2654,موتور خاص AC ,,,,,,,,20602,22,2026-07-22 00:00:00.000,2026-07-18 00:00:00.000,,,,69,29,2026-07-27 11:24:47.056,,True,0
2655,آرمیچر 5 تن ,,,822,,سیم پیچی,,,20603,41,2026-08-11 00:00:00.000,2026-07-20 00:00:00.000,,,,106,28,2026-07-27 11:25:31.066,,True,5
2656,الکتروموتور 22KW-735RPM-18/28A-380/660V,,,,,,,,20604,54,,2026-07-21 00:00:00.000,,,,69,29,2026-07-27 11:27:58.276,,True,0
2657,الکتروموتور 30KW-1500RPM-53/34A-220/380V,,,820-821,,اورهال /ساخت درب قالپاق,,,20605,54,2026-08-15 00:00:00.000,2026-07-21 00:00:00.000,,,,106,28,2026-07-27 11:30:27.676,,True,5
2658,استاتور حدودا 380V-30KW ,,,,,,,,20606,54,,2026-07-21 00:00:00.000,,,,69,29,2026-07-27 12:03:06.206,,True,0
2659,آرمیچر 4.5 تن ,,,,,,,,20607,54,,2026-07-21 00:00:00.000,,,,69,29,2026-07-27 12:05:34.250,,True,0
2660,استاتور ژنراتور ( اصلی ),,,,,,,,20608,58,,2026-07-21 00:00:00.000,,,,69,29,2026-07-27 12:06:54.310,,True,0
2661,روتور ژنراتور ( اصلی ) ,,,,,,,,20609,58,,2026-07-21 00:00:00.000,,,,69,29,2026-07-27 12:11:23.826,,True,0
2611,الکتروموتور 110KW-1485RPM-187/108A,,,,,,,,13611,22,,2026-05-17 00:00:00.000,,,,69,29,2026-05-19 17:14:24.466,,True,0
2612,استاتور 4.5 تن ,,,,,سیم پیچی,,استاتور تهاتر با سیم پیچی آرمیچر به شماره2609 ,13612,6213,,2026-05-17 00:00:00.000,,,,106,28,2026-05-19 17:14:56.123,,True,0
2613,الکتروموتور 315kw-6300V-38A-989RPM,,,,,,,,13613,140,,2026-05-23 00:00:00.000,,,,106,28,2026-05-23 14:27:37.403,,True,0
2614,استاتور آلستوم ,0105,,,,,,,14602,58,,2026-05-28 00:00:00.000,,,,69,29,2026-06-02 13:51:03.973,,True,0
2615,استاتور آلستوم ,0387,,,,,,,14603,58,,2026-05-28 00:00:00.000,,,,69,29,2026-06-02 13:51:43.756,,True,0
2616,چرخ واگن,,,809-810,,تعویض بیرینگ و تراشکاری,,,14604,54,2026-07-18 00:00:00.000,2026-05-31 00:00:00.000,,,,106,28,2026-06-02 13:52:50.680,,True,5
2617,چرخ واگن,,,809-810,,تعویض بیرینگ و تراشکاری,,,14605,54,2026-07-18 00:00:00.000,2026-05-31 00:00:00.000,,,,106,28,2026-06-02 13:53:19.173,,True,5
2618,چرخ واگن,,,802-803,,تعویض بیرینگ و تراشکاری,,,14606,54,2026-06-21 00:00:00.000,2026-05-31 00:00:00.000,,,,106,28,2026-06-02 13:53:42.943,,True,5
2619,چرخ واگن,,,802-803,,تعویض بیرینگ و تراشکاری,,,14607,54,2026-06-21 00:00:00.000,2026-05-31 00:00:00.000,,,,106,28,2026-06-02 13:54:16.646,,True,5
2620,آرمیچر 2.5 تن ,,,802-803,,سیم پیچی,,,14608,54,2026-06-21 00:00:00.000,2026-05-31 00:00:00.000,,,,106,28,2026-06-02 13:56:31.993,,True,5
2621,استاتور 2.5 تن ,,,802-803,,سیم پیچی,,,14609,54,2026-06-21 00:00:00.000,2026-05-31 00:00:00.000,,,,106,28,2026-06-02 13:57:02.933,,True,5
2622,آرمیچر 4.5 تن ,,,802-803,,سیم پیچی,,,14610,54,2026-06-21 00:00:00.000,2026-05-31 00:00:00.000,,,,106,28,2026-06-02 13:57:31.623,,True,5
2623,استاتور 4.5 تن ,,,802-803,,سیم پیچی,,,14611,54,2026-06-21 00:00:00.000,2026-05-31 00:00:00.000,,,,106,28,2026-06-02 13:59:54.040,,True,5
2624,استاتور آلستوم ,0352,,,,,,,14612,58,,2026-05-31 00:00:00.000,,,,106,28,2026-06-02 14:00:54.223,,True,0
2625,استاتور آلستوم ,0593,,,,,,,14613,58,,2026-05-31 00:00:00.000,,,,69,29,2026-06-02 14:09:22.783,,True,0
RE1/2536,دینام جوش,,,,,برگشتی,,,14614,54,,2026-05-31 00:00:00.000,,,,106,28,2026-06-02 17:37:28.200,,True,3
RE1/2479,استاتور آلستوم ,0184,,,,برگشتی,,,15602,58,2026-07-16 00:00:00.000,2026-06-04 00:00:00.000,,,,106,28,2026-06-10 16:44:49.606,,True,3
2626,استاتور آلستوم ,0412,,,,,,,15603,58,,2026-06-04 00:00:00.000,,,,106,28,2026-06-10 16:45:49.216,,True,0
2627,استاتور اکسیژن 315KW-500RPM-6000V,,,1552,,رفع اتصال,,,15604,99,2026-06-29 00:00:00.000,2026-06-09 00:00:00.000,,,,106,28,2026-06-10 16:46:48.173,,True,8
2628,الکتروموتور 1485RPM,,,800,,سیم پیچی,,,15605,118,2026-06-16 00:00:00.000,2026-06-09 00:00:00.000,,,,106,28,2026-06-10 16:47:26.146,,True,5
2629,الکتروموتور 95.4KW/DC-1795RPM,,,814,,اورهال,,فاکتور 805 باطل و 814 جایگزین گردید,15606,76,2026-07-11 00:00:00.000,2026-06-09 00:00:00.000,,,,106,28,2026-06-10 16:48:16.413,,True,5
2630,اتوترانس 400/400V-100/150KVA,,,799,,اورهال,,,15607,7213,2026-06-11 00:00:00.000,2026-06-09 00:00:00.000,,,,106,28,2026-06-10 16:50:58.126,,True,5
2631,استاتور اکسیژن 75KW-735RPM-137A-415V,,,798,,سیم پیچی ساخت کویل,,,16602,205,2026-08-29 00:00:00.000,2026-06-10 00:00:00.000,,,,106,28,2026-06-16 14:35:39.386,,True,5
2632,ترانس گان هوایی ,,,,,,,,16603,22,2026-07-07 00:00:00.000,2026-06-15 00:00:00.000,,,,69,29,2026-06-16 16:48:44.460,,True,0
2633,موتور گیربکسی 7.5KW-1400RPM-380V-15.6A,,,806,,سیم پیچی,,,17602,152,2026-07-08 00:00:00.000,2026-06-18 00:00:00.000,,,,106,28,2026-06-21 12:09:01.036,,True,5
2634,الکتروموتور 50KW,,,801,,سیم پیچی,,,17603,152,2026-06-27 00:00:00.000,2026-06-20 00:00:00.000,,,,106,28,2026-06-21 12:09:59.386,,True,5
2635,استاتور اکسیژن 200KW-500RPM-365A-380V,,,,,اورهال تعویض کابل,,,18602,19,,2026-06-29 00:00:00.000,,,,106,28,2026-06-30 16:52:58.413,,True,0
2636,ساخت آرمیچر 4.5 تن ,,,,,,,,18603,8213,,2026-06-29 00:00:00.000,,,,69,29,2026-06-30 16:54:24.403,,True,0
2159,تراکشن آلستوم کامل,0583,,619-812,رسمی,سیم پیچی-هسته چینی-تعویض شفت,ناظری پور,رتور  در شرکت موجود میباشد روتور در مورخ 1405/04/07 ارسال گردید سریال روتور با کد 430 خروج خورد وفاکتور صادر گردید-فاکتور روتور 804 بود باطل گردید و به 812 تغییر یافت,1189,58,2025-02-24 00:00:00.000,2024-05-15 00:00:00.000,,,,106,28,,,False,5
2160,"الکتروموتور 200kw
1400دور-345A",,,487,رسمی,فروش ,ناظری پور,,1190,116,2024-06-01 00:00:00.000,2024-05-18 00:00:00.000,,2024-05-19,,,,,,False,5
RE1/2124,الکتروموتور شراک,,,,,برگشتی,,"تاریخ ورود 1403/03/07
تاریخ خروج: 1403/11/25",1191,151,2024-05-27 00:00:00.000,2024-05-26 00:00:00.000,,,,106,28,,,False,3
2161,موتور گیر بکسی 7/5kw,,,0847,غیر رسمی,اورهال,ناظری پور,,1192,156,2024-05-29 00:00:00.000,2024-05-26 00:00:00.000,,2024-05-27,,,,,,False,8
2162,مگنت,,,523-524/537-538,رسمی,سیم پیچی,ناظری پور,,1193,96,2024-09-28 00:00:00.000,2024-05-26 00:00:00.000,,2024-05-28,,,,,,False,5
2163,آرمیچر4.5 تن,,,650-651,رسمی,سیم پیچی,گرزین,,1194,54,2025-05-20 00:00:00.000,2024-06-02 00:00:00.000,,,,,,,,False,5
2164,آرمیچر5 تن,,,,,سیم پیچی,گرزین,صورتجلسه شماره 30,1195,5214,,2024-06-02 00:00:00.000,,,,106,28,,,False,0
2165,الکتروموتور 4/5 تن ,,,514-515,رسمی,سیم پیچی,,,1196,54,2024-07-04 00:00:00.000,2024-06-02 00:00:00.000,,,,,,,,False,5
2166,الکتروموتور 4/5 تن ,,,514-515,رسمی,سیم پیچی,,,1197,54,2024-07-04 00:00:00.000,2024-06-02 00:00:00.000,,,,,,,,False,5
2167,الکتروموتور 5.5 تن,,,516-517,رسمی,سیم پیچی,,,1198,54,2024-09-08 00:00:00.000,2024-06-02 00:00:00.000,,,,,,,,False,5
2168,الکتروموتور 5.5 تن,,,516-517,رسمی,سیم پیچی,گرزین,,1199,54,2024-07-04 00:00:00.000,2024-06-02 00:00:00.000,,,,,,,,False,5
2169,ترانس تابلو برق,,,497,رسمی,اورهال,,,1200,68,2024-06-13 00:00:00.000,2024-06-02 00:00:00.000,,,,,,,,False,5
2170,الکتروموتور37kwو74A,,,496,رسمی,سیم پیچی,شاکری,,1201,39,2024-06-10 00:00:00.000,2024-06-02 00:00:00.000,,2024-06-06,,,,,,False,5
2171,"الکتروموتور 200kwو380V
RPM1490",,,503,رسمی,سیم پیچی,حسینیان زاده,,1202,116,2024-07-07 00:00:00.000,2024-06-03 00:00:00.000,,2024-06-06,,,,,,False,5
2172,استاتور 315KW و6kv,,,504,رسمی,سیم پیچی,حسینیان زاده,,1203,158,2024-07-08 00:00:00.000,2024-06-05 00:00:00.000,,2024-06-23,,,,,,False,5
2173,ترانس 500kva,,,504,رسمی,سیم پیچی,ناظری پور,,1204,158,2024-07-08 00:00:00.000,2024-06-05 00:00:00.000,,2024-06-19,,,,,,False,5
2174,"الکتروموتور37kw
1400دور",,,499,رسمی,سیم پیچی,رحمت اللهی,,1205,159,2024-06-24 00:00:00.000,2024-06-10 00:00:00.000,,2024-06-10,,,,,,False,5
2175,مگنت  ترمز وینچ جرثقیل,,,523-524,رسمی,سیم پیچی,,,1206,96,2024-09-28 00:00:00.000,2024-06-16 00:00:00.000,,,,,,,,False,5
2176,الکتروموتور زیمنس 132kw,,,558,رسمی,اورهال,ریاحی,,1207,140,2024-11-19 00:00:00.000,2024-06-11 00:00:00.000,,2024-07-10,,,,,,False,5
2177,اسلیپ رینگ,,,557,رسمی,نقشه,,,1208,140,2024-11-19 00:00:00.000,2024-06-13 00:00:00.000,,,,,,,,False,5
2178,اسلیپ رینگ,,,557,رسمی,نقشه,,,1209,140,2024-11-19 00:00:00.000,2024-06-13 00:00:00.000,,,,,,,,False,5
2686,موتور DC 230KW,22001,,,,,,,23611,12214,,2026-08-23 00:00:00.000,,,,69,29,2026-08-25 09:31:59.246,,True,0
2687,موتور AC روتور قفسی 90KW-2972RPM-159A-380V,22005,,,,,,,23612,12214,,2026-08-23 00:00:00.000,,,,69,29,2026-08-25 09:34:53.510,,True,0
2688,کف کش ,22002,,,,,,,23613,12214,,2026-08-23 00:00:00.000,,,,69,29,2026-08-25 09:35:50.016,,True,0
2689,کف کش ,22008,,,,,,,23614,12214,,2026-08-23 00:00:00.000,,,,69,29,2026-08-25 09:36:25.673,,True,0
2690,موتور AC روتور قفسی 22KW-1470RPM-43/24.8A-380/660V,22006,,,,,,,23615,12214,,2026-08-23 00:00:00.000,,,,69,29,2026-08-25 09:39:23.140,,True,0
2691,موتور AC روتور قفسی 30KW-1470RPM-55A-400V,22003,,,,,,,23616,12214,,2026-08-23 00:00:00.000,,,,69,29,2026-08-25 09:42:28.543,,True,0
2692,موتور ACقفسی - 22KW-1463RPM-42.9/24.8A-380/660V,22007,,,,,,,23617,12214,,2026-08-23 00:00:00.000,,,,69,29,2026-08-25 09:53:16.183,,True,0
2693,موتور AC روتور قفسی 22KW-1450RPM-41.5/23.9A-380/660V,22004,,,,,,,23618,12214,,2026-08-23 00:00:00.000,,,,69,29,2026-08-25 09:54:50.013,,True,0
2694,الکتروموتور گیربکس 0.75KW,,,,,اورهال,,,24607,76,2026-08-31 00:00:00.000,2026-08-30 00:00:00.000,,,,106,28,2026-09-02 18:32:43.150,,True,0
2695,الکتروموتور AC-6.7KW-13HZ-982RPM-400V-14.5A,,,,,سیم پیچی,,,24608,12214,,2026-09-02 00:00:00.000,,,,106,28,2026-09-02 19:20:20.266,,True,0
2696,الکتروموتور AC-6.7KW-13HZ-982RPM-400V-14.5A,,,,,سیم پیچی,,,24609,12214,,2026-09-02 00:00:00.000,,,,106,28,2026-09-02 19:21:43.693,,True,0
2697,الکتروموتور AC-40KW-960RPM-380V-92A,,,,,سیم پیچی,,,24610,12214,,2026-09-02 00:00:00.000,,,,106,28,2026-09-02 19:23:07.826,,True,0
2698,الکتروموتور AC-12.4KW-13HZ,,,,,سیم پیچی,,,24611,12214,,2026-09-02 00:00:00.000,,,,106,28,2026-09-02 19:25:08.836,,True,0
2699,الکتروموتور AC-110KW-1487 RPM-380/660V-205/118A,,,,,سیم پیچی,,,24612,12214,,2026-09-02 00:00:00.000,,,,106,28,2026-09-02 19:28:00.720,,True,0
2700,الکتروموتور AC-450 KW-1491 RPM-400/690V-772/448 A,,,,,سیم پیچی,,,24613,12214,,2026-09-02 00:00:00.000,,,,106,28,2026-09-02 19:29:47.010,,True,0
2701,الکتروموتور AC-13HZ-6.7 KW-982 RPM-400 V-14.5 A,,,,,سیم پیچی,,,24614,12214,,2026-09-02 00:00:00.000,,,,106,28,2026-09-02 19:31:52.130,,True,0
2702,الکتروموتور AC-13HZ-6.7 KW-982 RPM -400 V- 14.5 A,,,,,سیم یپیچی,,,24615,12214,,2026-09-02 00:00:00.000,,,,106,28,2026-09-02 19:35:33.003,,True,0
2703,الکتروموتور AC-13HZ-6.7 KW-982 RPM-400 V-14.5 A,,,,,سیم پیچی,,,24616,12214,,2026-09-02 00:00:00.000,,,,106,28,2026-09-02 19:37:11.316,,True,0
2704,الکتروموتور AC-13HZ-6.7 KW-982 RPM-400 V-14.5 A,,,,,سیم پیچی,,,24617,12214,,2026-09-02 00:00:00.000,,,,106,28,2026-09-02 19:39:51.756,,True,0
2705,الکتروموتور AC-13HZ-6.7 KW-982 RPM-400 V-14.5 A,,,,,سیم پیچی,,,24618,12214,,2026-09-02 00:00:00.000,,,,106,28,2026-09-02 19:40:15.420,,True,0
2706,الکتروموتور AC-12.4KW-13HZ,,,,,سیم پیچی,,,24619,12214,,2026-09-02 00:00:00.000,,,,106,28,2026-09-02 19:41:40.890,,True,0
2707,الکتروموتور AC-12.4KW-13HZ,,,,,سیم پیچی,,,24620,12214,,2026-09-02 00:00:00.000,,,,106,28,2026-09-02 19:42:05.513,,True,0
2708,الکتروموتور AC-7.5KW-1455RPM-400/690V-15.2/8.8A,,,,,سیم پیچی,,,24621,12214,,2026-09-02 00:00:00.000,,,,106,28,2026-09-02 19:43:33.096,,True,0
2709,الکتروموتور AC-7.5KW-1455RPM-400/690V-15.2/8.8A,,,,,سیم پیچی,,,24622,12214,,2026-09-02 00:00:00.000,,,,106,28,2026-09-02 19:44:11.316,,True,0
2710,الکتروموتور AC-37KW-1425RPM-380V-68A,,,,,سیم پیچی,,,24623,12214,,2026-09-02 00:00:00.000,,,,106,28,2026-09-02 19:46:33.936,,True,0
2662,ژنراتور 60KW-1500RPM-113/9A-380V,,,,,,,,20610,176,,2026-07-22 00:00:00.000,,,,69,29,2026-07-27 12:15:09.516,,True,0
2663,روتور مخروطی جرثقیل,,,,,,,,20611,42,2026-07-27 00:00:00.000,2026-07-22 00:00:00.000,,,,69,29,2026-07-27 12:15:54.956,,True,0
RE1-2654,موتور خاص AC,,,,,,,,20612,22,2026-07-29 00:00:00.000,2026-07-26 00:00:00.000,,,,69,29,2026-07-27 12:18:24.456,,True,0
2664,چرخ واگن,,,,,,,,20613,68,,2026-07-26 00:00:00.000,,,,106,28,2026-07-27 12:26:58.756,,True,0
2665,چرخ واگن ,,,,,,,,20614,68,,2026-07-26 00:00:00.000,,,,106,28,2026-07-27 12:27:30.456,,True,0
2666,الکتروموتور 1270/1140KW-1100/1700RPM-1663A-750/800V,,,,,,,,21602,10213,2026-08-03 00:00:00.000,2026-07-29 00:00:00.000,,,,69,29,2026-07-30 09:07:14.373,,True,0
2667,الکتروموتور 315KW-1481RPM-547/515A-400V,,,,,,,,21603,140,,2026-07-29 00:00:00.000,,,,106,28,2026-07-30 09:09:09.680,,True,0
2668,الکتروموتور 315KW-1481RPM-547/515A-400V,,,,,,,,21604,140,,2026-07-29 00:00:00.000,,,,106,28,2026-07-30 09:10:37.213,,True,0
2669,موتور DC سری لیفتراک ,,,825,,اورهال,,,21605,113,,2026-07-29 00:00:00.000,,,,106,28,2026-07-30 09:11:15.110,,True,5
2670,موتور DC سری لیفتراک ,,,825,,اورهال,,,21606,113,,2026-07-29 00:00:00.000,,,,106,28,2026-07-30 09:11:42.376,,True,5
2671,ژنراتور 140KW-1500RPM-267A-380V,,,,,,,,21607,10214,,2026-07-30 00:00:00.000,,,,69,29,2026-08-05 13:30:53.133,,True,0
2672,الکتروموتور 7.5KW-2900RPM-26.2/15.1A-220./380V,,,826,,سیم پیچی,,,21608,145,,2026-08-05 00:00:00.000,,,,106,28,2026-08-05 13:33:47.246,,True,5
2673,الکتروموتور حدودا 4KW,,,826,,سیم پیچی,,,21609,145,,2026-08-05 00:00:00.000,,,,106,28,2026-08-05 13:34:24.903,,True,5
2674,الکتروموتور DC407KW-1100A-400V,,,824,,اورهال,,,22607,116,2026-08-21 00:00:00.000,2026-08-07 00:00:00.000,,,,106,28,2026-08-17 08:49:39.260,,True,5
2675,الکتروموتور AC-75KW-1400RPM,,,823,,سیم پیچی,,,22608,73,2026-08-19 00:00:00.000,2026-08-09 00:00:00.000,,,,106,28,2026-08-17 08:53:22.676,,True,5
2676,استیرر,,,,,,,,22609,11215,,2026-08-11 00:00:00.000,,,,69,29,2026-08-17 08:55:28.920,,True,0
2677,الکتروموتور 11KW-1660RPM-22.5A-380V,,,,,,,,22610,10213,,2026-08-11 00:00:00.000,,,,69,29,2026-08-17 08:56:43.666,,True,0
2678,الکتروموتور 11KW-1460RPM-22.5/113A-380/660V,,,,,,,,22611,10213,,2026-08-11 00:00:00.000,,,,69,29,2026-08-17 08:57:47.090,,True,0
2679,الکتروموتور 985KW-1200RPM-1710/8.2A-600/316V,,,,,,,,22612,11216,,2026-08-12 00:00:00.000,,,,69,29,2026-08-17 09:04:41.300,,True,0
2680,ساخت 15 عدد تخته کلم ,,,,,,,,22613,140,,2026-08-15 00:00:00.000,,,,69,29,2026-08-17 09:11:04.946,,True,0
2681,الکتروموتور 630KW-750RPM-76.5A-6000V,,,,,,,,22614,11217,,2026-08-16 00:00:00.000,,,,69,29,2026-08-17 09:19:39.950,,True,0
RE1-2496,روتور ژنراتور ,,,,,,,,22615,58,,2026-08-08 00:00:00.000,,,,69,29,2026-08-18 11:01:05.140,,True,0
RE1-2481,الکتروموتور 15kw-1450rpm,,,,,,,,22616,118,,2026-08-08 00:00:00.000,,,,69,29,2026-08-18 11:13:19.996,,True,0
2682,الکتروموتور 1000kw-989rpm-380V-1862A,,,,,,,,23607,42,,2026-08-09 00:00:00.000,,,,69,29,2026-08-23 10:56:06.296,,True,0
2683,موتور DC لیفتراک ,,,,,اورهال,,,23608,113,,2026-08-22 00:00:00.000,,,,106,28,2026-08-23 10:56:56.333,,True,5
2684,الکتروموتور 75KW-1500RPM,,,,,,,,23609,118,,2026-08-22 00:00:00.000,,,,106,28,2026-08-23 10:57:50.836,,True,0
2685,موتور AC  روتور قفسی 450KW-1493RPM-777A-400V,22009,,,,,,,23610,12214,,2026-08-23 00:00:00.000,,,,69,29,2026-08-25 09:26:49.073,,True,0
1787,موتور گیربکس 15kw,,,,,سیم پیچی,,,794,106,2022-01-18 00:00:00.000,2021-12-30 00:00:00.000,,,,,,,,False,
1788,پمپ پروانه استیل 2/2kw,,,,,سیم پیچی,,,795,107,2022-01-02 00:00:00.000,2021-12-30 00:00:00.000,,,,,,,,False,
1789,موتور گیربکسی حلزونی فن سرخود,,,,,سیم پیچی,,,796,108,2022-01-16 00:00:00.000,2021-12-24 00:00:00.000,,,,,,,,False,
1790,استاتور آلستوم,0458,,,,سیم پیچی,,,797,58,2022-02-11 00:00:00.000,2021-12-30 00:00:00.000,,,,106,28,,,False,0
1791,فن مگنتی,,,,,سیم پیچی,,,798,107,2022-01-03 00:00:00.000,2022-01-02 00:00:00.000,,,,,,,,False,
1792,مگنت,,,,,سیم پیچی,,,799,109,2022-02-15 00:00:00.000,2022-01-03 00:00:00.000,,,,,,,,False,
1793,استاتور اکسیژن,,,,,اورهال,,,800,24,2022-01-11 00:00:00.000,2022-01-05 00:00:00.000,,,,106,28,,,False,0
1794,ژنراتور 245kw,,,,,سیم پیچی,,,801,110,2022-03-16 00:00:00.000,2022-01-10 00:00:00.000,,,,,,,,False,
1795,فن هواکش توربو,,,,,سیم پیچی,,,802,107,2021-04-14 00:00:00.000,2022-01-11 00:00:00.000,,,,,,,,False,
1796,الکتروموتور 4 kw,,,,,سیم پیچی,,,803,73,2022-01-18 00:00:00.000,2022-01-13 00:00:00.000,,,,,,,,False,
1797,استاتور اکسیژن 200کیلووات,,,,,اورهال,,,804,19,2022-02-20 00:00:00.000,2022-01-16 00:00:00.000,,,,,,,,False,
1798,استاتور اکسیژن 200کیلووات ,,,00221,غیر رسمی,اورهال,,,805,19,2022-06-22 00:00:00.000,2022-01-16 00:00:00.000,,,,,,,,False,8
1799,موتور فن,,,,,سیم پیچی,,,806,107,2022-01-19 00:00:00.000,2022-01-16 00:00:00.000,,,,,,,,False,
1800,موتور کارواش 1400 دور 5/5kw,,,,,اورهال,,,807,111,2022-01-19 00:00:00.000,2022-01-17 00:00:00.000,,,,,,,,False,
1801,الکتروموتور 75کیلووات,,,00202,غیر رسمی,اورهال,,,808,19,2022-02-20 00:00:00.000,2022-01-22 00:00:00.000,,,,,,,,False,8
1802,الکتروموتور 75کیلووات,,,00202,غیر رسمی,اورهال,,,809,19,2022-02-20 00:00:00.000,2022-01-22 00:00:00.000,,,,,,,,False,8
1803,استاتور 200کیلووات,,,00202,غیر رسمی,اورهال,,,810,19,2022-02-20 00:00:00.000,2022-01-24 00:00:00.000,,,,,,,,False,8
1804,رتور 200کیلووات,,,00202,غیر رسمی,اورهال,,,811,19,2022-02-20 00:00:00.000,2022-01-24 00:00:00.000,,,,,,,,False,8
1805,الکتروموتور 250کیلووات,,,,,سیم پیچی,,,812,39,2022-02-06 00:00:00.000,2022-01-25 00:00:00.000,,,,,,,,False,
1806,الکتروموتور2.2 کیلووات,,,,,سیم پیچی,,,813,107,2022-03-02 00:00:00.000,2022-01-25 00:00:00.000,,,,106,28,,,False,0
1807,پمپ آب 2.2 کیلو وات,,,,,سیم پیچی,,,814,107,2022-03-02 00:00:00.000,2022-01-25 00:00:00.000,,,,,,,,False,
1808,الکتروموتور,,,236,رسمی,سیم پیچی,,,815,69,2022-05-07 00:00:00.000,2022-01-26 00:00:00.000,,,,,,,,False,5
1809,الکتروموتور,,,236,رسمی,سیم پیچی,,,816,69,2022-05-07 00:00:00.000,2022-01-26 00:00:00.000,,,,,,,,False,5
1810,الکتروموتور 15کیلووات,,,227,رسمی,سیم پیچی,,,817,106,2022-02-24 00:00:00.000,2022-01-26 00:00:00.000,,,,,,,,False,5
1811,پمپ آب ,,,227,رسمی,سیم پیچی,,,818,106,2022-03-08 00:00:00.000,2022-01-26 00:00:00.000,,,,,,,,False,5
1812,پمپ آب ,,,227,رسمی,سیم پیچی,,,819,106,2022-02-24 00:00:00.000,2022-01-26 00:00:00.000,,,,,,,,False,5
1835,تراکشن آلستوم کامل,,,266,رسمی,سیم پیچی,,,847,58,2022-09-21 00:00:00.000,2022-04-25 00:00:00.000,,,,,,,,False,5
1836,الکترو موتور kw350,,,233,رسمی,اورهال ,,,848,39,2022-04-26 00:00:00.000,2022-04-25 00:00:00.000,,,,,,,,False,5
1837,ترانس 1600KVA,,,258-259,رسمی,اورهال ,,,849,63,2022-05-28 00:00:00.000,2022-04-26 00:00:00.000,,,,,,,,False,5
1838,رکتی فایر 600 امپر,,,272-273,رسمی,ساخت تحریک,,,850,63,2022-06-21 00:00:00.000,2022-04-26 00:00:00.000,,,,,,,,False,5
1839,کنتانتور,,,272-273,رسمی,ساخت تحریک,,,851,63,2022-06-21 00:00:00.000,2022-04-26 00:00:00.000,,,,,,,,False,5
1840,الکترو موتور 18/5 کیلو وات,,,269,رسمی,سیم پیچی,,,852,106,2022-05-12 00:00:00.000,2022-04-26 00:00:00.000,,,,,,,,False,5
1841,قالپاق شکسته الکتروموتور,,,261,رسمی,خرید درب قالپاق,,,853,109,2022-05-31 00:00:00.000,2022-04-09 00:00:00.000,,,,,,,,False,5
1842,استاتور 200,,,00211,غیر رسمی,اورهال,,,854,90,2022-05-08 00:00:00.000,2022-04-28 00:00:00.000,,,,,,,,False,8
1843,تحریک,,,00211,غیر رسمی,اورهال,,,855,90,2022-05-08 00:00:00.000,2022-04-28 00:00:00.000,,,,,,,,False,8
1844,الکتروموتور22کیلووات,,,234*235,رسمی,سیم پیچی,,,856,40,2022-06-01 00:00:00.000,2022-04-28 00:00:00.000,,,,,,,,False,5
RE1/1656,ارمیچر فن دینامیک,,,,,برگشتی,,,857,53,2022-05-05 00:00:00.000,2022-04-09 00:00:00.000,,,,,,,,False,
1845,موتورنهویه 630kw,,,,,گارانتی,,,858,105,2022-07-20 00:00:00.000,2022-05-02 00:00:00.000,,,,106,28,,,False,3
1846,پمپ اب یک اسب,,,,,عودت ,,,859,106,2022-05-10 00:00:00.000,2022-05-08 00:00:00.000,,,,106,28,,,False,6
1847,گان هوایی 36/2kva,,,242,رسمی,سیم پیچی,,,860,22,2022-05-18 00:00:00.000,2022-05-09 00:00:00.000,,,,,,,,False,5
1848,الکتروموتورACDC,,,00223,غیر رسمی,سیم پیچی,,,861,8,2022-05-26 00:00:00.000,2022-05-09 00:00:00.000,,,,,,,,False,8
1849,الکتروموتور 15kw,,,,,عودت شد,,,862,106,2022-05-17 00:00:00.000,2022-05-10 00:00:00.000,,,,106,28,,,False,6
1850,الکتروموتور فن تهویه,,,264-265,رسمی,سیم پیچی,,,863,54,2022-06-01 00:00:00.000,2022-05-11 00:00:00.000,,,,,,,,False,5
1851,الکتروموتور7/5kw,,, ,,اسقاط شد,,,864,106,2022-05-17 00:00:00.000,2022-05-14 00:00:00.000,,,,,,,,False,
1852,نصب و راه اندازی رله,,,269,رسمی,سیم پیچی,,,865,106,2022-05-16 00:00:00.000,2022-05-15 00:00:00.000,,,,,,,,False,5
1853,پمپ اب 1/5kw,,,269,رسمی,سیم پیچی,,,866,106,2022-06-15 00:00:00.000,2022-05-17 00:00:00.000,,,,,,,,False,5
1854,ترانس گان هوایی,,,260,رسمی,سیم پیچی,,,867,22,2022-09-07 00:00:00.000,2022-05-19 00:00:00.000,,,,,,,,False,5
RE1/1596,ارمیچر فن دینامیک,AR0053KW,,,,برگشتی,,,868,53,2022-04-17 00:00:00.000,2022-05-18 00:00:00.000,,,,106,28,,,False,0
1855,موتورکولر,,,,,حاج حسین رحمت الهی,,,869,73,2022-05-23 00:00:00.000,2022-05-19 00:00:00.000,,,,,,,,False,
1856,موتورکولر,,,,,حاج حسین رحمت الهی,,,870,73,2022-05-23 00:00:00.000,2022-05-21 00:00:00.000,,,,,,,,False,
1857,موتورکولر,,,,,حاج حسین رحمت الهی,,,871,98,2022-06-09 00:00:00.000,2022-05-26 00:00:00.000,,,,,,,,False,
1858,فن تهویه,,,275-276,رسمی,سیم پیچی,,,872,54,2022-07-04 00:00:00.000,2022-06-01 00:00:00.000,,,,,,,,False,5
1859,الکترو موتور 18/5 کیلو وات,,,266-267,رسمی,سیم پیچی,,,873,40,2022-08-10 00:00:00.000,2022-06-01 00:00:00.000,,,,,,,,False,5
1860,الکترو موتور18/5 کیلووات,,,266-267,رسمی,سیم پیچی,,,874,40,2022-08-10 00:00:00.000,2022-06-01 00:00:00.000,,,,,,,,False,5
1861,صفحه های فیلتر روغن,,,,,سند پلاست,,,875,115,,2022-05-29 00:00:00.000,,,,,,,,False,
1862,الکتروموتور جرثقیل 31 kw,,,262/263,رسمی,سیم پیچی,,,876,109,2022-06-12 00:00:00.000,2022-06-06 00:00:00.000,,,,,,,,False,5
1863,4عدد قطب استاتور4/5تن,,,00220,غیر رسمی,ساخت,,,877,101,2022-06-12 00:00:00.000,2022-06-06 00:00:00.000,,,,,,,,False,8
1864,پمپ اب یک اسب,,,00217,غیر رسمی,سیم پیچی,,,878,111,2022-06-13 00:00:00.000,2022-06-08 00:00:00.000,,,,,,,,False,8
1865,الکتروموتور37KW,,,270-271,رسمی,سیم پیچی,,,879,50,2022-06-20 00:00:00.000,2022-06-13 00:00:00.000,2024-02-03,,,,,,,False,5
1866,الکتروموتورdc,,,00226,غیر رسمی,تعویض کلکتور,,,880,116,2022-07-17 00:00:00.000,2022-06-18 00:00:00.000,,,,,,,,False,8
1867,استاتور اکسیژن165,,,00219,غیر رسمی,اورهال,,,881,189,2022-06-19 00:00:00.000,2022-06-19 00:00:00.000,,,,106,28,,,False,8
1868,الکتروموتور110kw,,,301,رسمی,سیم پیچی و تعویض بلبرینگ,,,882,19,2023-03-15 00:00:00.000,2022-06-22 00:00:00.000,,,,,,,,False,5
1869,یوک ,,,,,عودت,,,883,109,2022-11-16 00:00:00.000,2022-06-20 00:00:00.000,,,,106,28,,,False,6
1870,یوک ,,,,,عودت,,,884,109,2022-11-16 00:00:00.000,2022-06-20 00:00:00.000,,,,106,28,,,False,6
1871,ارمیپر جرثقیل 2kw,,,279,رسمی,جوشکاری رتور,,,885,13,2022-07-23 00:00:00.000,2022-06-26 00:00:00.000,,,,,,,,False,5
1872,ارمیچر جرثقیل 5/5 kw,,,278,رسمی,جوشکاری رتور,,,886,13,2022-07-23 00:00:00.000,2022-06-26 00:00:00.000,,,,,,,,False,5
1873,استاتور و رتور تحریک,,,274,رسمی,سیم پیچی,,,887,118,2022-07-01 00:00:00.000,2022-06-26 00:00:00.000,2024-02-03,,,,,,,False,5
1874,پمپ اب0/5 kw,,,00227,غیر رسمی,سیم پیچی ,,,888,107,2022-07-03 00:00:00.000,2022-06-27 00:00:00.000,,,,,,,,False,8
1875,پمپ اب 0/75kw,,,00227,غیر رسمی,سیم پیچی ,,,889,107,2022-07-12 00:00:00.000,2022-06-27 00:00:00.000,,,,,,,,False,8
1876,پمپ اب 0/75 kw,,,00227,غیر رسمی,سیم پیچی ,,,890,107,2022-06-30 00:00:00.000,2022-06-27 00:00:00.000,,,,,,,,False,8
1877,الکتروموتور 1//1kw,,,0224,غیر رسمی,تعویض پلاتین و تعویض بلبرینگ ,,,891,98,2022-07-02 00:00:00.000,2022-06-29 00:00:00.000,,,,,,,,False,8
1878,موتورگیربکسی 1/5 kw,,,00246,غیر رسمی,تعویض بلبرینگ,,,892,98,2022-06-30 00:00:00.000,2022-06-30 00:00:00.000,,,,,,,,False,8
1879,الکتروموتور2800 دور 2/2kw,,,00227,غیر رسمی,سیم پیچی ,,,893,107,2022-07-12 00:00:00.000,2022-06-30 00:00:00.000,,,,,,,,False,8
1880,استاتور اکسیژن,,,281,رسمی,سیم پیچی تعویض عایق,,,894,26,2022-07-25 00:00:00.000,2022-07-02 00:00:00.000,,,,,,,,False,5
1881,پمپ اب 1 اسب,,,280,رسمی,سیم پیچی ,,,895,107,2022-07-12 00:00:00.000,2022-07-04 00:00:00.000,,,,,,,,False,5
1882,الکتروموتور ضدانفجار,,,313-314,رسمی,سیم پیچی جوش تراش در قالپاق ها,,,896,54,2022-10-25 00:00:00.000,2022-07-04 00:00:00.000,,,,,,,,False,5
1883,فن تهویه,,,282/283,رسمی,سیم پیچی ,,,897,54,2022-08-03 00:00:00.000,2022-07-04 00:00:00.000,,,,,,,,False,5
1884,ارمیچر 4/5 تن,,,309,رسمی,سیم پیچی و بازسازی کلکتور,,,898,41,2022-10-09 00:00:00.000,2022-07-05 00:00:00.000,,,,,,,,False,5
1885,ارمیچر 4/5 تن,,,309,رسمی,سیم پیچی و بازسازی کلکتور,,,899,41,2022-10-09 00:00:00.000,2022-07-05 00:00:00.000,,,,,,,,False,5
1886,الکتروموتور ac,,,277,رسمی,ساخت و تعویض شافت و بلبرینگ,,,900,22,2022-07-13 00:00:00.000,2022-07-05 00:00:00.000,,,,,,,,False,5
1887,پمپ اب 1 اسب ,,,280,رسمی,سیم پیچی ,,,901,107,2022-07-12 00:00:00.000,2022-07-06 00:00:00.000,,,,,,,,False,5
1888,الکتروموتورdc,,,302,رسمی,بازسازی ,,,902,13,2022-09-19 00:00:00.000,2022-07-06 00:00:00.000,,,,,,,,False,5
1889,الکتروموتور 2/2kw,,,00229,غیر رسمی,سیم پیچی تعویض بلبرینگ,,,903,119,2022-09-19 00:00:00.000,2022-07-08 00:00:00.000,,,,106,28,2025-12-10 21:48:26.583,2025-12-10 00:00:00.000,False,8
1890,استاتور 6کیلوولت 300kw,,,00242,غیر رسمی,اورهال,,,904,120,2022-08-24 00:00:00.000,2022-07-11 00:00:00.000,,,,,,,,False,8
1891,استاتور 6کیلوولت 300kw,,,00242,غیر رسمی,اورهال,,,905,120,2022-08-24 00:00:00.000,2022-07-11 00:00:00.000,,,,,,,,False,8
1892,استاتور 6کیلوولت 300kw,,,00237,غیر رسمی,اورهال,,,906,121,2022-08-24 00:00:00.000,2022-07-11 00:00:00.000,,,,,,,,False,8
1893,استاتور 6کیلوولت 300kw,,,00237,غیر رسمی,اورهال,,,907,122,2022-08-24 00:00:00.000,2022-07-11 00:00:00.000,,,,,,,,False,8
1894,رتورو استاتور تحریکو پلدیود,,,,,کارانجام نشده .قراره استعلام بگیرن,,,908,13,2022-07-12 00:00:00.000,2022-07-12 00:00:00.000,,,,106,28,,,False,6
0,الکتروموتور 37KW,,,,,برگشتی,,,909,50,2022-07-23 00:00:00.000,2022-07-12 00:00:00.000,,,,,,,,False,
1895,الکتروموتورAC,,,280,رسمی,سیم پیچی,,,910,107,2022-08-14 00:00:00.000,2022-07-12 00:00:00.000,,,,,,,,False,5
1896,الکتروموتورسروو,,,284,رسمی,سیم پیچی,,,911,40,2022-08-10 00:00:00.000,2022-07-12 00:00:00.000,,,,,,,,False,5
1897,الکتروموتور سروو,,,284,رسمی,سیم پیچی,,,912,40,2022-08-10 00:00:00.000,2022-07-12 00:00:00.000,,,,,,,,False,5
1898,الکتروموتورdc 10/5 hp,,,,,کد تکراری,,,913,113,2022-08-18 00:00:00.000,2022-07-14 00:00:00.000,,,,106,28,,,False,1
1899,الکتروموتور10/5 hp Dc,,,,,رفع اتصال,,,914,113,2022-08-18 00:00:00.000,2022-07-14 00:00:00.000,,,,,,,,False,
1900,الکتروموتور 3 فاز 4KW,,,,,سیم پیچی,,,915,107,2022-07-28 00:00:00.000,2022-07-17 00:00:00.000,,,,106,28,,,False,1
1901,پمپ اب 1/5 اسب,,,285,رسمی,سیم پیچی,,,916,107,2022-08-14 00:00:00.000,2022-07-17 00:00:00.000,,,,,,,,False,5
1902,فن تهویه,,,,,تعویض سربندی سیم پیچ قبلی شرکت ,,,917,54,2022-08-03 00:00:00.000,2022-07-20 00:00:00.000,,,,106,28,,,False,6
1903,جرثقیل سقفی,,,00232,غیر رسمی,سیم پیچی ,,,918,73,2022-07-22 00:00:00.000,2022-07-21 00:00:00.000,,,,,,,,False,8
1926,الکتروموتور 22KW ضد انفجار,,,294-295,رسمی,سیم پیچی,ناظری پور,,943,54,2022-09-06 00:00:00.000,2022-08-22 00:00:00.000,,2022-08-27,,,,,,False,5
1927,الکتروموتور 22KW ضد انفجار,,,294-295,رسمی,سیم پیچی,ناظری پور,,944,54,2022-09-06 00:00:00.000,2022-08-22 00:00:00.000,,2022-08-22,,,,,,False,5
1928,الکتروموتور 22KW ضد انفجار,,,304-305,رسمی,سیم پیچی,ناظری پور,,945,54,2022-09-19 00:00:00.000,2022-08-22 00:00:00.000,,2022-08-28,,,,,,False,5
1929,الکتروموتور 37KW ضد انفجار,,,296-297,رسمی,سیم پیچی,حمیدیان,,946,54,2022-09-06 00:00:00.000,2022-08-22 00:00:00.000,,2022-08-22,,,,,,False,5
1930,استاتور 200kw,,,290,رسمی,رفع عیب کویل 6دور به 3 دور,,,947,26,2022-08-25 00:00:00.000,2022-08-17 00:00:00.000,,,,,,,,False,5
1931,الکتروموتور 185kw,,,317,رسمی,سیم پیچی,ناظری پور,,948,126,2022-10-12 00:00:00.000,2022-08-29 00:00:00.000,,2022-08-29,,,,,,False,5
1932,الکتروموتور315kw,,,315-316,رسمی,سیم پیچی,بانوی,,949,40,2022-10-25 00:00:00.000,2022-08-29 00:00:00.000,,2022-09-03,,,,,,False,5
1933,الکتروموتور315kw,,,292,رسمی,اورهال,شاکری,,950,40,2022-09-04 00:00:00.000,2022-08-29 00:00:00.000,,2022-09-03,,,,,,False,5
1934,الکتروموتور dc,,,348-349-379,رسمی,سیم پیچی,بناء,,951,127,2023-03-13 00:00:00.000,2022-09-04 00:00:00.000,,2022-09-28,,,,,,False,5
1935,استاتور اکسیژن,,,4956,غیر رسمی,سیم پیچی,حمیدیان,,952,34,2022-11-06 00:00:00.000,2022-09-06 00:00:00.000,,2022-10-17,,,,,,False,8
1936,استاتور اکسیژن,,,00249,غیر رسمی,سیم پیچی,ریاحی,,953,34,2022-11-27 00:00:00.000,2022-09-06 00:00:00.000,,2022-10-18,,,,,,False,8
1937,تحریک استاتور اکسیژن,,,00249,غیر رسمی,سیم پیچی,,,954,34,2022-11-27 00:00:00.000,2022-09-06 00:00:00.000,,,,,,,,False,8
1938,گان هوایی  ,,,312,رسمی,رفع نشتی,ریاحی,,955,22,2022-10-18 00:00:00.000,2022-09-07 00:00:00.000,,2022-10-10,,,,,,False,5
1939,گان هوایی,,,340-341,رسمی,رفع نشتی,ریاحی,,956,22,2023-03-13 00:00:00.000,2022-09-07 00:00:00.000,,2022-10-10,,,,,,False,5
1940,تعمیر رتور در محل,,,303,رسمی,رفع اتصال,,,957,128,2022-09-08 00:00:00.000,2022-09-08 00:00:00.000,,,,,,,,False,5
1941,اکسیژن 90kw,,,00249,غیر رسمی,جهت برداشت نقشه به شرکت وارد شده,,,958,34,2022-11-27 00:00:00.000,2022-09-11 00:00:00.000,,,,,,,,False,8
1942,الکتروموتورkw,,,306-307,رسمی,سیم پیچی,ناظری پور,,959,54,2022-09-19 00:00:00.000,2022-09-12 00:00:00.000,,2022-09-13,,,,,,False,5
1943,الکتروموتور3 kw,,,308,رسمی,سیم پیچی,ناظری پور,,960,118,2022-11-09 00:00:00.000,2022-09-21 00:00:00.000,,2022-09-24,,,,,,False,5
RE1/1888,الکتروموتور DC,,,,,برگشتی,,,961,13,2022-10-17 00:00:00.000,2022-10-02 00:00:00.000,,,,106,28,,,False,3
1944,الکتروموتور  7/5kw,,,310-311,رسمی,اورهال,,,962,109,2022-10-13 00:00:00.000,2022-10-03 00:00:00.000,,,,,,,,False,5
1945,الکتروموتور 155kw,,,324,رسمی,اورهال,آقای رحمت اللهی,,963,118,2022-11-21 00:00:00.000,2022-10-09 00:00:00.000,,2022-10-10,,,,,,False,5
1946,الکتروموتور kw 407 dc ,,,4992,غیر رسمی,سیم پیچی,بنا,,964,116,2022-12-18 00:00:00.000,2022-10-18 00:00:00.000,,2022-10-22,,,,,,False,8
1947, مگنت,,,332,رسمی,سیم پیچی,ناظری پور,,965,116,2023-07-03 00:00:00.000,2022-10-18 00:00:00.000,,2022-10-23,,,,,,False,5
RE1/1938,ترانس گان هوایی سبز 38/27 kw,,,,,برگشتی,,,966,22,2022-11-05 00:00:00.000,2022-10-29 00:00:00.000,,,,106,28,,,False,3
1948,ترانس گان هوایی سبز 38/27 kw,,,320,رسمی,رفع نشتی,,,967,22,2022-10-30 00:00:00.000,2022-10-29 00:00:00.000,,,,106,28,,,False,5
1949,ترانس گان هوایی,,,340-341,رسمی,رفع نشتی,,,968,22,2023-03-13 00:00:00.000,2022-10-29 00:00:00.000,,,,106,28,,,False,5
1950,ترانس گان هوایی,,,340-341,رسمی,رفع نشتی,,,969,22,2023-03-13 00:00:00.000,2022-10-29 00:00:00.000,,,,106,28,,,False,5
RE1/1948,ترانس گان هوایی سبز 38/27 kw,,,,,برگشتی,,,970,22,2022-11-02 00:00:00.000,2022-11-01 00:00:00.000,,,,106,28,,,False,3
1951,ترانس گان هوایی سبز 38/27 kw,,,321,رسمی,رفع نشتی,,,971,22,2022-12-13 00:00:00.000,2022-11-01 00:00:00.000,,,,,,,,False,5
1952,استاتور اکسیژن 75کیلو وات,,,4957,غیر رسمی,سیم پیچی,آقای گرزین,,972,34,2022-11-09 00:00:00.000,2022-11-02 00:00:00.000,,2022-11-03,,,,,,False,8
1953,کفکش,,,,,عودت,,,973,118,2022-11-09 00:00:00.000,2022-11-05 00:00:00.000,,,,106,28,,,False,6
1954,استاتور اکسیژن 200KW,,,00249,غیر رسمی,سیم پیچی,بنا,,974,34,2022-11-27 00:00:00.000,2022-11-06 00:00:00.000,,2022-11-07,,,,,,False,8
RE1/1932,الکتروموتور 315kw,,,,,برگشتی,,,975,40,2022-11-08 00:00:00.000,2022-10-30 00:00:00.000,,,,106,28,,,False,3
1955,ترانس 15 mva,,,323-322,رسمی,ساخت شینه,,,976,130,2022-11-20 00:00:00.000,2022-10-24 00:00:00.000,,,,,,,,False,5
1956,الکتروموتور3 kw,,,326,رسمی,اورهال,,,977,40,2022-11-18 00:00:00.000,2022-11-14 00:00:00.000,,,,,,,,False,5
RE2/1932,الکتروموتور 315kw,,,,رسمی,برگشتی,,,978,131,2023-01-08 00:00:00.000,2022-11-15 00:00:00.000,,,,106,28,,,False,3
RE2/1888,الکتروموتور DC,,,,,برگشتی,,,979,13,2022-11-30 00:00:00.000,2022-11-16 00:00:00.000,,,,106,28,,,False,3
1957,الکتروموتور 75kw  900دور,,,330,رسمی,ساخت شفت,ریاحی,,980,22,2022-12-13 00:00:00.000,2022-11-26 00:00:00.000,,2022-12-11,,,,,,False,5
RE1/1905,الکتروموتور 42 kw,,,,,برگشتی,,,981,123,2022-12-09 00:00:00.000,2022-11-27 00:00:00.000,,,,106,28,,,False,3
RE2/1792,مگنت,,,,,برگشتی,,,982,109,2023-04-18 00:00:00.000,2022-11-21 00:00:00.000,,,,106,28,,,False,3
1958,"3عددتابلوبرق-1 عدد ریکتفایر-1عدد 
استپ رینگ و جا زغالی",,,337-338,رسمی,ساخت,سرکبیری,,983,63,2023-01-28 00:00:00.000,2022-11-28 00:00:00.000,2024-02-03,2022-12-11,,,,,,False,5
1959,استاتور 200 kw ,,,4561,غیر رسمی,اورهال,,,984,37,2022-12-03 00:00:00.000,2022-11-29 00:00:00.000,,,,,,,,False,8
1960,روتور تحریک ژنراتور نیروگاه ,,,3279,غیر رسمی,اورهال,,,985,92,2023-02-08 00:00:00.000,2022-11-28 00:00:00.000,,,,,,,,False,8
1961,استاتور تحریک,,,3279,غیر رسمی,سیم پیچی,,,986,92,2023-01-28 00:00:00.000,2022-08-17 00:00:00.000,,,,,,,,False,8
1962,استارت,,,4974,غیر رسمی,سیم پیچی,بناء,,987,92,2023-02-08 00:00:00.000,2022-12-12 00:00:00.000,,2022-12-10,,,,,,False,8
1963,رتور الکتروموتورجرثقیل دماگ,,,465,رسمی,تعویض رتور بار,علی ریاحی,,988,13,2024-01-06 00:00:00.000,2022-12-14 00:00:00.000,,2023-12-24,,,,,,False,5
1964,"استاتور اکسیژن 315kw 6000v
16عدد قطب رتور",,,4967,غیر رسمی,سیم پیچی,,,989,90,2023-01-18 00:00:00.000,2022-12-20 00:00:00.000,,,,,,,,False,8
1965,شینه  نیروگاهی پروژه عراق,,,4977,غیر رسمی,بازسازی,,,990,92,2023-01-21 00:00:00.000,2022-12-28 00:00:00.000,,2023-01-21,,,,,,False,8
1966,الکتروموتور407kw dc  ,,,333,رسمی,اورهال,بناء,,991,116,2023-01-23 00:00:00.000,2023-01-02 00:00:00.000,,2023-01-11,,,,,,False,5
1967,الکتروموتور 75  kw,,,371-372,رسمی,تغییر دور سیم پیچی,شاکری,,992,54,2023-07-25 00:00:00.000,2023-01-04 00:00:00.000,,2023-01-15,,,,,,False,5
1968,الکتروموتور  75 kw,,,342-343,رسمی,اورهال,,,993,54,2023-02-09 00:00:00.000,2023-01-04 00:00:00.000,,,,,,,,False,5
1969,الکتروموتور  30 kw,,,342-343,رسمی,سیم پیچی,بانوی,,994,54,2023-02-09 00:00:00.000,2023-01-04 00:00:00.000,2024-02-03,2023-01-15,,,,,,False,5
1970, الکتروموتور1400دور-5/5کیلو وات,,,331,رسمی,سیم پیچی,شاکری,,995,93,2023-01-23 00:00:00.000,2023-01-17 00:00:00.000,2024-02-03,2023-01-18,,,,,,False,5
1971, الکتروموتور1400دور-5/5کیلو وات,,,331,رسمی,سیم پیچی,شاکری,,996,93,2023-01-23 00:00:00.000,2023-01-17 00:00:00.000,,2023-01-18,,,,,,False,5
1972,200کیلو وات 165 متری,,,4975,غیر رسمی,سیم پیچی,شاکری,,997,189,2023-02-06 00:00:00.000,2023-01-30 00:00:00.000,,,,106,28,,,False,8
1973,اسلیپ رینگ,,,4980,غیر رسمی,ساخت,,,998,8,2023-02-17 00:00:00.000,2023-02-05 00:00:00.000,,,,,,,,False,8
1974,استارت,,,4978,غیر رسمی,سیم پیچی,,,999,113,2023-02-13 00:00:00.000,2023-02-06 00:00:00.000,,,,,,,,False,8
1975,الکتروموتور 3 کیلووات 2800 دور,,,,,عودت,,,1000,119,2023-02-16 00:00:00.000,2023-02-07 00:00:00.000,,,,106,28,,,False,6
1976,ترانس گان هوایی سبز 38/27 kw,,,340-341,رسمی,سیم پیچی,,,1001,22,2023-03-13 00:00:00.000,2023-01-16 00:00:00.000,,,,,,,,False,5
1978,الکتروموتور 5 kw,,,336,رسمی,سیم پیچی,,,1003,93,2023-02-25 00:00:00.000,2023-02-15 00:00:00.000,,,,,,,,False,5
1979,الکتروموتور 5/5  kw,,,334,رسمی,سیم پیچی,شاکری,,1004,93,2023-02-21 00:00:00.000,2023-02-15 00:00:00.000,,2023-02-21,,,,,,False,5
1980, الکتروموتور 75  kw,,,,,چک بالانس,عودت,,1005,42,2023-02-17 00:00:00.000,2023-02-14 00:00:00.000,,,,106,28,,,False,6
1981,الکتروموتور 5/5 kw,,,3272,غیر رسمی,سیم پیچی,بانوی,,1006,119,2023-05-21 00:00:00.000,2023-02-16 00:00:00.000,,,,106,28,,,False,8
1982,ترانس گان هوایی,,,340-341,رسمی,سیم پیچی,,,1007,22,2023-03-13 00:00:00.000,2023-02-19 00:00:00.000,,,,,,,,False,5
1983,ترانس گان هوایی 150KVA,,,340-341,رسمی,سیم پیچی,,,1008,22,2023-03-13 00:00:00.000,2023-02-19 00:00:00.000,,,,,,,,False,5
1984,استاتور200kw,,,344,رسمی,اورهال,شاکری,,1009,24,2023-03-04 00:00:00.000,2023-02-22 00:00:00.000,,,,106,28,,,False,5
1985,استاتور200kw,,,4987,غیر رسمی,رفع اتصال,,,1010,133,2023-03-01 00:00:00.000,2023-02-22 00:00:00.000,,,,,,,,False,8
1986,جرثقیل دماگ,,,339,رسمی,سیم پیچی,شاکری,,1011,42,2023-03-04 00:00:00.000,2023-02-23 00:00:00.000,2024-02-03,2023-02-25,,,,,,False,5
1987,استاتور آلستوم,,,464,رسمی,سیم پیچی,ناظری پور,,1012,58,2024-03-17 00:00:00.000,2023-02-23 00:00:00.000,,2023-02-25,,,,,,False,5
1988,ژنراتور 315kva,,,356,رسمی,سیم پیچی,,,1013,118,2023-06-10 00:00:00.000,2023-02-23 00:00:00.000,,,,,,,,False,5
1989,آرمیچر8 تن,,,4988,غیر رسمی,بدون خدمات,,,1014,101,2023-02-09 00:00:00.000,2023-01-10 00:00:00.000,,,,,,,,False,8
1990,الکتروموتور22kw,,,362-363,رسمی,رفع عیب روتور,,,1015,134,2023-06-14 00:00:00.000,2023-03-02 00:00:00.000,,,,,,,,False,5
1991,الکتروموتور 1/1kw- دور00 28,,,4991,غیر رسمی,سیم پیچی,,,1016,135,2023-03-07 00:00:00.000,2023-03-04 00:00:00.000,,,,,,,,False,8
1992,الکتروموتور 2/2 کیلووات 1400 دور,,,4993,غیر رسمی,سیم پیچی,,,1017,111,2023-03-15 00:00:00.000,2023-03-05 00:00:00.000,,,,,,,,False,8
1993,"استاتور 6000ولت
315 کیلووات",,,3275,غیر رسمی,اورهال,,,1018,136,2023-05-29 00:00:00.000,2023-03-11 00:00:00.000,,,,,,,,False,8
1994,"استاتور 6ولت
315 کیلو وات",,,3275,غیر رسمی,سیم پیچی,,,1019,136,2023-05-29 00:00:00.000,2023-03-11 00:00:00.000,,,,,,,,False,8
1995,ترانس,,,3275,غیر رسمی,سیم پیچی,,,1020,136,2023-05-29 00:00:00.000,2023-03-11 00:00:00.000,,,,,,,,False,8
1996,الکتروموتور 37 kw,,,346,رسمی,اورهال,,,1021,39,2023-03-12 00:00:00.000,2023-03-11 00:00:00.000,,,,,,,,False,5
1997,گان هوایی بزرگ قرمز,,,341,رسمی,سیم پیچی,,,1022,22,2023-03-18 00:00:00.000,2023-03-13 00:00:00.000,,,,,,,,False,5
1998,الکتروموتور160KW,,,369-370,رسمی,سیم پیچی,,,1023,22,2023-04-30 00:00:00.000,2023-04-05 00:00:00.000,,,,,,,,False,5
1999,الکترموتور 154 kw,,,352,رسمی,سیم پیچی,آقای گرزین,,1024,116,2023-07-03 00:00:00.000,2023-04-05 00:00:00.000,,2023-04-20,,,,,,False,5
2000,الکتروموتور 75kw,,,353,رسمی,سیم پیچی,سرکبیری,,1025,116,2023-07-03 00:00:00.000,2023-04-13 00:00:00.000,,2023-04-27,,,,,,False,5
2001,اسلیپ رینگ,,,3279,غیر رسمی,اورهال,,,1026,92,2023-04-20 00:00:00.000,2023-04-16 00:00:00.000,,,,,,,,False,8
2002,الکتروموتور dc,,,0843,غیر رسمی,اورهال,,,1027,25,2024-03-11 00:00:00.000,2023-04-11 00:00:00.000,,,,106,28,,,False,8
2003,الکتروموتور dc,,,0843,غیر رسمی,اورهال,شاکری,,1028,25,2024-03-11 00:00:00.000,2023-04-11 00:00:00.000,,,,106,28,,,False,8
2004,الکتروموتور 37kw  دور2800,,,346,رسمی,اورهال,,,1029,39,2023-04-24 00:00:00.000,2023-04-19 00:00:00.000,,,,,,,,False,5
2005,بلبرینگ گرمکن,,,354,رسمی,سیم پیچی,آقای رحمت اللهی,,1030,116,2023-07-03 00:00:00.000,2023-04-19 00:00:00.000,,2023-04-24,,,,,,False,5
2006,ترانس گان هوایی,,,,,عودت,,,1031,22,2023-05-10 00:00:00.000,2023-05-01 00:00:00.000,,,,106,28,,,False,6
RE1/1998,الکتروموتور160KW,,,405-406,رسمی,سیم پیچی,,,1032,22,2023-05-25 00:00:00.000,2023-05-06 00:00:00.000,,,,106,28,,,False,5
2007,آرمیچر  dc لیفتراک,,,3268,غیر رسمی,اورهال,,,1033,107,2023-05-10 00:00:00.000,2023-05-07 00:00:00.000,,,,,,,,False,8
2008,الکتروموتور 155kw,,,367,رسمی,اورهال,,,1034,118,2023-07-02 00:00:00.000,2023-05-09 00:00:00.000,,,,,,,,False,5
2009,الکتروموتور 75kw,,,347,رسمی,سیم پیچی,ریاحی,,1035,73,2023-05-17 00:00:00.000,2023-05-10 00:00:00.000,,2023-05-11,,,,,,False,5
2010,الکتروموتور 37kw,,,350,رسمی,سیم پیچی,ناظری پور,,1036,39,2023-05-23 00:00:00.000,2023-05-14 00:00:00.000,,2023-05-17,,,,,,False,5
2011,جرثقیل بلغار 13kw,,,358-359,رسمی,سیم پیچی,شاکری,,1037,22,2023-05-20 00:00:00.000,2023-05-16 00:00:00.000,,,,106,28,,,False,5
2012,الکتروموتور 150kw,,,3277,غیر رسمی,اورهال,,,1038,138,2023-05-23 00:00:00.000,2023-05-18 00:00:00.000,,,,,,,,False,8
2013,موتور گیربکس4kw,,,357,رسمی,اورهال,ریاحی,,1039,118,2023-06-17 00:00:00.000,2023-05-21 00:00:00.000,,2023-06-06,,,,,,False,5
2014,الکتروموتور7/5kw,,,364-365,رسمی,سیم پیچی,شاکری,,1040,134,2023-06-19 00:00:00.000,2023-05-27 00:00:00.000,,2023-06-07,,,,,,False,5
2015,ترانس گان هوایی 150KVA,,,375-376,رسمی,سیم پیچی,,,1041,22,2023-07-25 00:00:00.000,2023-05-29 00:00:00.000,,,,,,,,False,5
2016,ترانس تحریک ژنراتور 200 kw,,,355,رسمی,سیم پیچی,,,1042,139,2023-06-10 00:00:00.000,2023-06-06 00:00:00.000,,,,,,,,False,5
2017,جرثقیل بلغار 13kw,,,360-361,رسمی,سیم پیچی,شاکری,,1043,22,2023-06-14 00:00:00.000,2023-06-10 00:00:00.000,,2023-06-10,,,,,,False,5
2018,الکتروموتور 75kw,,,366,رسمی,رفع اتصال,,,1044,118,2023-06-20 00:00:00.000,2023-06-17 00:00:00.000,,,,,,,,False,5
RE2/1998,الکتروموتور160KW,,,,,برگشتی,,,1045,22,2023-06-28 00:00:00.000,2023-05-30 00:00:00.000,,,,106,28,,,False,3
2019,الکتروموتور گیربکسی 3kw و الکتروموتور4kw,,,368,رسمی,سیم پیچی,,,1046,118,2023-07-02 00:00:00.000,2023-06-19 00:00:00.000,,,,,,,,False,5
2020,الکتروموتور جرثقیل12/5kw,,,375-376,رسمی,اورهال,,,1047,22,2023-07-25 00:00:00.000,2023-07-01 00:00:00.000,,,,,,,,False,5
2021,استاتور,,,1289,غیر رسمی,سیم پچی موضعی,بیزه,,1048,37,2023-07-20 00:00:00.000,2023-07-13 00:00:00.000,,2023-07-15,,,,,,False,8
2022,الکتروموتور1000kw,,,402,رسمی,اورهال,شاکری,,1049,140,2023-10-17 00:00:00.000,2023-07-13 00:00:00.000,,2023-07-25,,,,,,False,5
2023,کفکش,,,3286,غیر رسمی,اورهال,,,1050,141,2023-07-26 00:00:00.000,2023-07-18 00:00:00.000,,,,,,,,False,8
2024,ترانس گان هوایی,,,375-376,رسمی,سیم پیچی,بیزه,,1051,22,2023-07-25 00:00:00.000,2023-07-18 00:00:00.000,,2023-07-22,,,,,,False,5
2025,ترانس گان هوایی,,,375-376,رسمی,سیم پیچی,ریاحی,,1052,22,2023-08-09 00:00:00.000,2023-07-18 00:00:00.000,,2023-07-22,,,,,,False,5
2026,2عدد قطب استاتور تحریک,,,3293,غیر رسمی,سیم پیچی,,,1053,37,2023-07-26 00:00:00.000,2023-07-21 00:00:00.000,,,,,,,,False,8
2027,الکتروموتور 315kw 2800دور,,,417,رسمی,تعویض شفت,ریاحی,,1054,22,2023-10-19 00:00:00.000,2023-07-22 00:00:00.000,,2023-08-27,,,,,,False,5
2028,روتور الکتروموتور 11kw,,,,,عودت,,,1055,71,2023-08-05 00:00:00.000,2023-07-22 00:00:00.000,,,,106,28,,,False,6
2029,روتور تحریک اکسیژن 200 kw,,,3293,غیر رسمی,سیم پیچی,بیزه,,1056,37,2023-07-26 00:00:00.000,2023-07-23 00:00:00.000,,2023-07-24,,,,,,False,8
2030,ویبره,,,377-378,رسمی,سیم پیچی,شاکری ,,1057,96,2023-08-07 00:00:00.000,2023-07-25 00:00:00.000,,2023-07-25,,,,,,False,5
2031,ویبره,,,377-378,رسمی,سیم پیچی,جوان,,1058,96,2023-08-07 00:00:00.000,2023-07-25 00:00:00.000,,2023-07-25,,,,,,False,5
2032,الکتروموتور AC,,,373-374,رسمی,سوخته,جوان,,1059,54,2023-08-05 00:00:00.000,2023-07-25 00:00:00.000,,2023-07-26,,,,,,False,5
2033,"الکتروموتور 75 kw
1400دور",,,390,رسمی,اورهال,,,1060,42,2023-08-07 00:00:00.000,2023-08-06 00:00:00.000,,,,,,,,False,5
2034,"الکتروموتور 75 kw
1400دور",,,390,رسمی,اورهال,,,1061,42,2023-08-07 00:00:00.000,2023-08-06 00:00:00.000,,,,,,,,False,5
2035,"الکتروموتور dc 407
1500تا3000 دور",,,380,رسمی,اورهال,جوان,,1062,116,2023-10-17 00:00:00.000,2023-08-08 00:00:00.000,,2023-08-09,,,,,,False,5
2036,"الکتروموتور 110kw
900دور-اسلیپ رینگ دار",,,,,اورهال,,,1063,22,,2023-08-09 00:00:00.000,,,,,,,,False,
2037,آرمیچر 630 kw,,,601,رسمی, سیم پیچی,جوان,,1064,142,2024-08-17 00:00:00.000,2023-08-09 00:00:00.000,,2023-08-12,,,,,,False,5
2038,"الکتروموتور 110kw
730دور-3300ولت",,,397,رسمی,اورهال و تعویض بلبرینگ,شاکری,,1065,143,2023-08-17 00:00:00.000,2023-08-14 00:00:00.000,2024-02-03,2023-08-14,,,,,,False,5
2039,الکتروموتور  DC 110KW,,,393,رسمی,اورهال و تعویض بلبرینگ, شاکری,,1066,143,2023-10-14 00:00:00.000,2023-08-14 00:00:00.000,,2023-08-14,,,,,,False,5
2040,استاتور 315 KW,,,382,رسمی,سیم پیچی موضعی,ریاحی,,1067,128,2023-09-10 00:00:00.000,2023-08-14 00:00:00.000,,2023-08-14,,,,,,False,5
2041,الکتروموتور  dc 362kw,,,381,رسمی,سیم پیچی,,,1068,91,2023-08-14 00:00:00.000,2023-08-09 00:00:00.000,,,,,,,,False,5
2042,الکتروموتور DC 113KW,,,394,رسمی,اورهال ,ناظری پور,,1069,143,2023-10-14 00:00:00.000,2023-08-17 00:00:00.000,,2023-08-17,,,,,,False,5
2043,الکتروموتور DC 308KW,,,399,رسمی,اورهال,ناظری پور,,1070,143,2023-10-14 00:00:00.000,2023-08-17 00:00:00.000,,2023-08-17,,,,,,False,5
2044,الکتروموتور DC 145KW,,,395,رسمی,اورهال,شاکری,,1071,143,2023-10-14 00:00:00.000,2023-08-17 00:00:00.000,,2023-08-17,,,,,,False,5
2045,الکتروموتور DC 106KW,,,398,رسمی,اورهال,شاکری,,1072,143,2023-10-14 00:00:00.000,2023-08-17 00:00:00.000,,2023-08-17,,,,,,False,5
2046,الکتروموتور75KW-1485RPM,,,3296,غیر رسمی,اورهال ,شاکری,,1073,73,2023-08-21 00:00:00.000,2023-08-20 00:00:00.000,,,,106,28,,,False,8
2047,"الکتروموتور 2/2kw
1400دور موتوژن",,,384-385,رسمی,سیم پیچی,ریاحی,,1074,134,2023-09-12 00:00:00.000,2023-08-21 00:00:00.000,,2023-08-26,,,,,,False,5
2048,"الکتروموتور 7/5KW
1400دور",,,384-385,رسمی,سیم پیچی,بیزه,,1075,134,2023-08-29 00:00:00.000,2023-08-21 00:00:00.000,,2023-08-22,,,,,,False,5
2049,ترانس گان هوایی سبز 38/27 kw,,,,,عودت,,,1076,22,2023-08-29 00:00:00.000,2023-08-21 00:00:00.000,,,,106,28,,,False,6
2050,"الکتروموتور 7/5KW
1400دور",,,3296,غیر رسمی,اورهال,,,1077,73,2023-08-22 00:00:00.000,2023-08-21 00:00:00.000,,,,,,,,False,8
2051,الکتروموتور 315-990 دور KW,,,403,رسمی,تعویض شفت + سیم پیچی,بیزه,,1078,140,2023-10-15 00:00:00.000,2023-08-22 00:00:00.000,2024-02-03,2023-09-09,,,,,,False,5
2052,الکتروموتور 5500 KW,,,458-459-460,رسمی,اورهال,,اورهال در محل در اسفند 1402,1079,140,2023-09-05 00:00:00.000,2023-08-22 00:00:00.000,,,,,,,,False,5
2053,الکتروموتور 3kw 1400دور,,,386-387,رسمی,سیم پیچی,ریاحی,,1080,134,2023-09-12 00:00:00.000,2023-08-29 00:00:00.000,,2023-08-29,,,,,,False,5
2054,"الکتروموتور 1410kw
10-650دور",,,396,رسمی,اورهال,جوان,,1081,143,2023-10-14 00:00:00.000,2023-08-30 00:00:00.000,,,,106,28,,,False,5
2055,"ژنراتور اصلی و کمکی
هیتاچی",,,389,رسمی,اورهال,جوان,,1082,70,2023-09-24 00:00:00.000,2023-08-31 00:00:00.000,,2023-09-04,,,,,,False,5
2056,گان هوایی مشکی 150kav,,,391-392,رسمی,سیم پیچی,,,1083,22,2023-10-11 00:00:00.000,2023-09-12 00:00:00.000,,,,,,,,False,5
2057,الکتروموتور 30KW 2800دور,,,383,رسمی,سیم پیچی, بیزه,,1084,145,2023-09-18 00:00:00.000,2023-09-12 00:00:00.000,,2023-09-12,,,,,,False,5
2058,الکتروموتور22kw 1400دور,,,408,رسمی,اورهال,ریاحی,,1085,118,2023-09-23 00:00:00.000,2023-09-21 00:00:00.000,,2023-09-21,,,,,,False,5
2059,پمپ کمپروسر,,,388,رسمی,سیم پیچی,ریاحی,,1086,107,2023-09-30 00:00:00.000,2023-09-26 00:00:00.000,,2023-09-26,,,,,,False,5
2060,الکتروموتور160kw AC 1500 دور,,,401,رسمی,سیم پیچی,مستخدمی,,1087,96,2023-10-11 00:00:00.000,2023-09-29 00:00:00.000,,2023-09-30,,,,,,False,5
2061,"الکتروموتور110kw
1500دور",,,404,رسمی,سیم پیچی کامل,ریاحی,,1088,96,2023-10-26 00:00:00.000,2023-10-06 00:00:00.000,2024-02-03,2023-10-08,,,,,,False,5
2062,"الکتروموتور گیربکس3 kw
1480 دور",,,409,رسمی,سیم پیچی کامل, شاکری,,1089,118,2023-10-18 00:00:00.000,2023-10-09 00:00:00.000,,2023-10-11,,,,,,False,5
2063,گان هوایی مشکی 150kav,,,411-412,رسمی,سیم پیچی,ریاحی,,1090,22,2023-10-13 00:00:00.000,2023-10-11 00:00:00.000,2024-02-03,2023-10-12,,,,,,False,5
RE1/2063,گان هوایی مشکی 150kva,,,,,برگشتی,,,1091,22,2023-10-30 00:00:00.000,2023-10-14 00:00:00.000,,,,106,28,,,False,3
RE1/2056,گان هوایی مشکی150kva,,,,,برگشتی,,,1092,22,2023-11-01 00:00:00.000,2023-10-14 00:00:00.000,,,,106,28,,,False,3
2064,گان  هوایی 150 kva,,,415-416,رسمی,سیم پیچی,,,1093,22,2023-11-15 00:00:00.000,2023-10-14 00:00:00.000,,,,106,28,,,False,5
2065,استاتور اکسیژن 165kw,,,407,رسمی,سیم پیچی,شاکری,,1094,24,2023-11-04 00:00:00.000,2023-10-15 00:00:00.000,,,,106,28,,,False,5
2066,استاتور اکسیژن  165kw,,,407,رسمی,اورهال,مستخدمی,,1095,24,2023-11-04 00:00:00.000,2023-10-15 00:00:00.000,,,,106,28,,,False,5
2067,گان هوایی سبز,,,,,عودت,,,1096,22,2023-10-24 00:00:00.000,2023-10-23 00:00:00.000,,,,106,28,,,False,6
2068,الکتروموتور315kw,,,"417-418
475-476",رسمی,سیم پیچی,شاکری,,1097,22,2024-04-28 00:00:00.000,2023-10-23 00:00:00.000,,,,106,28,,,False,5
2069,الکترو موتور1000kw,,48575,425,رسمی,سرویس اورهال,,,1098,140,2023-11-29 00:00:00.000,2023-10-24 00:00:00.000,2024-02-03,,,,,,,False,5
2070,اکسیژن 200kw,,,,,عودت,,,1099,146,2023-11-05 00:00:00.000,2023-10-25 00:00:00.000,,,,106,28,,,False,6
2071,اکسیژن 200kw,,,0806,غیر رسمی,سرویس اورهال,,,1100,146,2023-11-05 00:00:00.000,2023-10-25 00:00:00.000,,,,,,,,False,8
2072,الکترو موتور 5/5 تن,,48589,430-431,رسمی,سیم پیچی,گرزین,,1101,54,2024-01-01 00:00:00.000,2023-10-28 00:00:00.000,,2023-10-30,,,,,,False,5
2095,استاتور315kw,,48593,0823,,سرویس اورهال,ریاحی,,1124,19,2024-01-13 00:00:00.000,2023-12-25 00:00:00.000,,,,106,28,,,False,8
2094,روتور 200kw,,,0823,غیر رسمی,سرویس اورهال,ریاحی,,1125,19,2024-02-28 00:00:00.000,2023-12-25 00:00:00.000,2024-05-23,2023-12-26,,,,,,False,8
2096,سروو موتور,,,,,سیم پیچی فشار ضعیف,جوان,عدم تایید کارفرما,1126,69,2024-01-30 00:00:00.000,2023-12-26 00:00:00.000,,,,106,28,,,False,4
2097,سروو موتور2آمپرdc-مدلpk268-E2.0A,,,,,اورهال,رحمت اللهی,عدم تایید کارفرما,1127,69,2024-01-30 00:00:00.000,2023-12-26 00:00:00.000,,,,106,28,,,False,4
2098,الکتروموتور75kw,,,440,رسمی,سیم پیچی فشار ضعیف,بیزهء,,1128,42,2024-01-16 00:00:00.000,2023-12-28 00:00:00.000,,2023-12-31,,,,,,False,5
2099,الکتروموتور75kw,,,432,رسمی,اورهال,بیزهء,,1129,42,2024-01-01 00:00:00.000,2023-12-28 00:00:00.000,,2023-12-31,,,,,,False,5
2100,الکتروموتورفاز پمپ آب ,,,432,رسمی,اورهال,بیزهء,,1130,42,2024-01-01 00:00:00.000,2023-12-28 00:00:00.000,,2023-12-31,,,,,,False,5
2101,ترانس رکتی فایر (دستگاه جوش),,48595,444-445,رسمی,ساخت,ریاحی,,1131,63,2024-01-19 00:00:00.000,2024-01-09 00:00:00.000,2024-02-03,2024-01-15,,,,,,False,5
2102,ترانس رکتی فایر (دستگاه جوش),,48595,444-445,رسمی,ساخت,ریاحی,,1132,63,2024-01-19 00:00:00.000,2024-01-09 00:00:00.000,2024-02-03,2024-01-15,,,,,,False,5
2103,ترانس رکتی فایر (دستگاه جوش),,48595,444-445,رسمی,ساخت,ریاحی,,1133,63,2024-01-19 00:00:00.000,2024-01-09 00:00:00.000,2024-02-03,2024-01-15,,,,,,False,5
2104,الکتروموتور5/5 تن,,48599,450-451,رسمی,اورهال,مستخدمی,,1134,54,2024-02-06 00:00:00.000,2024-01-01 00:00:00.000,2024-02-06,2024-01-14,,,,,,False,5
2105,الکتروموتور 30kw-دور 950,,48596,442-443,رسمی,سیم پیچی,گرزین,,1135,134,2024-01-22 00:00:00.000,2024-01-16 00:00:00.000,2024-01-29,2024-01-16,,,,,,False,5
2106,الکتروموتور2/2KW,,,0816,غیر رسمی,سیم پیچی,ریاحی,,1136,149,2024-01-27 00:00:00.000,2024-01-21 00:00:00.000,,2024-01-21,,,,,,False,8
2107,مگنت,,,446-447,رسمی,سیم پیچی,گرزین,,1137,96,2024-01-29 00:00:00.000,2024-01-22 00:00:00.000,2024-01-29,2024-01-23,,,,,,False,5
2108,مگنت,,,446-447,رسمی,سیم پیچی,گرزین,,1138,96,2024-01-29 00:00:00.000,2024-01-22 00:00:00.000,2024-01-29,2024-01-23,,,,,,False,5
2109,مگنت,,,446-447,رسمی,سیم پیچی,گرزین,,1139,96,2024-01-29 00:00:00.000,2024-01-22 00:00:00.000,2024-01-29,2024-01-23,,,,,,False,5
2110,"الکتروموتور 91kw
2440دور",,,820,غیر رسمی,اورهال,گرزین,,1140,150,2024-01-30 00:00:00.000,2024-01-25 00:00:00.000,2024-02-03,2024-01-25,,,,,,False,8
2111,استاتور آلستوم,,,536,رسمی,سیم پیچی,بیزهء,,1141,58,2024-10-16 00:00:00.000,2024-01-27 00:00:00.000,,2024-01-28,,,,,,False,5
2112,استاتور آلستوم,,,464,رسمی,سیم پیچی,ریاحی,,1142,58,2024-03-17 00:00:00.000,2024-01-27 00:00:00.000,,2024-01-28,,,,,,False,5
2113,الکتروموتور 45KW,,,449,رسمی,اورهال,رحمت اللهی,,1143,118,2024-01-28 00:00:00.000,2024-01-28 00:00:00.000,,2024-01-28,,,,,,False,5
2114,موتورگیربکسی 3KW,,,448,رسمی,سیم پیچی,شاکری,,1144,118,2024-02-18 00:00:00.000,2024-01-28 00:00:00.000,2024-02-03,2024-01-30,,,,,,False,5
2115,الکتروموتور4.5تن,,,532-533,رسمی,سیم پیچی,مستخدمی,,1145,54,2024-10-10 00:00:00.000,2024-02-05 00:00:00.000,,2024-02-06,,,,,,False,5
2138,"استاتور 30kw
1470دور",,,468-469,رسمی,سیم پیچی,آقای گرزین,,1168,96,2024-04-07 00:00:00.000,2024-03-12 00:00:00.000,2024-05-12,2024-03-15,,,,,,False,5
2139,"استاتور 30kw
1470دور",,,477-478,رسمی,سیم پیچی,آقای گرزین,,1169,96,2024-04-07 00:00:00.000,2024-03-12 00:00:00.000,2024-05-12,2024-03-15,,,,,,False,5
2140,"استاتور 30kw
1470دور",,,479-480,رسمی,سیم پیچی,آقای گرزین,,1170,96,2024-04-07 00:00:00.000,2024-03-12 00:00:00.000,2024-05-12,2024-03-15,,,,,,False,5
2141,استاتور آلستوم,,,483,رسمی,سیم پیچی,حسینیان زاده,,1171,58,2024-05-23 00:00:00.000,2024-03-17 00:00:00.000,,2023-05-02,,,,,,False,5
2142,استاتور آلستوم,,,483,رسمی,سیم پیچی,حسینیان زاده,,1172,58,2024-05-23 00:00:00.000,2024-03-17 00:00:00.000,,2023-05-02,,,,,,False,5
2143,استاتور 98kw,,,463,رسمی,سرویس اسلیپ رینگ,,,1173,152,2024-04-02 00:00:00.000,2024-03-27 00:00:00.000,,,,,,,,False,5
2144,الکتروموتور DC,,,0828,غیر رسمی,فولی,,,1174,76,2024-03-30 00:00:00.000,2024-03-27 00:00:00.000,,,,,,,,False,8
2145,"الکتروموتورDC 
470kw",,,486,رسمی,سیم پیچی, ناظری پور,,1175,116,2024-06-01 00:00:00.000,2024-04-06 00:00:00.000,,2024-04-07,,,,,,False,5
2146,"الکتروموتورAC 
1250 kw",,,467,رسمی,اورهال,جوان,,1176,116,2024-04-11 00:00:00.000,2024-04-06 00:00:00.000,,2024-04-07,,,,,,False,5
2147,الکتروموتور 110kw,,,471-472,رسمی,سیم پیچی,شاکری,,1177,96,2024-04-16 00:00:00.000,2024-04-10 00:00:00.000,2024-05-12,2024-04-13,,,,,,False,5
2148,دینام جوش,,,0841,غیر رسمی,اورهال,,,1178,71,2024-04-27 00:00:00.000,2024-04-14 00:00:00.000,,,,,,,,False,8
2149,موتور dc 37kw,,,0838,غیر رسمی,تست,,,1179,166,2024-04-29 00:00:00.000,2024-04-16 00:00:00.000,,,,106,28,,,False,8
2150,"موتور چاه آب 125KW
125HP93کیلو وات-1470دور-380V
ساخت انگلستان",,,,,عودت,,,1180,84,2024-05-18 00:00:00.000,2024-04-23 00:00:00.000,,,,106,28,,,False,6
2151,"ترانس 315kw
656056شماره ",,,838,غیر رسمی,اورهال,ناظری پور,,1181,154,2024-05-11 00:00:00.000,2024-04-22 00:00:00.000,2024-05-12,2024-04-28,,,,,,False,8
2152,گان هوایی,,415817,492-493,رسمی,فاکتور باطل شد,ریاحی,فاکتور 481/482 باطل شد,1182,22,2024-05-09 00:00:00.000,2024-04-29 00:00:00.000,2024-05-12,2024-04-30,,,,,,False,5
2153,"ترانس v6000-11000
2000KVA",,525,529,رسمی,سیم پیچی -برگشتی کد 2133,ناظری پور,فاکتور 525 باطل شد,1183,147,2024-08-22 00:00:00.000,2024-05-07 00:00:00.000,,2024-05-07,,,,,,False,5
2154,اتو بوستر,,,583,رسمی,اورهال,,,1184,62,2025-02-03 00:00:00.000,2024-05-08 00:00:00.000,,,,,,,,False,5
2155,الکتروموتور 23/5kw DC,,,502,رسمی,سیم پیچی,گرزین,,1185,143,2024-07-07 00:00:00.000,2024-05-07 00:00:00.000,,2024-06-02,,,,,,False,5
2156,"الکتروموتور75KW
300دور آمپر136",,415825,484,رسمی,اورهال,ناظری پور,,1186,152,2024-05-13 00:00:00.000,2024-05-11 00:00:00.000,2024-05-13,2024-05-12,,,,,,False,5
2157,"الکتروموتور AC
-varco-AC MOTOR 400HP",,,547-548,رسمی,سیم پیچی ,شاکری,,1187,155,2024-10-30 00:00:00.000,2024-05-13 00:00:00.000,,2024-05-13,,,,,,False,5
2158,تراکشن آلستوم کامل,,,619,رسمی,سیم پیچی-هسته چینی-تعویض شفت,حسینیان زاده,رتور  در شرکت موجود میباشد    ا,1188,58,2025-02-24 00:00:00.000,2024-05-11 00:00:00.000,,,,106,28,,,False,5
2179,اسلیپ رینگ,,,557,رسمی,بازسازی ,,,1210,140,2024-11-19 00:00:00.000,2024-06-13 00:00:00.000,,,,,,,,False,5
2180,آرمیچر 4.5 تن,,,513,رسمی,سیم پیچی,,,1211,41,2024-08-06 00:00:00.000,2024-06-16 00:00:00.000,,,,,,,,False,5
2181,"الکتروموتور 75kw
3000دور",,,2759,غیر رسمی,سیم پیچی,حسینیان زاده,,1212,42,2024-06-20 00:00:00.000,2024-06-16 00:00:00.000,,2024-06-16,,,,,,False,8
2182,استاتور اکسیژن 315kw,,,352,غیر رسمی,اورهال,حسینیان زاده,,1213,136,2025-04-08 00:00:00.000,2024-06-18 00:00:00.000,,2024-07-21,,,,,,False,8
2183,استاتور اکسیژن 315kw,,,668,رسمی,سیم پیچی,شاکری,,1214,136,2025-12-23 00:00:00.000,2024-06-18 00:00:00.000,,,,,,,,False,5
2184,استاتور اکسیژن 315kw,,,668,رسمی,سیم پیچی,,,1215,136,2025-04-08 00:00:00.000,2024-06-18 00:00:00.000,,,,,,,,False,5
2185,16عدد قطب ,,,352,غیر رسمی,اورهال,,,1216,136,2025-04-08 00:00:00.000,2024-06-18 00:00:00.000,,,,,,,,False,8
2186,الکتروموتور5.5 kw,,,546,رسمی,سیم پیچی,,,1217,73,2024-08-28 00:00:00.000,2024-06-18 00:00:00.000,,,,,,,,False,5
2187,الکتروموتور dc زیمنس0.59kw,,,511-512,رسمی,سیم پیچی,,,1218,134,2024-08-05 00:00:00.000,2024-06-19 00:00:00.000,,,,,,,,False,5
2188,الکتروموتور گیربکس 1450دور-12kw,,,541-542,رسمی,تعویض پوسته گیربکس,ناظری پور,,1219,96,2024-10-03 00:00:00.000,2024-06-22 00:00:00.000,,2024-07-07,,,,,,False,5
2189,الکتروموتور گیربکس 1450دور-12kw,,,543-544,رسمی,تعویض پوسته گیربکس,,,1220,96,2024-10-03 00:00:00.000,2024-06-22 00:00:00.000,,,,,,,,False,5
2190,"استاتور 200kw
165 متری",,,1432,غیر رسمی,سیم پیچی,حسینیان زاده,,1221,160,2024-10-31 00:00:00.000,2024-06-28 00:00:00.000,,2024-07-14,,,,,,False,8
2191,آرمیچر معدن 5.5 تن,,,,,سیم پیچی,,,1222,6213,,2024-07-02 00:00:00.000,,,,106,28,,,False,0
2192,آرمیچر معدن 5.5 تن,,,505,رسمی,سیم پیچی,,,1223,55,2024-07-28 00:00:00.000,2024-07-02 00:00:00.000,,,,,,,,False,5
2193,آرمیچر معدن 5.5 تن,,,609,رسمی,سیم پیچی,,,1224,55,2025-02-27 00:00:00.000,2024-07-02 00:00:00.000,,,,106,28,,,False,5
2194,آرمیچر معدن 4.5 تن,,,505,رسمی,سیم پیچی,,,1225,55,2024-07-28 00:00:00.000,2024-07-02 00:00:00.000,,,,,,,,False,5
2195,آرمیچر معدن 4/5 تن,,,505,رسمی,سیم پیچی,,,1226,55,2024-07-28 00:00:00.000,2024-07-02 00:00:00.000,,,,,,,,False,5
2196,الکتروموتور 7.5 kw,,,507,رسمی,اورهال,شاکری,,1227,159,2024-07-30 00:00:00.000,2024-07-06 00:00:00.000,,2024-07-10,,,,,,False,5
2197,"الکتروموتور 75kw
3000دور",,,2760,غیر رسمی,اورهال,شاکری,,1228,42,2024-08-06 00:00:00.000,2024-07-02 00:00:00.000,,2024-07-10,,,,,,False,8
2198,الکتروموتور 315kw,,,577,رسمی,سیم پیچی,,,1229,143,2025-01-08 00:00:00.000,2024-07-08 00:00:00.000,,,,,,,,False,5
2199,الکتروموتورdc,,,,,عودت,,,1230,166,2024-07-19 00:00:00.000,2024-07-16 00:00:00.000,,,,106,28,,,False,6
2200,مگنت الکتریکی,,,560-561,رسمی,سیم پیچی,,,1231,134,2024-11-25 00:00:00.000,2024-07-22 00:00:00.000,,,,,,,,False,5
2201,الکتروموتور 5/5 تن,,,517-518,رسمی,سیم پیچی,,,1232,54,2024-08-28 00:00:00.000,2024-07-27 00:00:00.000,,,,,,,,False,5
2226,الکتروموتور 1/5kw,,,1449,غیر رسمی,سیم پیچی,,,1258,156,2024-10-01 00:00:00.000,2024-09-07 00:00:00.000,,,,,,,,False,8
2227,الکتروموتور ,,,,,عودت,,,1259,25,2024-09-07 00:00:00.000,2024-09-07 00:00:00.000,,,,106,28,,,False,6
2228,استاتور 200kw,,,4473,غیر رسمی,اورهال,,,1260,19,2024-08-10 00:00:00.000,2024-07-27 00:00:00.000,,,,,,,,False,8
2229,الکتروموتور (فن) 1/5KW,,,1451,غیر رسمی,سیم پیچی,,,1261,156,2024-10-19 00:00:00.000,2024-09-10 00:00:00.000,,,,,,,,False,8
2230,الکتروموتور DC 120KW,,,/0662/,غیر رسمی,سیم پیچی,,,1262,162,2024-10-02 00:00:00.000,2024-09-24 00:00:00.000,,,,,,,,False,8
RE1/2173,ترانس 20000 به 6000 ولت,,,,,برگشتی,,"  تاریخ خروج 1403/08/02re-2173 
تمامی درخواست های کالا از انبار با کد re2173 به 2266 منتقل شد ",1263,158,2024-10-23 00:00:00.000,2024-09-23 00:00:00.000,,,,106,28,,,False,3
2231,موتور 5/5 مگاوات ,,,587,رسمی,اورهال,,,1264,140,2025-01-25 00:00:00.000,2024-09-24 00:00:00.000,,,,,,,,False,5
2232,مخزن لیکوِئید,,,586,رسمی,اورهال,,,1265,140,2025-01-25 00:00:00.000,2024-09-24 00:00:00.000,,,,,,,,False,5
2233,ترانس گان هوایی 150KVA,,,530-531,رسمی,سیم پیچی,,,1266,22,2024-10-07 00:00:00.000,2024-10-01 00:00:00.000,,,,,,,,False,5
2234,تعویض الکتروموتور 5.5 مگاوات ,,,559,رسمی,اورهال,,در محل,1267,140,2024-09-17 00:00:00.000,2024-09-14 00:00:00.000,,,,,,,,False,5
2235,فن 3 فاز تخم مرغی ,,,1453,غیر رسمی,سیم پیچی,,,1268,163,2025-02-16 00:00:00.000,2024-10-07 00:00:00.000,,,,,,,,False,8
2236,الکتروموتور 4/5 تن ,,,604-605,رسمی,سیم پیچی,,,1269,54,2025-02-25 00:00:00.000,2024-10-08 00:00:00.000,,,,,,,,False,5
2237,الکتروموتور 4/5 تن ,,,553-554,رسمی,سیم پیچی,,,1270,54,2024-11-16 00:00:00.000,2024-10-08 00:00:00.000,,,,,,,,False,5
2238,(5/5 تن ) الکتروموتور DC,,,,,سیم پیچی,,صورتجلسه شماره 30,1271,5214,,2024-10-08 00:00:00.000,,,,106,28,,,False,0
2239,الکتروموتور 5.5kw,,,628-629,رسمی,سیم پیچی,,,1272,96,2025-02-26 00:00:00.000,2024-10-09 00:00:00.000,,,,106,28,,,False,5
2240,الکتروموتور 5.5kw,,,628-629,رسمی,سیم پیچی,,,1273,96,2025-02-26 00:00:00.000,2024-10-09 00:00:00.000,,,,106,28,,,False,5
2241,الکتروموتور 5.5kw,,,628-629,رسمی,سیم پیچی,,,1274,96,2025-02-26 00:00:00.000,2024-10-09 00:00:00.000,,,,106,28,,,False,5
2242,الکتروموتور 132kw-ABB,,,584-585,رسمی,سیم پیچی,,,1275,96,2025-01-21 00:00:00.000,2024-10-09 00:00:00.000,,,,106,28,,,False,5
2243,الکتروموتور 5.5kw,,,573-574,رسمی,سیم پیچی,,,1276,96,2024-12-09 00:00:00.000,2024-10-09 00:00:00.000,,,,106,28,,,False,5
2244,الکتروموتور 5.5kw,,,573-574,رسمی,سیم پیچی,,,1277,96,2024-12-09 00:00:00.000,2024-10-09 00:00:00.000,,,,106,28,,,False,5
2245,الکتروموتور 5.5kw,,,628-629,رسمی,سیم پیچی,,,1278,96,2025-02-26 00:00:00.000,2024-10-09 00:00:00.000,,,,106,28,,,False,5
2246,الکتروموتور 5.5kw,,,573-574,رسمی,سیم پیچی,,,1279,96,2024-12-09 00:00:00.000,2024-10-09 00:00:00.000,,,,106,28,,,False,5
2271,الکتروموتور HP400-AC,8901418710000160,,756-757,,سیم پیچی,,,1304,139,2026-01-13 00:00:00.000,2024-11-04 00:00:00.000,,,,106,28,,,False,5
2272,الکتروموتور HP400-AC,2272B9014263-120001FL,,640-641,رسمی,سیم پیچی,,,1305,155,2025-05-08 00:00:00.000,2024-11-04 00:00:00.000,,,,106,28,,,False,5
2273,آرمیچر 4.5 تن ,,,568-569,رسمی,سیم پیچی,,,1306,54,2024-12-11 00:00:00.000,2024-11-04 00:00:00.000,,,,,,,,False,5
2274,آرمیچر 4.5 تن ,,,578-579,رسمی,سیم پیچی,,,1307,54,2025-01-12 00:00:00.000,2024-11-04 00:00:00.000,,,,,,,,False,5
RE1/2068,الکتروموتور315kw,,,,,برگشتی,,,1308,22,2024-12-01 00:00:00.000,2024-11-06 00:00:00.000,,,,106,28,,,False,3
2275,الکتروموتور DC,,,,,عودت,,,1309,169,2024-11-13 00:00:00.000,2024-11-11 00:00:00.000,,,,106,28,,,False,6
2276,کفکش,,,,,عودت,,,1310,22,2025-03-02 00:00:00.000,2024-11-13 00:00:00.000,,,,106,28,,,False,6
2277,استاتور ,,,570,رسمی,اورهال ,,,1311,24,2024-12-01 00:00:00.000,2024-11-14 00:00:00.000,,,,106,28,,,False,5
2278,الکتروموتور 160kw,,,,,سیم پیچی موضعی,,,1312,170,2024-12-01 00:00:00.000,2024-11-14 00:00:00.000,,,,,,,,False,
2279,پوسته الکتروموتور 4.5 تن,,,568-569,رسمی,سیم پیچی,,,1313,54,2024-12-11 00:00:00.000,2024-11-17 00:00:00.000,,,,,,,,False,5
2280,پوسته الکتروموتور 4.5 تن,,,578-579,رسمی,سیم پیچی,,,1314,54,2025-01-12 00:00:00.000,2024-11-17 00:00:00.000,,,,,,,,False,5
2281,آرمیچر 4.5 تن ,,,568-569,رسمی,سیم پیچی,,,1315,54,2024-12-11 00:00:00.000,2024-11-17 00:00:00.000,,,,,,,,False,5
2282,آرمیچر 4.5 تن ,,,578-579,رسمی,سیم پیچی,,,1316,54,2025-01-12 00:00:00.000,2024-11-17 00:00:00.000,,,,,,,,False,5
2283,الکترو فن ,,,3160,غیر رسمی,سیم پیچی,,,1317,156,2025-02-15 00:00:00.000,2024-11-18 00:00:00.000,,,,,,,,False,8
2284,روتور جرثقیل ,,,/0362/,غیر رسمی,جوشکاری رینگ روتور بار ,,,1318,171,2024-11-18 00:00:00.000,2024-11-18 00:00:00.000,,,,,,,,False,8
2285,الکتروموتور 1120kw,,,779,,جوش تراش شفت رفع لنگی,,767 باطل گردید,1319,140,2026-03-15 00:00:00.000,2024-11-20 00:00:00.000,,,,106,28,,,False,5
2286,فن 3 فاز تخم مرغی ,,,4471,غیر رسمی,سیم پیچی,,,1320,163,2025-02-11 00:00:00.000,2024-11-25 00:00:00.000,,,,,,,,False,8
2287,مگنت ,,,575,رسمی,رفع اتصال موضعی,,,1321,116,2025-03-27 00:00:00.000,2024-10-07 00:00:00.000,,,,,,,,False,5
2288,الکترو فن ,,,3161,غیر رسمی,سیم پیچی,,,1322,156,2025-01-03 00:00:00.000,2024-12-01 00:00:00.000,,,,,,,,False,8
2289,ترانس KV500,,,363,غیر رسمی,اورهال,,,1323,173,2024-12-10 00:00:00.000,2024-12-02 00:00:00.000,,,,,,,,False,8
RE1/2266,ترانس 20000 به 6000 ولت,,,,,برگشتی,,,1324,158,2025-01-01 00:00:00.000,2024-12-02 00:00:00.000,,,,106,28,,,False,3
RE1/2172,استاتور 315KW,,,,,برگشتی,,,1325,158,2025-01-01 00:00:00.000,2024-12-02 00:00:00.000,,,,106,28,,,False,3
2290,آرمیچر و استاتور ,,,2925,غیر رسمی,اورهال,,,1326,174,2024-12-14 00:00:00.000,2024-12-10 00:00:00.000,,,,,,,,False,8
2291,ترانس گان هوایی 150KVA,,,593-594,رسمی,سیم پیچی,,,1327,22,2025-02-01 00:00:00.000,2024-12-15 00:00:00.000,,,,106,28,,,False,5
2292,الکتروموتور 90kw,,,652-653,رسمی,سیم پیچی,,,1328,22,2025-06-12 00:00:00.000,2024-12-16 00:00:00.000,,,,106,28,,,False,5
2311,استاتور اکسیژن 160kw,,,4474,غیر رسمی,رفع اتصال موضعی,,,1353,66,2025-02-04 00:00:00.000,2025-01-20 00:00:00.000,,,,,,,,False,8
2312,دستگاه جوش,,,,,برگشتی 2219,,,1354,73,2025-07-28 00:00:00.000,2025-01-23 00:00:00.000,,,,106,28,,,False,3
2313,الکتروموتور 2.2kw ,,,2779,غیر رسمی,سیم پیچی,,,1355,177,2025-03-08 00:00:00.000,2025-01-25 00:00:00.000,,,,,,,,False,8
2314,پوسته آرمیچر 4.5 تن ,,,602-603,رسمی,سیم پیچی,,,1356,54,2025-02-08 00:00:00.000,2025-01-25 00:00:00.000,,,,,,,,False,5
2315,پوسته آرمیچر 4.5 تن ,,,602-603,رسمی,سیم پیچی,,آرمیچر توسط مهندس زمانی به شرکت ارسال و داخل پوسته مونتاژ گردید,1357,54,2025-02-08 00:00:00.000,2025-01-25 00:00:00.000,,,,,,,,False,5
2316,پوسته آرمیچر 4.5 تن ,,,650-651,رسمی,سیم پیچی,,"فاکتورهای 636-637-638-639باطل گردید
",1358,54,2025-05-20 00:00:00.000,2025-01-25 00:00:00.000,,,,106,28,,,False,5
2317,پوسته آرمیچر 4.5 تن ,,,602-603,رسمی,سیم پیچی,,آرمیچر توسط مهندس زمانی به شرکت ارسال و داخل پوسته مونتاژ گردید,1359,54,2025-02-08 00:00:00.000,2025-01-25 00:00:00.000,,,,106,28,,,False,5
2318,آرمیچر 4.5 تن ,,,602-603,رسمی,سیم پیچی,,,1360,54,2025-02-08 00:00:00.000,2025-01-25 00:00:00.000,,,,,,,,False,5
2319,آرمیچر 4.5 تن ,,,729-730,,سیم پیچی,,,1361,54,2025-12-10 00:00:00.000,2025-01-25 00:00:00.000,,,,106,28,,,False,5
2320,آرمیچر 4.5 تن ,,,,,سیم پیچی,,,1362,54,,2025-01-25 00:00:00.000,,,,,,,,False,
2321,آرمیچر 4.5 تن ,,,,,برگشتی,,صورتجلسه شماره 29,1363,55,2025-03-31 00:00:00.000,2025-01-25 00:00:00.000,,,,106,28,,,False,3
2322,آرمیچر 5.5 تن ,,,617-618,رسمی,سیم پیچی,,,1364,54,2025-03-15 00:00:00.000,2025-01-25 00:00:00.000,,,,,,,,False,5
2323,قطعات مونتاژی باسداکت ,,,613,رسمی,ساخت,,,1365,96,2025-03-08 00:00:00.000,2025-03-06 00:00:00.000,,,,106,28,,,False,5
RE1/2303,الکتروموتور 5 تن ,,,,,برگشتی,,,1366,54,2025-02-25 00:00:00.000,2025-02-08 00:00:00.000,,,,106,28,,,False,3
2324,استاتور 5.5 تن ,,,617-618,رسمی,سیم پیچی,,,1367,54,2025-03-15 00:00:00.000,2025-02-08 00:00:00.000,,,,,,,,False,5
2325,آرمیچر 5.5 تن ,,,617-618,رسمی,سیم پیچی,,,1368,54,2025-03-15 00:00:00.000,2025-02-08 00:00:00.000,,,,,,,,False,5
2326,پوسته آرمیچر 4.5 تن ,,,650-651,رسمی,سیم پیچی,,,1369,54,2025-05-20 00:00:00.000,2025-02-08 00:00:00.000,,,,,,,,False,5
2327,آرمیچر 4.5 تن ,,,,,سیم پیچی,,636-637-638-639 باطل گردید,1370,54,,2025-02-08 00:00:00.000,,,,106,28,,,False,0
2328,استاتور 5.5 تن ,,,617-618,رسمی,سیم پیچی,,,1371,54,2025-03-15 00:00:00.000,2025-02-08 00:00:00.000,,,,,,,,False,5
2329,آرمیچر 5.5 تن ,,,617-618,رسمی,سیم پیچی,,,1372,54,2025-03-15 00:00:00.000,2025-02-08 00:00:00.000,,,,,,,,False,5
2330,الکتروموتور 400hp-دور1200  360امپر,,,754-755,,اورهال ,,,1373,155,2026-01-13 00:00:00.000,2025-02-03 00:00:00.000,,,,106,28,,,False,5
RE1/2206,الکتروموتور 400hp-دور1200  360امپر,BTJ1-6953960-010,,,,برگشتی,,,1374,155,2026-01-13 00:00:00.000,2025-02-03 00:00:00.000,,,,106,28,,,False,3
2355,"الکتروموتور DC - 
450KW - 440V-1098A",,,621,رسمی,اورهال,,,1400,123,2025-03-31 00:00:00.000,2025-03-18 00:00:00.000,,,,,,,,False,5
2356,"الکتروموتور DC - 
413KW",,,623-624,رسمی,سیم پیچی,,,1401,123,2025-04-30 00:00:00.000,2025-03-18 00:00:00.000,,,,,,,,False,5
2357,"الکتروموتور DC - 
413KW",,,620,رسمی,اورهال,,,1402,123,2025-03-31 00:00:00.000,2025-03-18 00:00:00.000,,,,,,,,False,5
2358,"الکتروموتور DC - 
630KW",,,622,رسمی,اورهال,,,1403,123,2025-03-31 00:00:00.000,2025-03-18 00:00:00.000,,,,,,,,False,5
2359,گان هوایی 100KV,,,630/631,رسمی,سیم پیچی,,,1404,22,2025-04-12 00:00:00.000,2025-04-06 00:00:00.000,,,,,,,,False,5
2360,روتور ,,,674,رسمی,ساخت وتعویض شفت,,بصورت مجموعه الکتروموتور مونتاژ و خروج خورده است,1405,159,2025-09-07 00:00:00.000,2025-04-14 00:00:00.000,,,,106,28,,,False,5
2361,"الکتروموتور1250-1676کیلووات
ولتاژ 380-2591آمپر",,,627,رسمی,رفع اتصال موضعی ,,,1406,116,2025-04-19 00:00:00.000,2025-04-17 00:00:00.000,,,,,,,,False,5
2362,الکتروموتور 315kw-989RPM-38A-6300V,,,818,, سیم پیچی استاتور وروتور,,روتور 2613 جایگزین روتور این پروژه گردید,1407,140,2026-07-15 00:00:00.000,2025-04-20 00:00:00.000,,,,106,28,,,False,5
2363,ترانس گان هوایی,,,714/715,رسمی,سیم پیچی,,,1408,22,2025-11-08 00:00:00.000,2025-04-20 00:00:00.000,,,,,,,,False,5
2364,الکتروموتور 90kw-1490rpm,,,654,رسمی,اورهال ,,,1409,152,2025-06-08 00:00:00.000,2025-04-28 00:00:00.000,,,,,,,,False,5
2365,الکتروموتور 315KW,,,664,رسمی,سیم پیچی,,,1410,140,2025-07-01 00:00:00.000,2025-04-28 00:00:00.000,,,,106,28,,,False,5
2366,اکسیژن 10000V,,,635,رسمی,اورهال,,,1411,184,2025-05-13 00:00:00.000,2025-05-03 00:00:00.000,,,,,,,,False,5
2367,الکتروموتور 55KWAC,,,655,رسمی,اسلیپ رینگ روتور نیاز به تراشکاری دارد نخ بندی سیم پیچ نیاز دارد ,,بصورت مجموعه الکتروموتور مونتاژ و خروج خورده است,1412,152,2025-05-27 00:00:00.000,2025-05-05 00:00:00.000,,,,,,,,False,5
2368,الکتروموتور 75KW,,,649,رسمی,سیم پیچی ,,,1413,145,2025-05-31 00:00:00.000,2025-05-05 00:00:00.000,,,,106,28,,,False,5
2369,الکتروموتور 22KW,,,649,رسمی,اورهال,,,1414,145,2025-05-31 00:00:00.000,2025-05-05 00:00:00.000,,,,106,28,,,False,5
2370,الکتروموتور 37KW,,,649,رسمی,سیم پیچی,,,1415,145,2025-05-31 00:00:00.000,2025-05-05 00:00:00.000,,,,106,28,,,False,5
2371,روتور,,,658,رسمی,تعویض شفت ,,,1416,41,2025-06-17 00:00:00.000,2025-05-10 00:00:00.000,,,,,,,,False,5
2372,ژنراتور 100KV,,,3171,غیر رسمی,سیم پیچی اکسایتر,,,1417,186,2025-05-14 00:00:00.000,2025-05-10 00:00:00.000,,,,106,28,,,False,8
2373,موتور گیریبکسی 5.5  KW موتوژن ,,,667,رسمی,سیم  پیچی,,,1418,118,2025-08-12 00:00:00.000,2025-05-10 00:00:00.000,,,,,,,,False,5
RE2/2305,الکتروموتور 500KW,,,,,برگشتی,,بصورت مجموعه الکتروموتور مونتاژ و خروج خورده است,1419,96,2025-06-30 00:00:00.000,2025-05-10 00:00:00.000,,,,106,28,,,False,3
2374,فن مکنده ضد انفجار ,,,659-660,رسمی,سیم پیچ,,,1420,54,2025-06-16 00:00:00.000,2025-05-10 00:00:00.000,,,,106,28,,,False,5
2392,الکتروموتور ( مشابه 200KW-380V ) ,,,703,رسمی,سیم پیچی,,,1441,24,2025-09-15 00:00:00.000,2025-06-01 00:00:00.000,,,,106,28,,,False,5
2393,الکتروموتور ( مشابه 200KW-380V ) ,,,703,رسمی,تعویض کابل خروجی,,,1442,24,2025-09-15 00:00:00.000,2025-06-01 00:00:00.000,,,,106,28,,,False,5
2394,درب قالپاق ,,,675,رسمی,ساخت,,,1443,159,2025-09-07 00:00:00.000,2025-06-02 00:00:00.000,,,,106,28,,,False,5
2395,الکتروموتور 250KW-1400دور,,,657,رسمی,سیم پیچی,,,1444,4210,2025-06-12 00:00:00.000,2025-06-02 00:00:00.000,,,,106,28,,,False,5
2396,"الکتروموتور1250-1676کیلووات
ولتاژ 380-2591آمپر",,,662,رسمی,اصلاح شفت,,,1445,116,2025-06-13 00:00:00.000,2025-06-09 00:00:00.000,,,,106,28,,,False,5
2397,الکتروموتور 200kw-1480r.p.m,,,661,رسمی,فروش ,,,1446,116,2025-07-01 00:00:00.000,2025-06-12 00:00:00.000,,,,106,28,,,False,5
2398,آرمیچر 4.5 تن ,,,722-723,رسمی,سیم پیچی,,716-717 باطل گردید,1447,54,2025-11-10 00:00:00.000,2025-06-15 00:00:00.000,,,,106,28,,,False,5
2399,الکتروموتور-994RPM- 1250kwAC,,,710,رسمی,سیم پیچی آرمیچر-ساخت شفت,,,1448,116,2025-11-23 00:00:00.000,2025-06-30 00:00:00.000,,,,,,,,False,5
2400,الکتروموتور 800kw-980r.p.m,,,669,رسمی,اورهال,,,1449,198,2025-07-11 00:00:00.000,2025-06-30 00:00:00.000,,,,106,28,,,False,5
2401,الکتروموتورDC-2300rpm-3.3 kw,,,399,غیر رسمی,رفع عیب در محل,,,1450,150,2025-07-15 00:00:00.000,2025-07-14 00:00:00.000,,,,106,28,,,False,8
2402,الکتروموتور 22kw,,,682-683,رسمی,سیم پیچی,,671-672 باطل شد,1451,54,2025-07-29 00:00:00.000,2025-07-16 00:00:00.000,,,,106,28,,,False,5
2403,الکتروموتور 22kw,,,682-683,رسمی,سیم پیچی,,674-672 باطل شد,1452,54,2025-07-29 00:00:00.000,2025-07-16 00:00:00.000,,,,106,28,,,False,5
RE1/2270,الکتروموتور HP400-AC,B9065495-D40001CN,,,,برگشتی,,,1453,155,2025-09-25 00:00:00.000,2025-07-16 00:00:00.000,,,,106,28,,,False,3
RE1/2272,الکتروموتور HP400-AC,2272B9014263-120001FL,,,,برگشتی,,,1454,155,2025-09-25 00:00:00.000,2025-07-16 00:00:00.000,,,,106,28,,,False,3
2404,الکتروموتور 407KW-1010RPM,,,670,رسمی,سیم پیچی فیلد,,,1455,116,2025-08-13 00:00:00.000,2025-07-17 00:00:00.000,,,,106,28,,,False,5
2405,الکتروموتور 200KW--1485rpm,,,709,رسمی,سیم پیچی,,,1456,116,2025-11-07 00:00:00.000,2025-07-17 00:00:00.000,,,,106,28,,,False,5
2406,1250kw-757rpmالکتروموتور ,,,695,رسمی,تعویض شفت*جوش شفت سعید قدس,,,1457,116,2025-07-23 00:00:00.000,2025-07-18 00:00:00.000,,,,106,28,,,False,5
2407,ترانس 1400KVA,,,693,رسمی,سیم پیچی,,,1458,140,2025-09-03 00:00:00.000,2025-07-26 00:00:00.000,,,,106,28,,,False,5
2408,آرمیچر جرثقیل ,,,690,رسمی,تعویض کلکتور ,,,1459,113,2025-09-03 00:00:00.000,2025-07-26 00:00:00.000,,,,106,28,,,False,5
2409,الکتروموتور 22KW,,,685-686,رسمی,سیم پیچی,,680-681 باطل شد,1460,54,2025-08-21 00:00:00.000,2025-07-26 00:00:00.000,,,,106,28,,,False,5
2410,رفع اتصال الکتروموتور 1250kwAC,,,663,رسمی,رفع اتصال در محل,,فاکتور فوق تخفیف داده شد و مبلغ 60میلیون تومان بدون ارزش افزوده از کد 2645 در این پروژه درج شد,1461,116,2025-06-23 00:00:00.000,2025-06-20 00:00:00.000,,,,106,28,,,False,5
2411,استاتور 200kw-750rpm,,,2779,غیر رسمی,تعویض عایق بدنه,,,1462,194,2025-09-08 00:00:00.000,2025-08-02 00:00:00.000,,,,,,,,False,8
2433,الکتروموتور 22kw-1455rpm,,,697-698,رسمی,سیم پیچی,,,1484,54,2025-09-21 00:00:00.000,2025-08-11 00:00:00.000,,,,,,,,False,5
2434,الکتروموتور 22kw-1450rpm,,,697-698,رسمی,سیم پیچی,,,1485,54,2025-09-21 00:00:00.000,2025-08-11 00:00:00.000,,,,,,,,False,5
2435,الکتروموتور 22kw-725rpm,,,712,رسمی,سیم پیچی,,,1486,195,2025-10-19 00:00:00.000,2025-08-11 00:00:00.000,,,,,,,,False,5
2436,الکتروموتور 22kw-750rpm,,,,رسمی,عودت,,,1487,195,2025-10-19 00:00:00.000,2025-08-11 00:00:00.000,,,,106,28,,,False,6
2437,الکتروموتور 22kw-725rpm,,,712,رسمی,سیم پیچی,,,1488,195,2025-10-19 00:00:00.000,2025-08-11 00:00:00.000,,,,,,,,False,5
2438,الکتروموتور 22kw-1465rpm,,,712,رسمی,سیم پیچی,,,1489,195,2025-10-19 00:00:00.000,2025-08-11 00:00:00.000,,,,,,,,False,5
2439,الکتروموتور 22kw-1465rpm,,,712,رسمی,سیم پیچی,,,1490,195,2025-10-19 00:00:00.000,2025-08-11 00:00:00.000,,,,,,,,False,5
2440,الکتروموتور 22kw-1465rpm,,,712,رسمی,اورهال,,,1491,195,2025-10-19 00:00:00.000,2025-08-11 00:00:00.000,,,,,,,,False,5
2441,الکتروموتور 75kw-1480rpm,,,1580,غیر رسمی,تعویض شفت,,,1492,196,2025-09-02 00:00:00.000,2025-08-12 00:00:00.000,,,,,,,,False,8
2442,الکتروموتور 3kw-1430rpm,,,706,رسمی,سیم  پیچی,,,1493,118,2025-09-29 00:00:00.000,2025-08-12 00:00:00.000,,,,,,,,False,5
2443,الکتروموتور 37kw,,,684,رسمی,سیم پیچی,,,1494,152,2025-08-21 00:00:00.000,2025-08-07 00:00:00.000,,,,,,,,False,5
2444,استاتور 200kw-500rpm,,,2777,غیر رسمی,اورهال,,,1495,189,2025-09-14 00:00:00.000,2025-08-20 00:00:00.000,,,,106,28,2025-12-12 03:15:09.286,2025-12-12 00:00:00.000,False,8
2445,استاتور آلستوم,0593,,713,رسمی,سیم پیچی / سیم پیچی موضعی,,,1496,58,2025-11-01 00:00:00.000,2025-08-23 00:00:00.000,,,,106,28,,,False,5
2446,استاتور آلستوم,0142,,713,رسمی,سیم پیچی / سیم پیچی موضعی,,,1497,58,2025-10-04 00:00:00.000,2025-08-23 00:00:00.000,,,,106,28,,,False,5
2447,الکتروموتور 2970rpm-90kw,,,688-689,رسمی,سیم پیچی,,,1498,197,2025-08-31 00:00:00.000,2025-08-26 00:00:00.000,,,,,,,,False,5
2448,االکتروموتور 0.59 kw,,,707-708,رسمی,سیم پیچی آرمیچر,,,1499,134,2025-10-20 00:00:00.000,2025-09-04 00:00:00.000,,,,,,,,False,5
2449,الکتروموتور 1250KW-987rpm,,,701,رسمی,اورهال,,,1500,198,2025-09-18 00:00:00.000,2025-09-03 00:00:00.000,,,,,,,,False,5
2450,الکتروموتور DC 75KW,,,696,رسمی,سیم پیچی آرمیچر,,,1501,199,2025-09-18 00:00:00.000,2025-09-03 00:00:00.000,,,,,,,,False,5
2451,الکتروموتور DC 42kw,,,4397,غیر رسمی,سیم پیچی آرمیچر,,,1502,150,2025-09-27 00:00:00.000,2025-09-13 00:00:00.000,,,,106,28,,,False,8
2452,استاتور آلستوم,0269,,713,رسمی,سیم پیچی / سیم پیچی موضعی,,,1503,58,2025-10-26 00:00:00.000,2025-09-22 00:00:00.000,,,,106,28,,,False,5
RE1/2408,آرمیچر لیفتراک ,,,,,برگشتی,,,1504,113,2025-10-05 00:00:00.000,2025-09-13 00:00:00.000,,,,106,28,,,False,3
RE1/2360,الکتروموتور 55KW-2965RPM,,,,,برگشتی,,,1505,159,2025-09-27 00:00:00.000,2025-09-15 00:00:00.000,,,,106,28,,,False,3
2293,استاتور روتور 90kw,,,741-742,,سیم پیچی,,,1506,22,2026-01-07 00:00:00.000,2025-09-17 00:00:00.000,,,,106,28,,,False,5
2474,الکتروموتور 11KW-1500RPM,,,743,,سیم پیچی,,,1532,118,2025-11-12 00:00:00.000,2025-10-29 00:00:00.000,,,,106,28,,,False,5
2475,استاتور آلستوم,0042,,718,رسمی,سیم پیچی / سیم پیچی موضعی,,,1533,58,2025-11-13 00:00:00.000,2025-11-01 00:00:00.000,,,,106,28,,,False,5
2476,استاتور آلستوم,0483,,735,,سیم پیچی / سیم پیچی موضعی,,,1534,58,2025-12-23 00:00:00.000,2025-11-01 00:00:00.000,,,,106,28,,,False,5
2477,الکتروموتور 17KW-5.5V,,,,,,,,1535,151,,2025-11-03 00:00:00.000,,,,106,28,,,False,0
2478,استاتور آلستوم,0159,,721,,سیم پیچی / سیم پیچی موضعی,,,1536,58,2025-11-29 00:00:00.000,2025-11-04 00:00:00.000,,,,106,28,,,False,5
2479,استاتور آلستوم,0184,,718,رسمی,سیم پیچی / سیم پیچی موضعی,,,1537,58,2025-11-13 00:00:00.000,2025-11-04 00:00:00.000,,,,106,28,,,False,5
2480,الکتروموتور 315KW-6KV,,,815,,آنالیز جریان,,فاکتور 771 باطل شد,1538,140,2025-11-16 00:00:00.000,2025-11-05 00:00:00.000,,,,106,28,,,False,5
2481,الکتروموتور 15KW,,,743,,سیم پیچی,,,1539,118,2025-12-27 00:00:00.000,2025-11-10 00:00:00.000,,,,106,28,,,False,5
2482,استاتور آلستوم,0298,,721,,سیم پیچی,,,1540,58,2025-11-29 00:00:00.000,2025-11-13 00:00:00.000,,,,106,28,,,False,5
2483,استاتور آلستوم,0653,,745,,سیم پیچی,,,1541,58,2026-01-11 00:00:00.000,2025-11-13 00:00:00.000,,,,106,28,,,False,5
2484,الکتروموتور 22KW-1500RPM,,,724-725,,سیم پیچی,,,1542,54,2025-12-01 00:00:00.000,2025-11-15 00:00:00.000,,,,106,28,,2026-05-21 00:00:00.000,False,5
2485,پوسته استاتور ارمیچر 4.5 تن ,,,,,سیم پیچی,,,1543,5213,2026-01-22 00:00:00.000,2025-11-15 00:00:00.000,,,,106,28,,,False,0
2486,الکتروموتور 11KW-1500RPM,,,724-725,,سیم پیچی,,,1544,54,2025-12-01 00:00:00.000,2025-11-15 00:00:00.000,,,,106,28,,,False,5
2487,4KWالکتروموتور ,,,724-725,,سیم پیچی,,,1545,54,2025-12-01 00:00:00.000,2025-11-15 00:00:00.000,,,,106,28,,,False,5
2488,الکتروموتور 4KW-1500RPM,,,747-748,,سیم پیچی,,,1546,54,2026-01-22 00:00:00.000,2025-11-15 00:00:00.000,,,,106,28,,,False,5
2489,ارمیچر 4.5 تن ,,,,,,,,1547,54,,2025-11-15 00:00:00.000,,,,106,28,,,False,0
2490,ارمیچر 4.5 تن ,,,,,,,,1548,54,,2025-11-15 00:00:00.000,,,,106,28,,,False,0
2491,الکتروموتور 75KW-3000RPM,,,720,,سیم پیچی,,,1549,152,2025-11-17 00:00:00.000,2025-11-15 00:00:00.000,,,,106,28,,,False,5
2492,استاتور DC-120KW-385/14A-380/310V,,,759,,سیم پیچی,,,1550,13,2026-03-04 00:00:00.000,2025-11-15 00:00:00.000,,,,106,28,,,False,5
2493,استاتور اکسیژن 200KW,,,731,,سیم پیچی,,,1551,203,2025-12-15 00:00:00.000,2025-11-16 00:00:00.000,,,,106,28,2025-12-13 17:13:33.820,2025-12-16 00:00:00.000,False,5
2494,الکتروموتور DC1.5 KW,,,3177,,اورهال,,,1552,25,2026-04-18 00:00:00.000,2025-11-16 00:00:00.000,,,,106,28,,,False,8
2495,الکتروموتور DC11KW-2930RPM,,,3177,,اورهال,,,1553,25,2026-04-18 00:00:00.000,2025-11-16 00:00:00.000,,,,106,28,,,False,8
2496,روتور ژنراتور ,13,,812,,سیم پیچی قطبهای کمکی 6 عددو 4عدد قطب اصلی,,فاکتور 804 باطل گردید و 812 صادر شد,1554,58,2026-06-28 00:00:00.000,2025-11-17 00:00:00.000,,,,106,28,,,False,5
2497,ترانس گان هوایی 100KVA,,,732-733,,سیم پیچی,,,1555,22,2025-12-17 00:00:00.000,2025-11-25 00:00:00.000,,,,106,28,2025-12-17 19:58:09.750,2025-12-18 00:00:00.000,False,5
2498,الکتروموتور 1250KW-2200A-380V-987RPM,,,750,,تعویض شفت,,,1556,116,2026-07-13 00:00:00.000,2025-11-26 00:00:00.000,,,,106,28,,,False,5
2499,ترانس اتوبوستر 220V-200VA,,,750,,سیم پیچی,,,1557,116,2026-07-13 00:00:00.000,2025-11-26 00:00:00.000,,,,106,28,,,False,5
2500,الکتروموتور 75KW-253/146A-220/380V-727RPM,,,728-783,,سیم پیچی ساخت کویل,,,1558,205,2026-04-28 00:00:00.000,2025-11-29 00:00:00.000,,,,106,28,,,False,5
RE1/2417,استاتور آلستوم,0530,,,,برگشتی,,,1559,58,2026-02-07 00:00:00.000,2025-11-29 00:00:00.000,,,,106,28,,,False,3
2501,الکتروموتور جرثقیل  12.5 KW-1500RPM,,,,,اورهال,,,1560,22,2026-01-06 00:00:00.000,2025-11-30 00:00:00.000,,,,106,28,2025-12-09 16:15:01.386,,True,0
2502,الکتروموتور 90KW,,,741-742,,سیم پیچی,,,1561,22,2026-01-07 00:00:00.000,2025-12-09 00:00:00.000,,,,106,28,2025-12-09 16:15:22.236,,True,5
2533,ترانس پوس کاتل 66V,,,,,,,,4574,41,,2025-12-28 00:00:00.000,,,,69,29,2025-12-31 09:37:50.353,,False,0
2534,استاتور آلستوم ,0578,,746,,سیم پیچی,,,4575,58,2026-01-14 00:00:00.000,2025-12-29 00:00:00.000,,,,106,28,2025-12-31 09:40:44.363,,True,5
2535,استاتور الستوم ,0705,,751,,سیم پیچی,,,4576,58,2026-02-02 00:00:00.000,2025-12-29 00:00:00.000,,,,106,28,2025-12-31 09:42:27.946,,True,5
2536,دینام جوش,,,760-761,,اورهال,,,4577,54,2026-03-07 00:00:00.000,2025-12-30 00:00:00.000,,,,106,28,2025-12-31 09:43:36.963,,True,5
2537,الکتروموتور 1.02KW-2.5A-380V-2970RPM,,,,,سیم پیچی,,,4578,54,2026-05-13 00:00:00.000,2025-12-30 00:00:00.000,,,,106,28,2025-12-31 09:44:57.683,,True,0
2538,الکتروموتور 22KW-43/25A-380/660V-1475RPM,,,760-761,,ساخت شفت,,,4579,54,2026-03-07 00:00:00.000,2025-12-30 00:00:00.000,,,,106,28,2025-12-31 09:45:43.843,,True,5
2539,الکتروموتور 4KW,,,747-748,,سیم پیچی,,,4580,54,2026-01-22 00:00:00.000,2025-12-30 00:00:00.000,,,,106,28,2025-12-31 09:46:36.910,,True,5
2540,الکتروموتور 4KW,,,747-748,,سیم پیچی,,,4581,54,2026-01-22 00:00:00.000,2025-12-30 00:00:00.000,,,,106,28,2025-12-31 09:47:13.623,,True,5
2541,الکتروموتور 315KW-610/352A-400/690V-979RPM,,,781,,سیم پیچی موضعی -اصلاح شفت,,فاکتور 770باطل شد,4582,140,2026-03-15 00:00:00.000,2025-12-31 00:00:00.000,,,,106,28,2025-12-31 09:48:33.203,,True,5
2542,الکتروموتور 250KW-540/315A-400/690V-743RPM,,,816,,اورهال ساخت شفت,,فاکتور 768 باطل شد و 816 جایگزین گردید,5574,140,2026-03-15 00:00:00.000,2025-12-30 00:00:00.000,,,,106,28,2026-01-06 15:40:09.046,,False,5
2543,ترانس5000KVA،20000-720,,,744,,رفع اتصال موضعی,,,5575,4209,2026-01-13 00:00:00.000,2026-01-02 00:00:00.000,,,,106,28,2026-01-06 15:41:42.903,,False,5
2544,روتور ژنراتور ,75,,765,,رفع اتصال موضعی,,,5576,58,2026-02-21 00:00:00.000,2026-01-11 00:00:00.000,,,,106,28,2026-01-12 16:31:09.563,,True,5
2545,الکتروموتور گیربکسی 7.5kw-16.5/9.17A-380/660V-1430RPM,,,762,,سیم پیچی,,,5577,118,2026-03-07 00:00:00.000,2026-01-11 00:00:00.000,,,,106,28,2026-01-12 16:32:28.613,,False,5
2546,استاتور الستوم,0391,,751,,سیم پیچی,,,5578,58,2026-02-07 00:00:00.000,2026-01-14 00:00:00.000,,,,106,28,2026-01-14 15:53:09.816,,False,5
2547,استاتور الستوم,0556,,751,,سیم پیچی,,,5579,58,2026-02-02 00:00:00.000,2026-01-14 00:00:00.000,,,,106,28,2026-01-14 15:53:39.533,,False,5
2548,جرثقیل 12.5KW-29A-220/380V-1440RPM,,,,,اورهال در محل,,,6576,22,2026-07-22 00:00:00.000,2026-01-19 00:00:00.000,,,,106,28,2026-01-29 08:23:24.140,,False,0
2549,استاتور AC300KW-6KV,,,2790,,اورهال,,,6577,19,2026-01-29 00:00:00.000,2026-01-29 00:00:00.000,,,,106,28,2026-01-29 08:23:55.136,,True,8
2550,الکتروموتور AC30KW-58.8/33.9A-380/660V-1470RPM,,,760-761,,سیم پیچی,,,6578,54,2026-03-07 00:00:00.000,2026-01-21 00:00:00.000,,,,106,28,2026-01-29 08:26:12.880,,True,5
2516,الکتروموتور گیربکسی 5KW,,,740,,سیم پیچی,,,7576,93,2026-01-05 00:00:00.000,2025-12-02 00:00:00.000,,,,106,28,2026-02-05 12:03:55.040,,True,5
2551,الکتروموتور 55KW-2965RPM-96/55.3A-400/690V,,,,,سیم پیچی,,,8576,197,2026-02-25 00:00:00.000,2026-01-25 00:00:00.000,,,,106,28,2026-02-09 12:24:14.706,,False,3
2552,خازن 3 فاز 50KVAR,,,,,,,,8577,2207,,2026-01-21 00:00:00.000,,,,69,29,2026-02-09 12:39:44.790,,True,0
2553,الکتروموتور 37KW-7.5A-380V-1480RPM,,,762,,اورهال,,,8578,118,2026-03-07 00:00:00.000,2026-02-07 00:00:00.000,,,,106,28,2026-02-09 12:53:15.403,,True,5
2554,ژنراتور فشار ضعیف 720KVA-1039A-400V-1500RPM AC,,,2788,,سیم پیچی,,,8579,163,2026-02-19 00:00:00.000,2026-02-08 00:00:00.000,,,,106,28,2026-02-09 12:55:46.630,,True,8
2555,استاتور اکسیژن دالاندر 160/75KW-308/240A-380V-750/375RPM,,,2929,,اورهال,,,8580,2209,2026-03-16 00:00:00.000,2026-02-09 00:00:00.000,,,,106,28,2026-02-09 12:56:26.066,,True,8
2556,استاتور اکسیژن دالاندر 160/75KW-308/240A-380V-750/375RPM,,,2929,,اورهال,,,8581,2209,,2026-02-09 00:00:00.000,,,,106,28,2026-02-09 12:56:58.300,,True,8
2557,استاتور الستوم ,0695,,765,,سیم پیچی,,,9576,58,2026-03-05 00:00:00.000,2026-02-12 00:00:00.000,,,,106,28,2026-02-14 10:54:16.223,,True,5
2503,استاتور الستوم,0393,,,,سیم پیچی,,,1562,58,,2025-12-01 00:00:00.000,,,,106,28,2025-12-09 16:18:30.413,,True,0
2504,استاتور الستوم,0121,,797,,سیم پیچی,,,1563,58,2026-06-04 00:00:00.000,2025-12-01 00:00:00.000,,,,106,28,2025-12-09 16:20:06.886,,True,5
2505,استاتور الستوم,0465,,,,سیم پیچی,,,1564,58,,2025-12-01 00:00:00.000,,,,106,28,2025-12-09 16:21:14.380,,True,0
2506,استاتور الستوم,0567,,,,سیم پیچی,,,1565,58,,2025-12-01 00:00:00.000,,,,106,28,2025-12-09 16:21:48.200,,True,0
2507,استاتور الستوم,0282,,787,,سیم پیچی,,,1566,58,2026-04-07 00:00:00.000,2025-12-01 00:00:00.000,,,,106,28,2025-12-09 16:22:29.883,,True,5
2508,استاتور الستوم ,0558,,812,,سیم پیچی,,فاکتور 804 باطل و 812 صادر گردید,1567,58,2026-06-28 00:00:00.000,2025-12-01 00:00:00.000,,,,106,28,2025-12-09 16:23:13.750,,True,5
2509,استاتور الستوم ,0384,,,,سیم پیچی,,,1568,58,,2025-12-01 00:00:00.000,,,,106,28,2025-12-09 16:23:39.766,,True,0
2510,استاتور الستوم,0150,,745,,سیم پیچی,,,1569,58,2026-01-11 00:00:00.000,2025-12-01 00:00:00.000,,,,106,28,2025-12-09 16:24:03.106,,True,5
2511,الکتروموتور استاتور و ارمیچر 2.5تن,,,,,سیم پیچی,,متعلق به نوری زاده است,1570,5213,2026-01-28 00:00:00.000,2025-12-01 00:00:00.000,,,,106,28,2025-12-09 16:25:21.833,,True,0
2512,الکتروموتور استاتور و ارمیچر 4.5 تن,,,729-730,,سیم پیچی,,,1571,54,2025-12-10 00:00:00.000,2025-12-01 00:00:00.000,,,,106,28,2025-12-09 16:26:08.570,,True,5
2513,پوسته 4.5 تن,,,729-730,,سیم پیچی,,,1572,54,2025-12-10 00:00:00.000,2025-12-01 00:00:00.000,,,,106,28,2025-12-09 16:26:37.480,,True,5
2514,ارمیچر 4.5 تن,,,,,سیم پیچی,,,1573,54,,2025-12-01 00:00:00.000,,,,106,28,2025-12-09 16:27:14.583,,True,0
2515,الکتروموتور 55kw-1500rpm,,,740,,سیم پیچی,,,2560,93,2026-01-05 00:00:00.000,2025-12-02 00:00:00.000,,,,106,28,2025-12-17 19:50:10.996,2026-01-06 00:00:00.000,True,5
2517,الکتروموتور 110KW,,,740,,سیم پیچی,,,2562,93,2026-01-07 00:00:00.000,2025-12-02 00:00:00.000,,,,106,28,2025-12-14 09:07:53.686,,True,5
2518,آرمیچر 4.5 تن,,,,,سیم پیچی,,,2563,54,,2025-12-08 00:00:00.000,,,,106,28,2025-12-14 09:09:02.343,,True,0
2519,آرمیچر 4.5 تن ,,,,,سیم پیچی,,متعلق به نوری زاده است,2564,5213,2026-01-22 00:00:00.000,2025-12-08 00:00:00.000,,,,106,28,2025-12-14 09:10:19.780,,True,0
2520,الکتروموتور 75kw- 980rpm,,,747-748,,سیم پیچی,,,2565,54,2026-01-22 00:00:00.000,2025-12-08 00:00:00.000,,,,106,28,2025-12-14 09:11:19.853,,True,5
2521,الکتروموتور 45kw-989rpm,,,398,,تعویض بیرینگ,,,2566,156,2025-12-15 00:00:00.000,2025-12-11 00:00:00.000,,,,106,28,2025-12-14 09:12:13.470,,True,8
2522,الکتروموتور 4kw-1400rpm,,,740,,سیم پیچی,,,2567,93,2026-01-07 00:00:00.000,2025-12-14 00:00:00.000,,,,106,28,2025-12-14 09:51:06.636,,False,5
2523,الکتروموتور 3kw-1400rpm,,,740,,سیم پیچی,,,2568,93,2026-01-07 00:00:00.000,2025-12-13 00:00:00.000,,,,106,28,2025-12-14 09:53:05.896,,False,5
2524,الکتروموتور 5.5kw-960rpm,,,749,,سیم پیچی,,,2569,93,2026-01-22 00:00:00.000,2025-12-13 00:00:00.000,,,,106,28,2025-12-14 09:53:57.740,,False,5
2525,الکتروموتور 400kw-750rpm-6KV,,,734,,رفع اتصال موضعی,,,2570,68,2025-12-28 00:00:00.000,2025-12-14 00:00:00.000,,,,106,28,2025-12-14 09:55:30.296,,True,5
2526,الکتروموتور 200KW,,,2780,,رفع اتصال موضعی,,,2571,207,2025-12-18 00:00:00.000,2025-12-17 00:00:00.000,,,,106,28,2025-12-22 08:38:20.570,,True,8
2527,استاتور 2.5 تن خالی,,,,,,,متعلق به نوری زاده است,2572,54,,2025-12-08 00:00:00.000,,,,106,28,2025-12-22 08:42:07.020,,True,0
1007,موتور کولر راه آهن DC,,,,,بازسازی کامل استاتور,,,2573,7,2017-08-29 00:00:00.000,2017-09-17 00:00:00.000,,,,106,28,2017-09-17 00:00:00.000,,False,0
1008,موتور کولر راه آهن DC 4HP,,,,,بازسازی کامل استاتور,,,2574,7,2017-09-28 00:00:00.000,2017-09-17 00:00:00.000,,,,106,28,2017-09-17 00:00:00.000,,False,0
2528,استاتور الستوم همراه با رتور ,0436,,746,,سیم پیچی,,روتور در شرکت موجود است,3573,58,2026-01-14 00:00:00.000,2025-12-23 00:00:00.000,,,,106,28,2025-12-24 13:50:05.296,,True,5
2529,استاتور الستوم,0018,,765,,سیم پیچی ,,,3574,58,2026-03-05 00:00:00.000,2025-12-23 00:00:00.000,,,,106,28,2025-12-24 13:50:35.196,,True,5
2530,الکتروموتور 400KW-50A-6KV-600RPM,,,763-764,,سیم پیچی موضعی -اصلاح شفت,,,3575,68,2026-03-11 00:00:00.000,2025-12-23 00:00:00.000,,,,106,28,2025-12-24 13:52:08.663,,True,5
2531,الکتروموتور 45KW-1495RPM,,,736,,سیم پیچی,,,3576,4210,2026-01-01 00:00:00.000,2025-12-23 00:00:00.000,,,,106,28,2025-12-24 13:52:42.233,,True,5
2532,ترانس گان هوایی ,,,737-738,,سیم پیچی,,,4573,22,2025-12-29 00:00:00.000,2025-12-25 00:00:00.000,,,,106,28,2025-12-29 13:33:27.393,,True,5
2375,الکتروموتور 4 KW موتوژن,,,682-683,رسمی,سیم پیچی,,فاکتور 671/672 باطل گردید,1421,54,2025-08-21 00:00:00.000,2025-05-10 00:00:00.000,,,,106,28,,,False,5
2376,الکتروموتور 2.2 kw موتوژن,,,682-683,رسمی,سیم پیچی,,فاکتور 671/672 باطل گردید,1422,54,2025-08-21 00:00:00.000,2025-05-10 00:00:00.000,,,,106,28,,,False,5
2377,موتور ضد انفجار 1.02KW-2.5A-380V-3000RPM,,,,,سیم پیچی,,,1423,54,,2025-05-10 00:00:00.000,,,,106,28,,,False,0
2378,موتور ضد انفجار 1.02KW-2.5A-380V-3000RPM,,,790-791,,سیم پیچی,,,1424,54,,2025-05-10 00:00:00.000,,,,106,28,,,False,5
2379,آرمیچر 4.5 تن ,,,659-660,رسمی,تعویض شفت ,,,1425,54,2025-06-16 00:00:00.000,2025-05-10 00:00:00.000,,,,106,28,,,False,5
2380,استاتور  اکسیژن 200KW,,,673,رسمی,موتور دالاندر دو دور ,,,1426,188,2025-08-05 00:00:00.000,2025-05-31 00:00:00.000,,,,,,,,False,5
2381,الکتروموتور 174kwDC-355/1751r.p.m,,,645,رسمی,اورهال,,,1427,116,2025-05-16 00:00:00.000,2025-05-11 00:00:00.000,,,,106,28,,,False,5
2382,"الکتروموتور 400v-200KW AC
1487rpm",,,647,رسمی,اورهال,,,1428,116,2025-05-16 00:00:00.000,2025-05-11 00:00:00.000,,,,106,28,,,False,5
2383, الکتروموتور407KW DC,,,648,رسمی,سیم پیچی فیلد,,,1429,116,2025-06-13 00:00:00.000,2025-05-11 00:00:00.000,,,,106,28,,,False,5
2384,الکتروموتور 200kwDC-676r.p.m,,,646,رسمی,اورهال,,,1430,116,2025-05-16 00:00:00.000,2025-05-11 00:00:00.000,,,,106,28,,,False,5
2385,الکتروموتور 680kw DC-990/1140rpm,,,644,رسمی,اورهال,,,1431,116,2025-05-16 00:00:00.000,2025-05-11 00:00:00.000,,,,106,28,,,False,5
2386,الکتروموتور 75KW AC-2975rpm,,,659-660,رسمی,اورهال,,,1432,54,2025-06-16 00:00:00.000,2025-05-22 00:00:00.000,,,,106,28,,,False,5
RE1/2336,الکتروموتور تک فاز 1.5KW,,,,,برگشتی,,بصورت مجموعه الکتروموتور مونتاژ و خروج خورده است,1433,156,2025-08-06 00:00:00.000,2025-05-22 00:00:00.000,,,,,,,,False,
2387,الکتروموتور 290KW-540/315A-400/690V-743RPM,,,780,,سیم پیچی استاتوراصلاح شفت(ساخت شفت) ,,769 باطل گردید,1434,140,2026-03-15 00:00:00.000,2025-05-24 00:00:00.000,,,,106,28,,,False,5
2388,الکتروموتور 290KW-734RPM,,,692,رسمی,بریدن شفت - استاتور ( بدنه کامل ) ,,,1435,140,2025-09-03 00:00:00.000,2025-05-24 00:00:00.000,,,,106,28,,,False,5
RE1/2324,پوسته آرمیچر 5.5 تن ,,,,,برگشتی,,بصورت مجموعه الکتروموتور مونتاژ و خروج خورده است,1436,54,2025-06-16 00:00:00.000,2025-05-10 00:00:00.000,,,,106,28,,,False,0
RE1/2325,آرمیچر 5.5 تن ,,,,,برگشتی,,بصورت مجموعه الکتروموتور مونتاژ و خروج خورده است,1437,54,2025-06-16 00:00:00.000,2025-05-10 00:00:00.000,,,,106,28,,,False,0
2389,الکتروموتور AC-55KW,,,655,رسمی,"خرابی بلبرینگها ( دو سر ) قطع بودن سر 
خروجی موتور به تخته کلمپ - تعویض سر خروجی ",,,1438,152,2025-06-12 00:00:00.000,2025-05-27 00:00:00.000,,,,106,28,,,False,5
2390,الکتروموتور 200KW-380V,,,2777,غیر رسمی,تعویض عایق بدنه,,,1439,189,2025-07-05 00:00:00.000,2025-05-31 00:00:00.000,,,,,,,,False,8
2391,پوسته 200KW-380V,,,2777,غیر رسمی,ساخت وکویل ,,,1440,189,2025-10-27 00:00:00.000,2025-05-31 00:00:00.000,,,,,,,,False,8
2331,پمپ آب ,,,3167,غیر رسمی,تعمیر درب کاسه عقب (لاتون ),,,1375,163,2025-02-16 00:00:00.000,2025-02-12 00:00:00.000,,,,,,,,False,8
2332,پمپ آب 2.2kw,,,3167,غیر رسمی,سیم پیچی,,,1376,163,2025-03-12 00:00:00.000,2025-02-12 00:00:00.000,,,,,,,,False,8
2333,اسلیپ رینگ ,,,,,رفع اتصال موضعی بدون فاکتور ,,,1377,19,2025-08-03 00:00:00.000,2025-02-12 00:00:00.000,,,,106,28,,,False,1
2334,پمپ آب,,,4479,غیر رسمی,سیم پیچی,,,1378,178,2025-02-26 00:00:00.000,2025-02-12 00:00:00.000,,,,,,,,False,8
2335,الکتروموتور DC 42KW,,,4477,غیر رسمی,اورهال,,,1379,150,2025-02-13 00:00:00.000,2025-02-11 00:00:00.000,,,,106,28,,,False,8
2336,الکتروموتور تک فاز1.5 kw,,,4481,غیر رسمی,سیم پیچی,,,1380,156,2025-04-26 00:00:00.000,2025-02-18 00:00:00.000,,,,,,,,False,8
2337,الکترو موتور فن 42.5kw ,,,606,رسمی,اورهال,,,1381,152,2025-02-24 00:00:00.000,2025-02-19 00:00:00.000,,,,,,,,False,5
2338,الکتروموتور 6kv,,,607,رسمی,بلبرینگ,,,1382,68,2025-02-26 00:00:00.000,2025-02-19 00:00:00.000,,,,106,28,,,False,5
2339,استاتور اکسیزن 200kw,,,,,عودت,,,1383,180,2025-02-20 00:00:00.000,2025-02-20 00:00:00.000,,,,106,28,,,False,6
2340,الکتروموتور 55kw,,,,,عودت,,,1384,42,2025-02-24 00:00:00.000,2025-02-22 00:00:00.000,,,,106,28,,,False,6
2341,الکتروموتور 30KW DC,,,,,,,,1385,52,,2019-09-11 00:00:00.000,,,,,,,,False,
2342,فن 3 فاز تخم مرغی ,,,,,برگشتی,,,1386,163,2025-03-19 00:00:00.000,2025-02-23 00:00:00.000,,,,106,28,,,False,3
2343,ژنراتور 150kv ,,,656,رسمی,سیم پیچی,,,1387,181,2025-05-07 00:00:00.000,2025-02-25 00:00:00.000,,,,,,,,False,5
2344,الکتروموتور DC 42KW ,,,354,غیر رسمی,ساعت کردن کلکتور ,,,1388,150,2025-03-16 00:00:00.000,2025-03-03 00:00:00.000,,,,106,28,,,False,8
2345,الکتروموتور 1120kw,,,633,رسمی,اورهال,,,1389,140,2025-05-11 00:00:00.000,2025-02-25 00:00:00.000,,,,106,28,,,False,5
2346,بوبین 380v,,,,,عودت,,بدون فاکتور,1390,41,2025-03-04 00:00:00.000,2025-03-03 00:00:00.000,,,,106,28,,,False,6
2347,گان هوایی  150kv,,,630/631,رسمی,سیم پیچی,,,1391,22,2025-04-16 00:00:00.000,2025-03-09 00:00:00.000,,,,106,28,,,False,5
2348,الکتروموتور 5.5kw-1440RPM,,,667,رسمی,سیم پیچی,,,1392,118,2025-05-12 00:00:00.000,2025-02-28 00:00:00.000,,,,,,,,False,5
2349,الکتروموتور 200KW,,,616,رسمی,رفع اتصال موضعی,,,1393,116,2025-03-27 00:00:00.000,2025-03-10 00:00:00.000,,,,106,28,,,False,5
2350,الکتروموتور 1250KW,,,666,رسمی,سیم پیچی استاتور ,,,1394,116,2025-07-01 00:00:00.000,2025-03-11 00:00:00.000,,,,106,28,,,False,5
2351,شفت ,,,,,برداشت نقشه,,,1395,116,2025-11-23 00:00:00.000,2025-03-11 00:00:00.000,,,,106,28,,,False,6
2352,آرمیچر 4.5 تن ,,,,,عودت,,,1396,55,2025-03-17 00:00:00.000,2025-03-17 00:00:00.000,,,,106,28,,,False,6
2353,530A-280KW-743rpm-الکتروموتور ,,,665,رسمی,سیم پیچی,,,1397,140,2025-07-01 00:00:00.000,2025-03-17 00:00:00.000,,,,106,28,,,False,5
RE1/2305,الکتروموتور 500KW,,,,,برگشتی,,,1398,96,2025-04-16 00:00:00.000,2025-03-17 00:00:00.000,,,,106,28,,,False,3
2354,"الکتروموتور DC - 
450KW - 440V-1098A",,,625-626,رسمی,سیم پیچی,,,1399,123,2025-04-30 00:00:00.000,2025-03-18 00:00:00.000,,,,,,,,False,5
2293,روتور 90KW,,,741-742,,سیم پیچی,,"رتور در تاریخ 1403/09/26 وارد شرکت گردیده است (2502)
",1329,22,2026-01-07 00:00:00.000,2024-12-16 00:00:00.000,,,,106,28,,,False,5
2294,ترانس 1250KW,,,588,رسمی,اورهال,,,1330,140,2025-01-25 00:00:00.000,2024-12-20 00:00:00.000,,,,,,,,False,5
2295,الکتروموتور 150KW,,,592,رسمی,اورهال,,,1331,118,2025-03-15 00:00:00.000,2024-12-21 00:00:00.000,,,,106,28,,,False,5
2296,الکتروموتور 5.5 KW,,,592,رسمی,سیم پیچی,,,1332,118,2025-02-03 00:00:00.000,2024-12-21 00:00:00.000,,,,106,28,,,False,5
2297,استاتور اکسیژن 200kw,,,589,رسمی,اورهال,,,1333,128,2025-01-22 00:00:00.000,2024-12-22 00:00:00.000,,,,,,,,False,5
2298,"روتور جرثقیل سقفی
 مخروطی شکل ",,,,,عودت,,,1334,22,2024-12-30 00:00:00.000,2024-12-23 00:00:00.000,,,,106,28,,,False,6
2299,الکتروموتور DC,,,,,سیم پیچی,,تهاتر با خدمات انجام شده از طرف شرکت الوند جاوید و فروش سیم 2 دستگاه آرمیچر,1335,148,2025-04-17 00:00:00.000,2024-12-26 00:00:00.000,,,,106,28,,,False,1
2300,الکتروموتور 315KW-6000V,,,634,رسمی,سیم پیچی,,,1336,140,2025-05-11 00:00:00.000,2024-12-28 00:00:00.000,,,,106,28,,,False,5
2301,آرمیچر 4.5 تن ,,,609,رسمی,سیم پیچی,,,1337,55,2025-01-28 00:00:00.000,2024-12-29 00:00:00.000,,,,106,28,,,False,5
2302,پوسته الکتروموتور 4.5 تن ,,,578-579,رسمی,سیم پیچی,,,1338,54,2025-01-12 00:00:00.000,2024-12-30 00:00:00.000,,,,,,,,False,5
2303,الکتروموتور5 تن ,,,580-581,رسمی,سیم پیچی,,,1339,54,2025-01-12 00:00:00.000,2024-12-31 00:00:00.000,,,,,,,,False,5
2304,مگنت جرثقیل ,,,582,رسمی,سیم پیچی,,,1340,159,2025-01-13 00:00:00.000,2025-01-01 00:00:00.000,,,,106,28,,,False,5
2305,الکتروموتور 500kw,,,598-599-600-,رسمی,سیم پیچی,,,1341,96,2025-02-09 00:00:00.000,2025-01-03 00:00:00.000,,,,106,28,,,False,5
2306,الکتروموتور 457kw,,,,,اورهال,,بدلیل اتصال در زمان راه اندازی تایید نگردید,1342,139,2025-02-09 00:00:00.000,2025-01-11 00:00:00.000,,,,106,28,,,False,4
2307,الکتروموتور 15.5 kw زیمنس 2 دور ,,,614-615,رسمی,سیم پیچی,,,1343,96,2025-02-26 00:00:00.000,2025-01-03 00:00:00.000,,,,106,28,,,False,5
2308,استاتور 315kw اکسیژن ,,,4468,غیر رسمی,راه اندازی,,,1344,120,2025-01-13 00:00:00.000,2025-01-12 00:00:00.000,,,,,,,,False,8
2309,الکتروموتور 5 تن ,,,590-591,رسمی,سیم پیچی,,,1345,54,2025-01-25 00:00:00.000,2025-01-11 00:00:00.000,,,,,,,,False,5
RE1/2247,الکتروموتور 5.5 kw,,,,,برگشتی,,,1346,96,2025-02-26 00:00:00.000,2025-01-11 00:00:00.000,,,,106,28,,,False,3
RE1/2248,الکتروموتور 5.5 kw,,,,,برگشتی,,,1347,96,2025-02-26 00:00:00.000,2025-01-11 00:00:00.000,,,,106,28,,,False,3
RE1/2249,الکتروموتور 5.5 kw,,,,,برگشتی,,,1348,96,2025-02-26 00:00:00.000,2025-01-11 00:00:00.000,,,,106,28,,,False,3
RE1/2250,الکتروموتور 5.5 kw,,,,,برگشتی,,,1349,96,2025-02-26 00:00:00.000,2025-01-11 00:00:00.000,,,,106,28,,,False,3
RE1/2253,الکتروموتور 5.5 kw,,,,,برگشتی,,,1350,96,2025-02-26 00:00:00.000,2025-01-11 00:00:00.000,,,,106,28,,,False,3
RE1/2278,الکتروموتور 160kw,,,,,برگشتی,,,1351,170,2025-01-26 00:00:00.000,2025-01-11 00:00:00.000,,,,106,28,,,False,3
2310,ژنراتور 40kv برند  stream,,,367,غیر رسمی,سیم پیچی,,,1352,176,2025-02-04 00:00:00.000,2025-01-20 00:00:00.000,,,,,,,,False,8
2247,الکتروموتور 5.5kw,,,573-574,رسمی,سیم پیچی,,,1280,96,2024-12-09 00:00:00.000,2024-10-09 00:00:00.000,,,,106,28,,,False,5
2248,الکتروموتور 5.5kw,,,573-574,رسمی,سیم پیچی,,,1281,96,2024-12-09 00:00:00.000,2024-10-09 00:00:00.000,,,,106,28,,,False,5
2249,الکتروموتور 5.5kw,,,573-574,رسمی,سیم پیچی,,,1282,96,2024-12-09 00:00:00.000,2024-10-09 00:00:00.000,,,,106,28,,,False,5
2250,الکتروموتور 5.5kw,,,573-574,رسمی,سیم پیچی,,,1283,96,2024-12-09 00:00:00.000,2024-10-09 00:00:00.000,,,,106,28,,,False,5
2251,الکتروموتور 5.5kw,,,628-629,رسمی,سیم پیچی,,,1284,96,2025-02-26 00:00:00.000,2024-10-09 00:00:00.000,,,,106,28,,,False,5
2252,الکتروموتور 5.5kw,,,628-629,رسمی,سیم پیچی,,,1285,96,2025-02-26 00:00:00.000,2024-10-09 00:00:00.000,,,,106,28,,,False,5
2253,الکتروموتور 5.5kw,,,573-574,رسمی,سیم پیچی,,,1286,96,2024-12-09 00:00:00.000,2024-10-09 00:00:00.000,,,,106,28,,,False,5
2254,الکتروموتور 90kw,,,571-572,رسمی,سیم پیچی,,,1287,96,2024-12-22 00:00:00.000,2024-10-09 00:00:00.000,,,,106,28,,,False,5
2255,آرمیچر 4/5 تن ,,,608,رسمی,سیم پیچی,,,1288,41,2025-03-04 00:00:00.000,2024-10-09 00:00:00.000,,,,,,,,False,5
2256,ترانس گان هوایی 150KVA,,,539-540,رسمی,سیم پیچی,,,1289,22,2024-10-21 00:00:00.000,2024-10-09 00:00:00.000,,,,106,28,,,False,5
2257,ترانس گان هوایی 150KVA,,,534-535,رسمی,سیم پیچی,,,1290,22,2024-10-14 00:00:00.000,2024-10-13 00:00:00.000,,,,106,28,,,False,5
2258,الکتروموتور 200kw,,415875,545,رسمی,سیم پیچی,حسینیان زاده,,1291,116,2024-10-21 00:00:00.000,2024-10-15 00:00:00.000,2024-10-16,2024-10-15,,,,,,False,5
2259,مگنت ,,,575,رسمی,سیم پیچی,,,1292,116,2025-03-27 00:00:00.000,2024-10-15 00:00:00.000,,,,,,,,False,5
2260,مگنت الکتریکی,,,676-677,رسمی,سیم پیچی,,,1293,134,2025-10-20 00:00:00.000,2024-10-16 00:00:00.000,,,,,,,,False,5
2261,الکتروموتور 3kw,,,1419,غیر رسمی,شکستگی درب قالپلق و سوختن سیم پیچ,,,1294,156,2024-10-27 00:00:00.000,2024-10-25 00:00:00.000,,,,,,,,False,8
2262,ترانس گان هوایی 100KVA,,,593-594,رسمی,سیم پیچی,,,1295,22,2025-02-01 00:00:00.000,2024-10-28 00:00:00.000,,,,106,28,,,False,5
2263,ترانس گان هوایی 150KVA,,,549-550,رسمی,سیم پیچی,,,1296,22,2024-11-04 00:00:00.000,2024-10-28 00:00:00.000,,,,106,28,,,False,5
2264,آرمیچر لیفتراک ,,,/0360/,غیر رسمی,جوشکاری رایزر,,,1297,113,2024-11-09 00:00:00.000,2024-10-30 00:00:00.000,,,,,,,,False,8
2265,الکتروموتور DC20KW,,,,,عودت,,,1298,166,2024-11-05 00:00:00.000,2024-10-31 00:00:00.000,,,,106,28,,,False,6
2266,ترانس 20000 به 6000 ولت,,,4155,غیر رسمی,سیم پیچی,,,1299,158,2024-11-13 00:00:00.000,2024-10-23 00:00:00.000,,,,,,,,False,8
2267,پوسته الکتروموتور 4.5 تن,,,568-569,رسمی,سیم پیچی,,,1300,54,2024-12-11 00:00:00.000,2024-11-04 00:00:00.000,,,,,,,,False,5
2268,آرمیچر 4.5 تن ,,,,,سیم پیچی,,صورتجلسه شماره 30,1301,55,,2024-11-04 00:00:00.000,,,,106,28,,,False,0
2269,استاتور اکسیژن 200KW,,,4473,غیر رسمی,اصلاح عایق بدنه,,,1302,19,2025-01-19 00:00:00.000,2024-11-04 00:00:00.000,,,,,,,,False,8
2270,الکتروموتور HP400-AC,B9065495-D40001CN,,642-643,رسمی,سیم پیچی,,,1303,155,2025-05-08 00:00:00.000,2024-11-04 00:00:00.000,,,,106,28,,,False,5
2202,الکتروموتور 5/5 تن ,,,551-552,رسمی,سیم پیچی,,,1233,54,2024-11-05 00:00:00.000,2024-07-27 00:00:00.000,,,,,,,,False,5
2203,الکتروموتور 154kw dc,,,576,رسمی,سیم پیچی,,,1234,116,2025-03-27 00:00:00.000,2024-07-30 00:00:00.000,,,,,,,,False,5
2204,الکتروموتور 407kw dc,,,509,رسمی,اورهال,,,1235,116,2024-08-07 00:00:00.000,2024-07-30 00:00:00.000,,,,,,,,False,5
RE1/2196,الکتروموتور 7/5kw ,,,,,برگشتی,,,1236,159,2024-08-01 00:00:00.000,2024-07-31 00:00:00.000,,,,106,28,,,False,3
2205,الکتروموتور 400hp-دور1200  360امپر,,,566-567,رسمی,اورهال,,,1237,155,2024-12-03 00:00:00.000,2024-08-01 00:00:00.000,,,,,,,,False,5
2206,الکتروموتور 400hp-دور1200  360امپر,BTJ1-6953960-010,,752-753,,اورهال,,,1238,155,2024-12-03 00:00:00.000,2024-08-01 00:00:00.000,,,,106,28,,,False,5
2207,الکتروموتور 400hp-دور1200  360امپر,B9038736-160001-6M,,562-563,رسمی,اورهال,,,1239,155,2024-12-03 00:00:00.000,2024-08-01 00:00:00.000,,,,106,28,,,False,5
2208,باسداکت3150A-400V,,,527,رسمی,عایق بندی,,,1240,96,2024-10-03 00:00:00.000,2024-08-04 00:00:00.000,,,,,,,,False,5
2209,باسداکت3150A-400V,,,527,رسمی,عایق بندی,,,1241,96,2024-10-03 00:00:00.000,2024-08-04 00:00:00.000,,,,,,,,False,5
2210,باسداکت3150A-400V,,,528,رسمی,عایق بندی,,,1242,96,2024-10-03 00:00:00.000,2024-08-04 00:00:00.000,,,,,,,,False,5
2211,باسداکت3150A-400V,,,528,رسمی,عایق بندی,,,1243,96,2024-10-03 00:00:00.000,2024-08-04 00:00:00.000,,,,,,,,False,5
2212,الکتروموتور DC-52/5KW,,,508,رسمی,اورهال,,,1244,143,2024-08-09 00:00:00.000,2024-08-06 00:00:00.000,,,,,,,,False,5
2213,الکتروموتور 200KW اکسیژن,,,,,سیم پیچی موضعی,,گارانتی,1245,19,2024-09-20 00:00:00.000,2024-08-18 00:00:00.000,,,,106,28,,,False,1
2214,الکتروموتور 4/5 تن ,,,521-522,رسمی,سیم پیچی,,,1246,54,2024-09-08 00:00:00.000,2024-09-27 00:00:00.000,,,,,,,,False,5
2215,پوسته 5.5 تن,,,617-618,رسمی,سیم پیچی,,,1247,54,2025-03-15 00:00:00.000,2024-09-27 00:00:00.000,,,,,,,,False,5
2216,الکتروموتور 4/5 تن ,,,555-556,رسمی,سیم پیچی,,,1248,54,2024-11-16 00:00:00.000,2024-09-27 00:00:00.000,,,,,,,,False,5
2217,آرمیچر 4/5 تن ( بدون پوسته ) ,,,650-651,رسمی,سیم پیچی,,,1249,54,2025-05-20 00:00:00.000,2024-09-27 00:00:00.000,,,,,,,,False,5
2218,دستگاه جوش ,,,,,اورهال,,,1250,73,2025-07-28 00:00:00.000,2024-08-28 00:00:00.000,,,,,,,,False,
2219,دستگاه جوش ( پانیذ شرق ) ,,,546,رسمی,اورهال,,,1251,73,2024-11-04 00:00:00.000,2024-08-28 00:00:00.000,,,,,,,,False,5
2220,روتور لوکوموتیو ,,,,,عودت,,,1252,54,2024-09-05 00:00:00.000,2024-08-26 00:00:00.000,,,,106,28,,,False,6
2221,روتور لوکوموتیو ,,,,,عودت,,,1253,54,2024-09-05 00:00:00.000,2024-08-26 00:00:00.000,,,,106,28,,,False,6
2222,استاتور ,,,650-651,رسمی,سیم پیچی,,,1254,54,2025-05-20 00:00:00.000,2024-08-26 00:00:00.000,,,,2123,2028,,,False,5
2223,استاتور ,,,,,عودت,,,1255,54,2024-09-05 00:00:00.000,2024-08-26 00:00:00.000,,,,106,28,,,False,6
2224,استاتور ,,,,,عودت,,,1256,54,2024-09-05 00:00:00.000,2024-08-26 00:00:00.000,,,,106,28,,,False,6
2225,کفکش تک فاز,,,1452,غیر رسمی,سیم پیچی,,,1257,156,2024-10-19 00:00:00.000,2024-09-07 00:00:00.000,,,,,,,,False,8
1001,پمپ آب خانگی (باغ),,,,,سرویس پمپ,,,1,1,2017-08-26 00:00:00.000,2017-08-26 00:00:00.000,,,,106,28,,,False,0
1002,ورزشگاه محلات (پمپ کولر 13),,,,,سرویس کولر 13000,,,2,2,2017-09-11 00:00:00.000,2017-09-01 00:00:00.000,,,,,,,,False,
1003,نصب کولر,,,,,نصب 5 دستگاه کولر,,,3,3,2017-09-09 00:00:00.000,2017-09-03 00:00:00.000,,,,,,,,False,
1004,بالابر و ...,,,,,سرویس بالابر ,,,4,4,2017-09-11 00:00:00.000,2017-08-27 00:00:00.000,,,,,,,,False,
1005,کولر 13000,,,,,سرویس کولر 13000 و تعویض کنتاکتور,,,5,5,2017-09-12 00:00:00.000,2017-09-12 00:00:00.000,,,,,,,,False,
1006,کولر 7500,,,,,سرویس کولر 7500,,,6,6,2017-09-14 00:00:00.000,2017-09-14 00:00:00.000,,,,,,,,False,
1009,موتور کولر راه آهن DC,,,,,بازسازی کامل استاتور,,,9,7,2017-09-28 00:00:00.000,2017-09-17 00:00:00.000,,,,,,,,False,
1010,موتور کنارک DC,,,,,سیم پیچی و اصلاح کلکتور ,,,10,8,2017-10-12 00:00:00.000,2017-09-17 00:00:00.000,,,,,,,,False,
1011,ورزشگاه محلات دینام 5/5KW,,,,,سیم پیچی,,,11,2,2017-09-24 00:00:00.000,2017-09-17 00:00:00.000,,,,,,,,False,
1012,آرمیچر موتور استارت کنارک,,,,,سیم پیچی و تراشکاری شفت,,,12,8,2017-10-12 00:00:00.000,2017-10-02 00:00:00.000,,,,,,,,False,
1013,دینام 3 فاز 95KW چینی,,,,,سیم پیچی ,,,13,9,2017-11-05 00:00:00.000,2017-10-04 00:00:00.000,,,,,,,,False,
1014,نصب پمپ آب,,,,,نصب پمپ آب,,,14,10,2017-10-10 00:00:00.000,2017-10-10 00:00:00.000,,,,,,,,False,
1015,پمپ کفکش 1.5HP,,,,,سیم پیچی,,,15,11,2017-10-18 00:00:00.000,2017-10-17 00:00:00.000,,,,,,,,False,
1016,نصب فیوز و پرژکتور,,,,,نصب فیوز,,,16,4,2017-10-17 00:00:00.000,2017-10-17 00:00:00.000,,,,,,,,False,
1017,شوفاژ خانه,,,,,سرویس شوفاژ خانه,,,17,3,2017-10-19 00:00:00.000,2017-10-18 00:00:00.000,,,,,,,,False,
1018,موتور کولر,,,,,سیم پیچی,,,18,12,2017-10-28 00:00:00.000,2017-10-21 00:00:00.000,,,,,,,,False,
1019,پمپ آب,,,,,سیم پیچی,,,19,12,2017-10-28 00:00:00.000,2017-10-21 00:00:00.000,,,,,,,,False,
1020,پمپ حلزونی آب,,,,,اورهال ,,,20,4,2017-10-25 00:00:00.000,2017-10-23 00:00:00.000,,,,,,,,False,
1021,پمپ حلزونی آب,,,,,اورهال ,,,21,4,2017-10-25 00:00:00.000,2017-10-23 00:00:00.000,,,,,,,,False,
1022,دینام 3 فاز 4KW ,,,,,اورهال ,,,22,4,2017-10-25 00:00:00.000,2017-10-23 00:00:00.000,,,,,,,,False,
1023,دینام 3 فاز 4KW ,,,,,اورهال ,,,23,4,2017-10-25 00:00:00.000,2017-10-23 00:00:00.000,,,,,,,,False,
1026,روتور جرثقیل,,,,,عودت,,,24,13,2017-11-13 00:00:00.000,2017-10-24 00:00:00.000,,,,,,,,False,
1027,نصب تایمر شوفاژخانه,,,,,نصب تایمر,,,25,3,2017-10-25 00:00:00.000,2017-10-25 00:00:00.000,,,,,,,,False,
1024,پمپ آب شوفاژخانه,,,,,اورهال ,,,26,4,2017-11-23 00:00:00.000,2017-10-29 00:00:00.000,,,,,,,,False,
1025,پمپ آب شوفاژخانه,,,,,اورهال ,,,27,4,2017-11-23 00:00:00.000,2017-10-29 00:00:00.000,,,,,,,,False,
1028, 380 V 2/2KW,,,,,سیم پیچی,,,28,14,2017-11-04 00:00:00.000,2017-11-01 00:00:00.000,,,,,,,,False,
1029,کویل فشار قوی-34 عدد,,,,,جوشکاری کویل,,,29,7,2017-11-16 00:00:00.000,2017-11-03 00:00:00.000,,,,,,,,False,
1030,موتور تک فاز pem HP 1/5,,,,,سیم پیچی,,,30,12,2017-11-21 00:00:00.000,2017-11-07 00:00:00.000,,,,,,,,False,
1031,الکتروموتور Baol,,,,,اورهال ,,,31,12,2017-11-21 00:00:00.000,2017-11-11 00:00:00.000,,,,,,,,False,
1032,الکتروموتور فن 1HP,,,,,سیم پیچی,,,32,12,2017-11-21 00:00:00.000,2017-11-11 00:00:00.000,,,,,,,,False,
1033,الکتروموتور فن 1HP,,,,,سیم پیچی,,,33,12,2017-11-21 00:00:00.000,2017-11-11 00:00:00.000,,,,,,,,False,
1034,الکتروموتور فن 1HP,,,,,سیم پیچی,,,34,12,2017-11-21 00:00:00.000,2017-11-11 00:00:00.000,,,,,,,,False,
1035,الکتروموتور فن 1HP,,,,,سیم پیچی,,,35,12,2017-11-21 00:00:00.000,2017-11-11 00:00:00.000,,,,,,,,False,
1036,الکتروموتور فن 1HP,,,,,سیم پیچی,,,36,12,2017-11-21 00:00:00.000,2017-11-11 00:00:00.000,,,,,,,,False,
1037,الکتروموتور فن 1HP,,,,,عودت,,,37,12,2017-11-21 00:00:00.000,2017-11-11 00:00:00.000,,,,,,,,False,
1038,الکتروموتور فن 1HP,,,,,سیم پیچی,,,38,12,2017-11-21 00:00:00.000,2017-11-11 00:00:00.000,,,,,,,,False,
1039,گلنت (الکتروموتور تخت),,,,,سیم پیچی,,,39,12,2017-11-21 00:00:00.000,2017-11-11 00:00:00.000,,,,,,,,False,
1040,ترانس 650KVA,,,,,سیم پیچی و ساخت تابلو,,,40,15,2018-01-08 00:00:00.000,2017-11-14 00:00:00.000,,,,,,,,False,
1041,رتور جهت بالانس,,,,,بالانس,,,41,13,2018-11-28 00:00:00.000,2017-11-15 00:00:00.000,,,,,,,,False,
1042,موتور برق,,,,,عودت,,,42,16,2017-11-16 00:00:00.000,2017-11-16 00:00:00.000,,,,,,,,False,
1043,شوفاژخانه,,,,,اورهال ,,,43,3,2017-11-22 00:00:00.000,2017-11-22 00:00:00.000,,,,,,,,False,
1044,دینام فن 1HP,,,,,اورهال ,,,44,11,2017-11-28 00:00:00.000,2017-11-27 00:00:00.000,,,,,,,,False,
1045,ورزشگاه کارگران,,,,,سرویس 24عدد پروژکتور,,,45,4,2017-11-22 00:00:00.000,2017-11-22 00:00:00.000,,,,,,,,False,
1046,کویل آلستوم-33 عدد,,,,,جوشکاری کویل,,,46,7,2017-12-28 00:00:00.000,2017-12-02 00:00:00.000,,,,,,,,False,
1047,فن 180W,,,,,سیم پیچی,,,47,12,2017-12-14 00:00:00.000,2017-12-04 00:00:00.000,,,,,,,,False,
1048,فن 180W,,,,,سیم پیچی,,,48,12,2017-12-14 00:00:00.000,2017-12-04 00:00:00.000,,,,,,,,False,
1049,فن 180W,,,,,سیم پیچی,,,49,12,2017-12-14 00:00:00.000,2017-12-04 00:00:00.000,,,,,,,,False,
1050,استاتور 1/5HP,,,,,سیم پیچی,,,50,12,2017-12-14 00:00:00.000,2017-12-04 00:00:00.000,,,,,,,,False,
1051,فن بخاری,,,,,سیم پیچی,,,51,12,2017-12-18 00:00:00.000,2017-12-04 00:00:00.000,,,,,,,,False,
1052,استاتور دالاندر,,,,,سیم پیچی,,,52,12,2017-12-18 00:00:00.000,2017-12-04 00:00:00.000,,,,,,,,False,
1053,استاتور  0/37KW 380V دور 1400,,,,,سیم پیچی,,,53,14,2017-12-14 00:00:00.000,2017-12-12 00:00:00.000,,,,,,,,False,
1054,فن کوچک,,,,,سیم پیچی,,,54,12,2017-12-28 00:00:00.000,2017-12-18 00:00:00.000,,,,,,,,False,
1055,فن کوچک,,,,,سیم پیچی,,,55,12,2018-01-07 00:00:00.000,2017-12-18 00:00:00.000,,,,,,,,False,
1056,فن کوچک,,,,,سیم پیچی,,,56,12,2018-01-07 00:00:00.000,2017-12-18 00:00:00.000,,,,,,,,False,
1057,فن بزرگ,,,,,سیم پیچی,,,57,12,2017-12-28 00:00:00.000,2017-12-18 00:00:00.000,,,,,,,,False,
1058,فن بزرگ,,,,,سیم پیچی,,,58,12,2018-01-07 00:00:00.000,2017-12-18 00:00:00.000,,,,,,,,False,
1059,موتور دماجKWا 0/51-3/6 جرقیل,,,,,سیم پیچی,,,59,12,2018-01-07 00:00:00.000,2017-12-18 00:00:00.000,,,,,,,,False,
1060,دینام پمپ آب صابون,,,,,سیم پیچی,,,60,12,2017-12-28 00:00:00.000,2017-12-19 00:00:00.000,,,,,,,,False,
1061,دینام پمپ آب صابون,,,,,سیم پیچی,,,61,12,2018-01-07 00:00:00.000,2017-12-19 00:00:00.000,,,,,,,,False,
1062,دینام لیفتراک,,,,,عودت,,,62,12,2017-12-23 00:00:00.000,2017-12-19 00:00:00.000,,,,,,,,False,
1063,الکتروموتور CE 7/5KW,,,,,سیم پیچی,,,63,12,2018-01-15 00:00:00.000,2017-12-23 00:00:00.000,,,,,,,,False,
1064,فن دمنده,,,,,سیم پیچی,,,64,12,2018-01-07 00:00:00.000,2017-12-23 00:00:00.000,,,,,,,,False,
1065,موتور پمپ آب صابون,,,,,سیم پیچی,,,65,12,2017-12-28 00:00:00.000,2017-12-26 00:00:00.000,,,,,,,,False,
1066,موتور پمپ آب صابون,,,,,سیم پیچی,,,66,12,2017-12-28 00:00:00.000,2017-12-26 00:00:00.000,,,,,,,,False,
1067,موتور پمپ آب صابون,,,,,سیم پیچی,,,67,12,2017-12-28 00:00:00.000,2017-12-26 00:00:00.000,,,,,,,,False,
1068,موتور فن,,,,,اورهال ,,,68,14,2018-01-07 00:00:00.000,2017-12-26 00:00:00.000,,,,,,,,False,
1069,2/2KW ATLAS,,,,,اورهال ,,,69,14,2017-12-28 00:00:00.000,2017-12-26 00:00:00.000,,,,,,,,False,
1070,کویل 39 عدد,,,,,جوشکاری کویل,,,70,7,2018-01-25 00:00:00.000,2017-12-29 00:00:00.000,,,,,,,,False,
1071,پمپ کفکش,,,,,سیم پیچی,,,71,11,2018-01-04 00:00:00.000,2018-01-02 00:00:00.000,,,,,,,,False,
1072,الکتروموتور 40KW,,,,,سیم پیچی,,,72,17,2018-03-10 00:00:00.000,2018-01-02 00:00:00.000,,,,,,,,False,
1073,کویل 10عدد,,,,,سیم پیچی,,,73,18,2018-01-25 00:00:00.000,2018-01-13 00:00:00.000,,,,,,,,False,
1074,فن 180وات,,,,,سیم پیچی,,,74,14,2018-01-23 00:00:00.000,2018-01-18 00:00:00.000,,,,,,,,False,
1075,فن 250وات,,,,,سیم پیچی,,,75,12,2018-03-06 00:00:00.000,2018-01-30 00:00:00.000,,,,,,,,False,
1076,فن 250وات,,,,,سیم پیچی,,,76,12,2018-03-06 00:00:00.000,2018-01-30 00:00:00.000,,,,,,,,False,
1077,فن 250وات,,,,,سیم پیچی,,,77,12,2018-03-06 00:00:00.000,2018-01-30 00:00:00.000,,,,,,,,False,
1078,فن 200وات,,,,,سیم پیچی,,,78,12,2018-02-06 00:00:00.000,2018-01-30 00:00:00.000,,,,,,,,False,
1079,فن 200وات,,,,,سیم پیچی,,,79,12,2018-02-06 00:00:00.000,2018-01-30 00:00:00.000,,,,,,,,False,
1080,فن 180وات,,,,,سیم پیچی,,,80,12,2018-03-06 00:00:00.000,2018-01-30 00:00:00.000,,,,,,,,False,
1081,فن 100وات,,,,,سیم پیچی,,,81,12,2018-02-06 00:00:00.000,2018-01-30 00:00:00.000,,,,,,,,False,
1082,فن 100وات,,,,,سیم پیچی,,,82,12,2018-02-06 00:00:00.000,2018-01-30 00:00:00.000,,,,,,,,False,
1083,فن 100وات,,,,,سیم پیچی,,,83,12,2018-02-06 00:00:00.000,2018-01-30 00:00:00.000,,,,,,,,False,
1084,فن 100وات,,,,,سیم پیچی,,,84,12,2018-02-06 00:00:00.000,2018-01-30 00:00:00.000,,,,,,,,False,
1085,فن 100وات,,,,,سیم پیچی,,,85,12,2018-03-06 00:00:00.000,2018-01-30 00:00:00.000,,,,,,,,False,
1086,فن 100وات,,,,,سیم پیچی,,,86,12,2018-03-06 00:00:00.000,2018-01-30 00:00:00.000,,,,,,,,False,
1087,فن 100وات,,,,,سیم پیچی,,,87,12,2018-03-06 00:00:00.000,2018-01-30 00:00:00.000,,,,,,,,False,
1088,فن 100وات,,,,,سیم پیچی,,,88,12,2018-03-06 00:00:00.000,2018-01-30 00:00:00.000,,,,,,,,False,
1089,الکتروموتور سیم پیچ مجزا 0/3KW .1/3,26011604,,,,سیم پیچی,,,89,12,2018-03-06 00:00:00.000,2018-01-30 00:00:00.000,,,,106,28,,,False,0
1090,الکتروموتور فن گرماساز,,,,,سیم پیچی,,,90,12,2018-03-06 00:00:00.000,2018-01-30 00:00:00.000,,,,,,,,False,
1091,الکتروموتور پمپ آب,,,,,سیم پیچی,,,91,12,2018-02-06 00:00:00.000,2018-01-30 00:00:00.000,,,,,,,,False,
1092,موتور دماگ برگشتی,,,,,برگشتی,,,92,12,2018-02-06 00:00:00.000,2018-01-31 00:00:00.000,,,,,,,,False,
1093,موتور سیم پیچ مجزا,,,,,اورهال ,,,93,12,2018-02-06 00:00:00.000,2018-01-31 00:00:00.000,,,,,,,,False,
1094,ژنزاتور آلستوم با 11عدد کویل,,,,,عایق بندی کویل 1 عدد,,,94,7,2018-04-04 00:00:00.000,2018-01-31 00:00:00.000,,,,,,,,False,
1095,الکتروموتور با 3عددکویل,,,,,سیم پیچی موضعی,,,95,7,2018-02-24 00:00:00.000,2018-01-31 00:00:00.000,,,,,,,,False,
1096,الکتروموتور 6KV-315KW,,,,,سیم پیچی موضعی,,,96,19,2018-04-29 00:00:00.000,2018-02-15 00:00:00.000,,,,106,28,,,False,0
1097,استاتور آلستوم,,,,,سیم پیچی موضعی,,,97,7,2018-03-15 00:00:00.000,2018-02-24 00:00:00.000,,,,,,,,False,
1098,استاتور DC الکتروموتور 11KW,,,,,سیم پیچی,,,98,20,2018-03-10 00:00:00.000,2018-03-04 00:00:00.000,,,,106,28,,,False,0
1099,استاتور DC خالی,,,,,سیم پیچی,,,99,7,2018-08-03 00:00:00.000,2018-03-09 00:00:00.000,,,,,,,,False,
1100,کویل درجه1 11عدد 1عددضایعاتی کویل درجه2 8 عدد-جمعا 20عدد 19عدد اصلاح شود,,,,,جوشکاری کویل,,,100,7,2018-05-13 00:00:00.000,2018-03-09 00:00:00.000,,,,,,,,False,
1101,الکتروموتور DC,,,,,سیم پیچی,,,101,8,2018-05-13 00:00:00.000,2018-03-09 00:00:00.000,,,,,,,,False,
1102,الکتروموتور 37KW AC,,,,,سیم پیچی,,,102,17,2018-03-11 00:00:00.000,2018-03-10 00:00:00.000,,,,,,,,False,
1103,استاتور آلستوم,,,,,سیم پیچی موضعی,,,103,7,2018-05-13 00:00:00.000,2018-03-15 00:00:00.000,,,,,,,,False,
1104,کویل درجه 2 4عدد,,,,,جوشکاری کویل,,,104,7,2018-05-18 00:00:00.000,2018-04-13 00:00:00.000,,,,,,,,False,
1105,فن,,,,,سیم پیچی,,,105,21,2018-04-24 00:00:00.000,2018-04-13 00:00:00.000,,,,,,,,False,
1106,موتور DC,,,,,سیم پیچی,,,106,22,2018-05-05 00:00:00.000,2018-04-26 00:00:00.000,,,,,,,,False,
1107,الکتروموتور 101KW AC,,,,,سیم پیچی,,,107,4,2018-05-09 00:00:00.000,2018-05-01 00:00:00.000,,,,,,,,False,
1108,الکتروموتور 101KW AC,,,,,سیم پیچی,,,108,4,2018-05-09 00:00:00.000,2018-05-01 00:00:00.000,,,,,,,,False,
1109,الکتروموتور 101KW AC,,,,,سیم پیچی,,,109,4,2018-05-09 00:00:00.000,2018-05-01 00:00:00.000,,,,,,,,False,
1110,الکتروموتور 101KW AC,,,,,سیم پیچی,,,110,4,2018-05-09 00:00:00.000,2018-05-01 00:00:00.000,,,,,,,,False,
1111,آرمیچر DC کوچک,,,,,سیم پیچی,,,111,23,2018-05-09 00:00:00.000,2018-05-01 00:00:00.000,,,,,,,,False,
1112,استاتور 315KW-6KV,,,,,سیم پیچی موضعی,,,112,24,,2018-05-07 00:00:00.000,,,,,,,,False,
1113,فن 50*50,,,,,اورهال ,,,113,4,2018-05-11 00:00:00.000,2018-05-10 00:00:00.000,,,,,,,,False,
1114,فن 40*40,,,,,سیم پیچی,,,114,4,2018-05-16 00:00:00.000,2018-05-14 00:00:00.000,,,,,,,,False,
1115,ژنراتور آلستوم,,,,,عودت,,,115,7,2018-12-01 00:00:00.000,2018-05-30 00:00:00.000,,,,,,,,False,
1116,کویل استاتور آلستوم الکتروموتور,,,,,جوشکاری کویل,,,116,7,2018-07-07 00:00:00.000,2018-05-30 00:00:00.000,,,,,,,,False,
1117,آرمیچر 752GE,,,,,تعویض شفت,,,117,7,2018-06-10 00:00:00.000,2018-06-09 00:00:00.000,,,,,,,,False,
1118,آرمیچر DC,,,,,سیم پیچی,,,118,25,2018-06-21 00:00:00.000,2018-06-18 00:00:00.000,,,,,,,,False,
1119,ساخت 4 عدد کویل,,,,,ساخت کویل,,,119,26,2018-06-30 00:00:00.000,2018-06-22 00:00:00.000,,,,,,,,False,
1120, پمپ آب 1HP,,,,,سیم پیچی,,,120,3,2018-07-01 00:00:00.000,2018-06-30 00:00:00.000,,,,,,,,False,
1121,کویل آلستوم,,,,,جوشکاری کویل,,,121,7,2018-07-01 00:00:00.000,2018-06-30 00:00:00.000,,,,,,,,False,
1122,آرمیچر DC,,,,,اورهال ,,,122,25,2018-07-03 00:00:00.000,2018-07-03 00:00:00.000,,,,,,,,False,
1123,الکتروموتور AC 5/5KW,,,,,سیم پیچی,,,123,27,2018-07-15 00:00:00.000,2018-07-09 00:00:00.000,,,,,,,,False,
1124,الکتروموتور AC 4/5KW,,,,,سیم پیچی,,,124,27,2018-07-15 00:00:00.000,2018-07-09 00:00:00.000,,,,,,,,False,
1125,الکتروموتور 200KW,,,,,عودت,,,125,27,2018-07-15 00:00:00.000,2018-07-09 00:00:00.000,,,,,,,,False,
1126,کویل درجه  عدد+2عدد ضایعات(22عدد),,,,,جوشکاری کویل,,,126,7,2018-08-02 00:00:00.000,2018-07-16 00:00:00.000,,,,,,,,False,
1127,ژنراتور 200KVA,,,,,اورهال ,,,127,17,2018-07-21 00:00:00.000,2018-07-17 00:00:00.000,,,,,,,,False,
1128,کویل آلستوم,,,,,جوشکاری کویل,,,128,28,2018-07-19 00:00:00.000,2018-07-19 00:00:00.000,,,,,,,,False,
1129,ژنراتور 250KVA رفع عیب در محل,,,,,اورهال ,,,129,17,2018-07-29 00:00:00.000,2018-07-28 00:00:00.000,,,,,,,,False,
1130,ژنراتور سیم پیچی آرمیچر,,,,,سیم پیچی تحریک,,,130,17,2018-08-01 00:00:00.000,2018-07-28 00:00:00.000,,,,,,,,False,
1131,ژنراتور 20KW,211163,,,,سیم پیچی,,,131,29,2018-08-05 00:00:00.000,2018-07-29 00:00:00.000,,,,106,28,,,False,0
1132,رفع عیب در محل,,,,,ابازسازی موضعی,,,132,26,2018-07-30 00:00:00.000,2018-07-30 00:00:00.000,,,,,,,,False,
1133,الکتروموتور 200KW,,,,,اورهال ,,,133,19,2018-12-26 00:00:00.000,2018-08-05 00:00:00.000,,,,,,,,False,
1134,الکتروموتور 37KW,,,,,سیم پیچی,,,134,30,2018-08-08 00:00:00.000,2018-08-07 00:00:00.000,,,,,,,,False,
1135,الکتروموتور 165KW با رتور,,,,,اورهال ,,,135,24,2018-08-18 00:00:00.000,2018-08-07 00:00:00.000,,,,106,28,,,False,0
1136,الکتروموتور 200KW,,,,,اورهال ,,,136,32,2018-08-30 00:00:00.000,2018-08-15 00:00:00.000,,,,,,,,False,
1137,ژنراتور 20KW,211445,,,,سیم پیچی,,,137,29,2018-09-13 00:00:00.000,2018-08-20 00:00:00.000,,,,106,28,,,False,0
1138,ژنراتور 20KW,211555,,,,سیم پیچی,,,138,29,2018-09-05 00:00:00.000,2018-08-20 00:00:00.000,,,,106,28,,,False,0
1139,ژنراتور 20KW,211386,,,,سیم پیچی,,,139,29,2018-09-05 00:00:00.000,2018-08-20 00:00:00.000,,,,106,28,,,False,0
1167,ژنراتور 20KW,211570,,,,سیم پیچی,,,169,29,2018-11-29 00:00:00.000,2018-10-18 00:00:00.000,,,,2123,2028,,,False,0
1168,ژنراتور 20KW,211679,,,,سیم پیچی,,,170,29,2018-10-25 00:00:00.000,2018-10-18 00:00:00.000,,,,2123,2028,,,False,0
1169,ژنراتور 20KW,211900,,,,سیم پیچی,,,171,29,2018-10-25 00:00:00.000,2018-10-18 00:00:00.000,,,,2123,2028,,,False,0
1170,ژنراتور 18KW,212511,,,,سیم پیچی,,,172,29,2018-10-25 00:00:00.000,2018-10-18 00:00:00.000,,,,2123,2028,,,False,0
1171,ژنراتور 18KW,212044,,,,سیم پیچی,,,173,29,2018-11-02 00:00:00.000,2018-10-18 00:00:00.000,,,,2123,2028,,,False,0
1172,ژنراتور 20KW,211372,,,,سیم پیچی,,,174,29,2018-10-25 00:00:00.000,2018-10-18 00:00:00.000,,,,2123,2028,,,False,0
1173,ژنراتور 18KW,212195,,,,سیم پیچی,,,175,29,2018-10-25 00:00:00.000,2018-10-25 00:00:00.000,,,,2123,2028,,,False,0
1174,ژنراتور 18KW,212216,,,,سیم پیچی,,,176,29,2018-11-01 00:00:00.000,2018-10-25 00:00:00.000,,,,2123,2028,,,False,0
1175,ژنراتور 18KW,212048,,,,سیم پیچی,,,177,29,2018-11-15 00:00:00.000,2018-10-25 00:00:00.000,,,,2123,2028,,,False,0
1176,ژنراتور 18KW,212196,,,,سیم پیچی,,,178,29,2018-11-01 00:00:00.000,2018-10-25 00:00:00.000,,,,2123,2028,,,False,0
1177,ژنراتور 20KW,212272,,,,سیم پیچی,,,179,29,2018-11-15 00:00:00.000,2018-10-25 00:00:00.000,,,,2123,2028,,,False,0
1178,ژنراتور 20KW,211931,,,,سیم پیچی,,,180,29,2018-11-15 00:00:00.000,2018-10-25 00:00:00.000,,,,2123,2028,,,False,0
1179,ژنراتور 20KW,211944,,,,سیم پیچی,,,181,29,2018-11-15 00:00:00.000,2018-10-25 00:00:00.000,,,,2123,2028,,,False,0
1180,استاتور 315KW 6000V,,,,,اورهال,,,182,19,2019-01-07 00:00:00.000,2018-10-31 00:00:00.000,,,,,,,,False,
1181,استاتور 200KW,,,,,سیم پیچی,,,183,19,2019-01-07 00:00:00.000,2018-10-31 00:00:00.000,,,,,,,,False,
1182,ژنراتور 18KW,212080,,,,سیم پیچی,,,184,29,2019-01-07 00:00:00.000,2018-11-15 00:00:00.000,,,,2123,2028,,,False,0
1183,ژنراتور 18KW,212261,,,,سیم پیچی,,,185,29,2018-11-29 00:00:00.000,2018-11-15 00:00:00.000,,,,2123,2028,,,False,0
1184,ژنراتور 18KW,212507,,,,سیم پیچی,,,186,29,2018-11-29 00:00:00.000,2018-11-15 00:00:00.000,,,,2123,2028,,,False,0
1185,ژنراتور 20KW,212538,,,,سیم پیچی,,,187,29,2018-11-29 00:00:00.000,2018-11-15 00:00:00.000,,,,2123,2028,,,False,0
1186,ژنراتور 20KW,211391,,,,سیم پیچی,,,188,29,2018-11-29 00:00:00.000,2018-11-15 00:00:00.000,,,,2123,2028,,,False,0
1187,ژنراتور 20KW,212395,,,,سیم پیچی,,,189,29,2018-12-29 00:00:00.000,2018-11-15 00:00:00.000,,,,2123,2028,,,False,0
1189,کمپرسور اسکروز,,,,,سیم پیچی,,,190,29,2018-12-18 00:00:00.000,2018-12-10 00:00:00.000,,,,,,,,False,
1190,ژنراتور 20KW,211027,,,,سیم پیچی,,,191,29,2018-12-19 00:00:00.000,2018-12-10 00:00:00.000,,,,2123,2028,,,False,0
1191,ژنراتور 20KW,211327,,,,سیم پیچی,,,192,29,2019-01-20 00:00:00.000,2018-12-24 00:00:00.000,,,,2123,2028,,,False,0
1192,ژنراتور 20KW,211658,,,,سیم پیچی,,,193,29,2019-01-20 00:00:00.000,2018-12-24 00:00:00.000,,,,2123,2028,,,False,0
1193,ژنراتور 20KW,211463,,,,سیم پیچی,,,194,29,2019-01-20 00:00:00.000,2018-12-24 00:00:00.000,,,,2123,2028,,,False,0
1194,ژنراتور 18KW,212043,,,,سیم پیچی,,,195,29,2019-01-20 00:00:00.000,2018-12-24 00:00:00.000,,,,2123,2028,,,False,0
1195,ژنراتور 18KW,212301,,,,سیم پیچی,,,196,29,2019-01-20 00:00:00.000,2018-12-24 00:00:00.000,,,,2123,2028,,,False,0
1226,ژنراتور 18KW,212284,,,,سیم پیچی,,,227,29,2019-08-16 00:00:00.000,2019-02-12 00:00:00.000,,,,106,28,,,False,0
1227,ژنراتور 20KW,211634,,,,سیم پیچی,,,228,29,2019-08-16 00:00:00.000,2019-02-12 00:00:00.000,,,,106,28,,,False,0
1228,ژنراتور 20KW,211927,,,,سیم پیچی,,,229,29,2019-08-16 00:00:00.000,2019-02-12 00:00:00.000,,,,106,28,,,False,0
1229,ژنراتور 20KW,211925,,,,سیم پیچی,,,230,29,2019-08-16 00:00:00.000,2019-02-12 00:00:00.000,,,,106,28,,,False,0
1230,ژنراتور 18KW,212194,,,,سیم پیچی,,,231,29,2019-08-16 00:00:00.000,2019-02-14 00:00:00.000,,,,106,28,,,False,0
1231,ژنراتور 18KW,212113,,,,سیم پیچی,,,232,29,2019-08-16 00:00:00.000,2019-02-14 00:00:00.000,,,,106,28,,,False,0
1232,استاتور 165 متری 200KW,,,,,سیم پیچی موضعی,,,233,36,2019-03-18 00:00:00.000,2019-03-14 00:00:00.000,,,,,,,,False,
1233,استاتور 165 متری 200KW,,,,,اورهال,,,234,36,2019-03-15 00:00:00.000,2019-03-14 00:00:00.000,,,,,,,,False,
1234,استاتور 165 متری 200KW,,,,,اورهال,,,235,37,2019-04-18 00:00:00.000,2019-03-30 00:00:00.000,,,,,,,,False,
1235,ژنراتور 20KW,211550,,,,سیم پیچی,,,236,29,2019-08-16 00:00:00.000,2019-03-31 00:00:00.000,,,,106,28,,,False,0
1236,ژنراتور 20KW,211692,,,,سیم پیچی,,,237,29,2019-08-16 00:00:00.000,2019-03-31 00:00:00.000,,,,106,28,,,False,0
1237,ژنراتور 18KW,212220,,,,سیم پیچی,,,238,29,2019-08-16 00:00:00.000,2019-03-31 00:00:00.000,,,,106,28,,,False,0
1238,استاتور 100HP 380V,,,,,سیم پیچی,,,239,38,2019-06-02 00:00:00.000,2019-04-25 00:00:00.000,,,,,,,,False,
1239,آرمیچر DC,,,,,عودت,,,240,8,2019-05-23 00:00:00.000,2019-04-28 00:00:00.000,,,,,,,,False,
1240,ژنراتور 20KW,211583,,,,سیم پیچی,,,241,29,2019-08-16 00:00:00.000,2019-04-28 00:00:00.000,,,,106,28,,,False,0
1241,ژنراتور 20KW,211182,,,,سیم پیچی,,,242,29,2019-08-16 00:00:00.000,2019-04-28 00:00:00.000,,,,106,28,,,False,0
1242,ژنراتور 20KW,211471,,,,سیم پیچی,,,243,29,2019-08-16 00:00:00.000,2019-04-28 00:00:00.000,,,,106,28,,,False,0
1243,ژنراتور 20KW,211937,,,,سیم پیچی,,,244,29,2019-08-16 00:00:00.000,2019-04-28 00:00:00.000,,,,106,28,,,False,0
1244,ژنراتور 18KW,212516,,,,سیم پیچی,,,245,29,2019-08-16 00:00:00.000,2019-04-28 00:00:00.000,,,,106,28,,,False,0
1245,ژنراتور 18KW,212129,,,,سیم پیچی,,,246,29,2019-08-16 00:00:00.000,2019-04-28 00:00:00.000,,,,106,28,,,False,0
1246,ژنراتور 18KW,212281,,,,سیم پیچی,,,247,29,2019-08-16 00:00:00.000,2019-04-28 00:00:00.000,,,,106,28,,,False,0
1247,استاتور 250KW,,,,,سیم پیچی,,,248,39,2019-08-26 00:00:00.000,2019-05-07 00:00:00.000,,,,,,,,False,
1248,فن 28W 0/14A 220V,,,,,سیم پیچی,,,249,40,2019-06-20 00:00:00.000,2019-05-16 00:00:00.000,,,,,,,,False,
1249,فن 28W 0/14A 220V,,,,,سیم پیچی,,,250,40,2019-06-20 00:00:00.000,2019-05-16 00:00:00.000,,,,,,,,False,
1250,فن 28W 0/14A 220V,,,,,سیم پیچی,,,251,40,2019-06-20 00:00:00.000,2019-05-16 00:00:00.000,,,,,,,,False,
1251,فن 28W 0/14A 220V,,,,,سیم پیچی,,,252,40,2019-06-20 00:00:00.000,2019-05-16 00:00:00.000,,,,,,,,False,
1252,فن 60W 0/35A 220V,,,,,سیم پیچی,,,253,40,2019-06-20 00:00:00.000,2019-05-16 00:00:00.000,,,,,,,,False,
1253,فن 60W 0/35A 220V,,,,,سیم پیچی,,,254,40,2019-06-20 00:00:00.000,2019-05-16 00:00:00.000,,,,,,,,False,
1283,ژنراتور 20KW,211653,,,,سیم پیچی,,,284,29,2019-08-16 00:00:00.000,2019-07-02 00:00:00.000,,,,106,28,,,False,0
1284,ژنراتور 20KW,211958,,,,سیم پیچی,,,285,29,2019-08-16 00:00:00.000,2019-07-02 00:00:00.000,,,,106,28,,,False,0
1285,ژنراتور 20KW,211052,,,,سیم پیچی,,,286,29,2019-08-16 00:00:00.000,2019-07-02 00:00:00.000,,,,106,28,,,False,0
1286,ژنراتور 18KW,212047,,,,سیم پیچی,,,287,29,2019-08-16 00:00:00.000,2019-07-02 00:00:00.000,,,,106,28,,,False,0
1287,ژنراتور 18KW,212252,,,,سیم پیچی,,,288,29,2019-08-16 00:00:00.000,2019-07-02 00:00:00.000,,,,106,28,,,False,0
1288,ژنراتور 18KW,212211,,,,سیم پیچی,,,289,29,2019-08-16 00:00:00.000,2019-07-02 00:00:00.000,,,,106,28,,,False,0
1289,الکتروموتور 37KW,,,,,سیم پیچی,,,290,39,2019-07-09 00:00:00.000,2019-07-03 00:00:00.000,,,,,,,,False,
1290,آرمیچر پمپ سوخت,P13,,,,سیم پیچی,,,291,46,2019-09-05 00:00:00.000,2019-07-08 00:00:00.000,,,,106,28,,,False,0
1291,آرمیچر پمپ سوخت,P9,,,,سیم پیچی,,,292,46,2019-09-05 00:00:00.000,2019-07-08 00:00:00.000,,,,106,28,,,False,0
1292,آرمیچر فن اواپراتور,2,,,,سیم پیچی,,,293,46,2019-09-05 00:00:00.000,2019-07-08 00:00:00.000,,,,106,28,,,False,0
1293,آرمیچر فن کندانسور,1,,,,سیم پیچی,,,294,46,2019-09-05 00:00:00.000,2019-07-08 00:00:00.000,,,,106,28,,,False,0
1294,آرمیچر کمکی همراه ژنراتور,20104720,,,,سیم پیچی,,,295,46,2019-09-19 00:00:00.000,2019-07-08 00:00:00.000,,,,106,28,,,False,0
1295,بوبین آبی رنگ 1 عدد,,,,,عودت,,,296,47,2021-04-23 00:00:00.000,2019-07-08 00:00:00.000,,,,,,,,False,
1296,بوبین آب رنگ 3 عدد,,,,,عودت,,,297,47,2021-04-23 00:00:00.000,2019-07-08 00:00:00.000,,,,,,,,False,
1297,الکتروموتور 75KW,,,,,اورهال,,,298,42,2019-07-14 00:00:00.000,2019-07-11 00:00:00.000,,,,,,,,False,
1298,الکتروموتور 75KW,,,,,اورهال,,,299,42,2019-07-14 00:00:00.000,2019-07-11 00:00:00.000,,,,,,,,False,
1299,الکتروموتور 7/5KW,,,,,سیم پیچی,,,300,48,2019-07-14 00:00:00.000,2019-07-12 00:00:00.000,,,,,,,,False,
1300,الکتروموتور 6KW,,,,,اورهال,,,301,49,2019-08-24 00:00:00.000,2019-07-15 00:00:00.000,,,,,,,,False,
1301,الکتروموتور جرثقیل 4/5 تن,,,,,سیم پیچی,,,302,49,2019-08-24 00:00:00.000,2019-07-15 00:00:00.000,,,,,,,,False,
1302,الکتروموتور جرثقیل 4/5 تن,,,,,سیم پیچی,,,303,49,2019-08-24 00:00:00.000,2019-07-15 00:00:00.000,,,,,,,,False,
1303,الکتروموتور جرثقیل 8 تن,,,,,سیم پیچی,,,304,49,2019-12-26 00:00:00.000,2019-07-15 00:00:00.000,,,,,,,,False,
1304,الکتروموتور جرثقیل 8 تن,,,,,سیم پیچی,,,305,49,2019-12-26 00:00:00.000,2019-07-15 00:00:00.000,,,,,,,,False,
1305,الکتروموتور 45KW,,,,,سیم پیچی,,,306,50,2019-09-19 00:00:00.000,2019-07-18 00:00:00.000,,,,,,,,False,
1306,الکتروموتور 45KW,,,,,سیم پیچی,,,307,50,2019-09-19 00:00:00.000,2019-07-18 00:00:00.000,,,,,,,,False,
1307,استاتور آلستوم,0451,,,,سیم پیچی,,,308,46,2019-08-27 00:00:00.000,2019-07-19 00:00:00.000,,,,106,28,,,False,0
1308,ژنراتور 18KW,,,,,سیم پیچی,,,309,29,2019-08-16 00:00:00.000,2019-07-22 00:00:00.000,,,,,,,,False,
1309,ژنراتور 20KW,,,,,سیم پیچی,,,310,29,2019-08-16 00:00:00.000,2019-07-22 00:00:00.000,,,,,,,,False,
1340,استاتور,,,,,اورهال,,,341,44,2019-10-09 00:00:00.000,2019-10-06 00:00:00.000,,,,,,,,False,
1341,قطب اصلی,,,,,سیم پیچی,,,342,53,2022-02-19 00:00:00.000,2019-10-06 00:00:00.000,,,2019-11-16,,,,,False,
1342,استاتور فن آّب,,,,,سیم پیچی,,,343,53,2019-10-28 00:00:00.000,2019-10-18 00:00:00.000,,,,,,,,False,
1343,استاتور فن آّب,,,,,سیم پیچی,,,344,53,2019-10-28 00:00:00.000,2019-10-18 00:00:00.000,,,,,,,,False,
1344,استاتور فن آّب,,,,,سیم پیچی,,,345,53,2019-10-28 00:00:00.000,2019-10-18 00:00:00.000,,,,,,,,False,
1345,استاتور فن آّب,,,,,سیم پیچی,,,346,53,2019-10-28 00:00:00.000,2019-10-18 00:00:00.000,,,,,,,,False,
1346,استاتور فن آّب,,,,,سیم پیچی,,,347,53,2019-10-28 00:00:00.000,2019-10-18 00:00:00.000,,,,,,,,False,
1347,آرمیچر 4/5 تن,,,,,سیم پیچی,,,348,41,2019-10-31 00:00:00.000,2019-10-18 00:00:00.000,,,,,,,,False,
1348,آرمیچر 4/5 تن,,,,,سیم پیچی,,,349,41,2019-11-20 00:00:00.000,2019-10-18 00:00:00.000,,,,,,,,False,
1349,آرمیچر,,,,,سیم پیچی,,,350,54,2019-12-11 00:00:00.000,2019-10-22 00:00:00.000,,,,,,,,False,
1350,استاتور اصلی و تحریک AR10,,,,,سیم پیچی,,,351,53,2019-11-16 00:00:00.000,2019-10-23 00:00:00.000,,,,,,,,False,
1351,استاتور AC315KW,,,,,اورهال,,,352,39,2019-10-26 00:00:00.000,2019-10-25 00:00:00.000,,,,,,,,False,
1352,آرمیچر 4/5 تن,,,,,سیم پیچی,,,353,49,2019-11-26 00:00:00.000,2019-11-11 00:00:00.000,,,,,,,,False,
1353,آرمیچر 5/5 تن,,,,,سیم پیچی,,,354,55,2019-12-03 00:00:00.000,2019-11-11 00:00:00.000,,,,,,,,False,
1354,آرمیچر پمپ سوخت,,,,,سیم پیچی,,,355,46,2021-06-25 00:00:00.000,2019-11-11 00:00:00.000,,,,,,,,False,
1355,آرمیچر GE کمکی,,,,,سیم پیچی,,,356,46,,2019-11-11 00:00:00.000,,,,,,,,False,
1356,استاتور 315KW,,,,,سیم پیچی,,,357,22,2019-12-31 00:00:00.000,2019-11-19 00:00:00.000,,,,,,,,False,
1357,ترانس 200KVA,,,,,سیم پیچی,,,358,17,2020-05-06 00:00:00.000,2019-11-19 00:00:00.000,,,,,,,,False,
1358,الکتروموتور سه فاز بدون پلاک,,,,,اورهال,,,359,56,2019-12-11 00:00:00.000,2019-11-22 00:00:00.000,,,,,,,,False,
1359,استاتور فن آب,,,,,سیم پیچی,,,360,53,2019-12-24 00:00:00.000,2019-11-23 00:00:00.000,,,,,,,,False,
1360,استاتور فن آب,,,,,سیم پیچی,,,361,53,2019-12-24 00:00:00.000,2019-11-23 00:00:00.000,,,,,,,,False,
1361,استاتور فن آب,,,,,سیم پیچی,,,362,53,2019-12-24 00:00:00.000,2019-11-23 00:00:00.000,,,,,,,,False,
1362,استاتور فن آب,,,,,سیم پیچی,,,363,53,2019-12-24 00:00:00.000,2019-11-23 00:00:00.000,,,,,,,,False,
1363,استاتور 165 متری,,,,,سیم پیچی موضعی,,,364,33,2019-12-03 00:00:00.000,2019-11-29 00:00:00.000,,,,,,,,False,
1364,اسلیپ رینگ,,,,,اورهال,,,365,8,2019-12-23 00:00:00.000,2019-12-02 00:00:00.000,,,,,,,,False,
1365,اینداکتور کوره القایی,,,,,سیم پیچی,,,366,38,2020-01-02 00:00:00.000,2019-12-03 00:00:00.000,,,,,,,,False,
1366,رتور الکتروموتور 75KW,,,,,اصلاح شفت,,,367,38,2020-01-02 00:00:00.000,2019-12-03 00:00:00.000,,,,,,,,False,
1367,الکتروموتور 130KW,,,,,سیم پیچی,,,368,56,2020-01-10 00:00:00.000,2019-12-03 00:00:00.000,,,,,,,,False,
1368,ترانسفورماتور 25KVA,,,,,اورهال,,,369,57,2020-05-06 00:00:00.000,2019-12-07 00:00:00.000,,,,,,,,False,
1369,ترانسفورماتور 50KVA,,,,,اورهال,,,370,57,2020-05-06 00:00:00.000,2019-12-07 00:00:00.000,,,,,,,,False,
1370,ترانسفورماتور 50KVA,,,,,اورهال,,,371,57,2020-05-06 00:00:00.000,2019-12-07 00:00:00.000,,,,,,,,False,
1371,ترانسفورماتور 100KVA,,,,,اورهال,,,372,57,2020-09-30 00:00:00.000,2019-12-07 00:00:00.000,,,,,,,,False,
1372,ترانسفورماتور 160KVA,,,,,اورهال,,,373,57,2020-05-06 00:00:00.000,2019-12-07 00:00:00.000,,,,,,,,False,
1373,ترانسفورماتور 100KVA,,,,,اورهال,,,374,57,2020-09-30 00:00:00.000,2019-12-07 00:00:00.000,,,,,,,,False,
1374,ترانسفورماتور 200KVA,,,,,عودت,,,375,51,2023-12-26 00:00:00.000,2019-12-07 00:00:00.000,,,,,,,,False,
1375,ترانسفورماتور 315KVA,,,,,اورهال,,,376,57,2022-07-03 00:00:00.000,2019-12-07 00:00:00.000,,,,,,,,False,
1376,ژنراتور کمکی Dc,,,,,سیم پیچی,,,377,53,2020-01-20 00:00:00.000,2019-12-16 00:00:00.000,,,,,,,,False,
1377,رتور فن دینامیکی,,,,,سیم پیچی,,,378,53,2020-05-17 00:00:00.000,2019-12-16 00:00:00.000,,,,,,,,False,
1378,رتور فن دینامیکی,,,,,سیم پیچی,,,379,53,2020-02-16 00:00:00.000,2019-12-16 00:00:00.000,,,,,,,,False,
1379,رتور فن دینامیکی,,,,,سیم پیچی,,,380,53,2020-02-16 00:00:00.000,2019-12-16 00:00:00.000,,,,,,,,False,
1380,رتور فن دینامیکی,,,,,سیم پیچی,,,381,53,2020-02-16 00:00:00.000,2019-12-16 00:00:00.000,,,,,,,,False,
1381,استاتور فن آب رادیاتور ,,,,,سیم پیچی,,,382,53,2019-12-24 00:00:00.000,2019-12-16 00:00:00.000,,,,,,,,False,
1382,استاتور DC فن دینامیک,,,,,سیم پیچی,,,383,53,2020-02-16 00:00:00.000,2019-12-16 00:00:00.000,,,,,,,,False,
1383,استاتور اصلی AR10,,,,,اورهال,,,384,53,2020-01-20 00:00:00.000,2019-12-16 00:00:00.000,,,,,,,,False,
1384,استاتور اصلی AR10,,,,,اورهال,,,385,53,2020-01-02 00:00:00.000,2019-12-16 00:00:00.000,,,,,,,,False,
1385,استاتور آلستوم ,,,,,سیم پیچی,,,386,58,2020-06-24 00:00:00.000,2019-12-03 00:00:00.000,,,,,,,,False,
1386,الکتروموتور جرثقیل 5/5 تن,,,,,سیم پیچی,,,387,54,2020-01-07 00:00:00.000,2019-12-18 00:00:00.000,,,,,,,,False,
1387,الکتروموتور جرثقیل5/5Kw,,,,,اورهال,,,388,59,2019-12-21 00:00:00.000,2019-12-18 00:00:00.000,,,,,,,,False,
1388,الکتروموتور DC,,,,,سیم پیچی,,,389,60,2020-01-20 00:00:00.000,2019-12-18 00:00:00.000,,,,,,,,False,
1389,الکتروموتور DC,,,,,اورهال,,,390,61,2020-01-20 00:00:00.000,2019-12-18 00:00:00.000,,,,,,,,False,
1390,الکتروموتور استارت DC,,,,,سیم پیچی,,,391,8,2020-01-11 00:00:00.000,2019-12-15 00:00:00.000,,,,,,,,False,
1391,ترانس 100KVA,,,,,سیم پیچی,,,392,51,2020-09-30 00:00:00.000,2019-12-30 00:00:00.000,,,,,,,,False,
1392,ترانس 160KVA,,,,,عودت,,,393,51,2023-12-26 00:00:00.000,2019-12-30 00:00:00.000,,,,,,,,False,
1393,ترانس 160KVA,,,,,اورهال,,,394,51,2021-02-03 00:00:00.000,2019-12-30 00:00:00.000,,,,,,,,False,
1394,ترانس 250KVA,,,,,سیم پیچی,,,395,62,2020-09-01 00:00:00.000,2020-01-01 00:00:00.000,,,,,,,,False,
1395,ترانس 100KVA,,,,,سیم پیچی,,,396,62,2020-05-30 00:00:00.000,2020-01-01 00:00:00.000,,,,,,,,False,
1396,ترانس 25KVA,,,,,سیم پیچی,,,397,62,2020-05-30 00:00:00.000,2020-01-01 00:00:00.000,,,,,,,,False,
1397,ترانسفورماتور 160KVA,,,,,سیم پیچی,,,398,62,2020-12-08 00:00:00.000,2020-01-01 00:00:00.000,,,,,,,,False,
1398,ترانسفورماتور 200KVA,,,,,سیم پیچی,,,399,62,2020-05-30 00:00:00.000,2020-01-01 00:00:00.000,,,,,,,,False,
1399,استاتور ژنراتور همراه ِD14,,,,,اورهال,,,400,53,2020-01-08 00:00:00.000,2020-01-05 00:00:00.000,,,,,,,,False,
1400,رتور ژنراتور ,,,,,اورهال,,,401,53,2020-02-16 00:00:00.000,2020-01-05 00:00:00.000,,,,,,,,False,
1401,رتور ژنراتور ,,,,,اورهال,,,402,53,2020-02-16 00:00:00.000,2020-01-05 00:00:00.000,,,,,,,,False,
1402,استاتور فن آب,,,,,سیم پیچی,,,403,53,2020-01-20 00:00:00.000,2020-01-05 00:00:00.000,,,,,,,,False,
1403,استاتور فن آب,,,,,سیم پیچی,,,404,53,2020-02-16 00:00:00.000,2020-01-05 00:00:00.000,,,,,,,,False,
1404,استاتور فن آب,,,,,سیم پیچی,,,405,53,2020-01-20 00:00:00.000,2019-12-24 00:00:00.000,,,,,,,,False,
1405,استاتور فن آب,,,,,سیم پیچی,,,406,53,2020-01-20 00:00:00.000,2019-12-24 00:00:00.000,,,,,,,,False,
1406,استاتور فن آب,,,,,سیم پیچی,,,407,53,2020-01-20 00:00:00.000,2019-12-24 00:00:00.000,,,,,,,,False,
1407,استاتور ژنراتور کمکی DC,,,,,سیم پیچی,,,408,53,2020-02-16 00:00:00.000,2019-12-24 00:00:00.000,,,,,,,,False,
1408,رتور 18KW کمکی DC,,,,,سیم پیچی,,,409,53,2021-01-17 00:00:00.000,2019-12-24 00:00:00.000,,,,,,,,False,
1409,استاتور فن آّب,,,,,سیم پیچی,,,410,53,2020-02-16 00:00:00.000,2020-01-21 00:00:00.000,,,,,,,,False,
1410,استاتور AR10,,,,,اورهال,,,411,53,2020-02-16 00:00:00.000,2020-01-21 00:00:00.000,,,,,,,,False,
1411,استاتور 200KW,,,,,اورهال,,,412,26,2020-03-12 00:00:00.000,2020-01-27 00:00:00.000,,,,,,,,False,
1412,الکتروموتور 75KW,,,,,سیم پیچی,,,413,42,2020-02-12 00:00:00.000,2020-02-02 00:00:00.000,,,,,,,,False,
1413,الکتروموتور AC-DC,,,,,سیم پیچی,,,414,8,2020-04-14 00:00:00.000,2020-02-08 00:00:00.000,,,,,,,,False,
1414,الکتروموتور AC-DC,,,,,سیم پیچی,,,415,8,2020-04-14 00:00:00.000,2020-02-08 00:00:00.000,,,,,,,,False,
1415,الکتروموتور 75KW AC,,,,,عودت,,,416,19,2020-02-09 00:00:00.000,2020-02-09 00:00:00.000,,,,,,,,False,
1416,الکتروموتور 75KW AC,,,,,سیم پیچی,,,417,19,2020-04-22 00:00:00.000,2020-02-19 00:00:00.000,,,,,,,,False,
1417,استاتور فن آب,,,,,سیم پیچی,,,418,53,2020-05-17 00:00:00.000,2020-02-23 00:00:00.000,,,,,,,,False,
1418,استاتور فن آب,,,,,سیم پیچی,,,419,53,2020-03-17 00:00:00.000,2020-02-23 00:00:00.000,,,,,,,,False,
1419,استاتور فن آب,,,,,سیم پیچی,,,420,53,2020-06-01 00:00:00.000,2020-02-23 00:00:00.000,,,,,,,,False,
1420,استاتور فن آب,,,,,سیم پیچی,,,421,53,2020-03-17 00:00:00.000,2020-02-23 00:00:00.000,,,,,,,,False,
1421,استاتور فن آب,,,,,سیم پیچی,,,422,53,2020-03-17 00:00:00.000,2020-02-23 00:00:00.000,,,,,,,,False,
1422,استاتور فن آب,,,,,سیم پیچی,,,423,53,2020-05-02 00:00:00.000,2020-02-23 00:00:00.000,,,,,,,,False,
1423,استاتور فن آب,,,,,سیم پیچی,,,424,53,2020-05-02 00:00:00.000,2020-02-23 00:00:00.000,,,,,,,,False,
1424,استاتور فن آب,,,,,سیم پیچی,,,425,53,2020-05-02 00:00:00.000,2020-02-23 00:00:00.000,,,,,,,,False,
1425,استاتور فن آب,,,,,سیم پیچی,,,426,53,2020-05-02 00:00:00.000,2020-02-23 00:00:00.000,,,,,,,,False,
1426,قطب رتور ژنراتور اصلی,,,,,سیم پیچی,,,427,53,2020-05-02 00:00:00.000,2020-02-23 00:00:00.000,,,,,,,,False,
1427,رتور فن دینامیکی,,,,,عودت,,,428,53,2022-02-19 00:00:00.000,2020-02-23 00:00:00.000,,,,,,,,False,
1428,رتور فن دینامیکی,,,,,سیم پیچی,,,429,53,2020-05-17 00:00:00.000,2020-02-23 00:00:00.000,,,,,,,,False,
1326,آرمیچر 18KW,,,,,سیم پیچی,,,430,53,2020-03-17 00:00:00.000,2020-02-23 00:00:00.000,,,,,,,,False,
1429,رتور ژنراتور Ac,,,,,سیم پیچی,,,431,53,2020-05-02 00:00:00.000,2020-02-23 00:00:00.000,,,,,,,,False,
1430,استاتور 315KW,,,,,سیم پیچی,,,432,63,2020-06-15 00:00:00.000,2020-02-23 00:00:00.000,,,,,,,,False,
1431,استاتور 315KW,,,,,سیم پیچی,,,433,63,2020-05-15 00:00:00.000,2020-02-23 00:00:00.000,,,,,,,,False,
1432,الکتروموتور 160KW DC,,,,,سیم پیچی,,,434,64,,2020-02-25 00:00:00.000,,,,,,,,False,
1433,الکترموتور 55KW,,,,,سیم پیچی,,,435,42,2020-04-23 00:00:00.000,2020-04-06 00:00:00.000,,,,,,,,False,
1434,الکترموتور 11KW,,,,,سیم پیچی,,,436,42,2020-04-23 00:00:00.000,2020-04-06 00:00:00.000,,,,,,,,False,
1435,الکتروموتور 6KV,,,,,اورهال,,,437,8,2020-04-22 00:00:00.000,2020-04-07 00:00:00.000,,,,,,,,False,
1436,الکترموتور 35KW دالاندر,,,,,سیم پیچی,,,438,8,2020-04-22 00:00:00.000,2020-04-09 00:00:00.000,,,,,,,,False,
1437,الکترموتور 30KW ,,,,,سیم پیچی,,,439,39,2020-04-16 00:00:00.000,2020-04-12 00:00:00.000,,,,,,,,False,
1438,استاتور فن آب,,,,,سیم پیچی,,,440,53,2020-05-02 00:00:00.000,2020-04-18 00:00:00.000,,,,,,,,False,
1439,استاتور فن آب,,,,,سیم پیچی,,,441,53,2020-05-02 00:00:00.000,2020-04-18 00:00:00.000,,,,,,,,False,
1440,استاتور فن آب,,,,,سیم پیچی,,,442,53,2020-05-02 00:00:00.000,2020-04-18 00:00:00.000,,,,,,,,False,
1441,استاتور فن آب,,,,,سیم پیچی,,,443,53,2020-05-02 00:00:00.000,2020-04-18 00:00:00.000,,,,,,,,False,
1442,آرمیچر D77,,,,,اورهال,,,444,53,2020-05-17 00:00:00.000,2020-05-04 00:00:00.000,,,,,,,,False,
1443,آرمیچر D77,,,,,اورهال,,,445,53,2020-05-17 00:00:00.000,2020-05-04 00:00:00.000,,,,,,,,False,
1444,آرمیچر D77,,,,,اورهال,,,446,53,2020-05-17 00:00:00.000,2020-05-04 00:00:00.000,,,,,,,,False,
1445,آرمیچر D77,,,,,اورهال,,,447,53,2020-05-17 00:00:00.000,2020-05-04 00:00:00.000,,,,,,,,False,
1446,آرمیچر دینامیک,,,,,سیم پیچی,,,448,53,2022-02-19 00:00:00.000,2020-05-04 00:00:00.000,,,2021-01-17,,,,,False,
1447,آرمیچر دینامیک,,,,,سیم پیچی,,,449,53,2020-05-17 00:00:00.000,2020-05-04 00:00:00.000,,,,,,,,False,
1448,100KW AC,,,,,سیم پیچی,,,450,65,2020-05-12 00:00:00.000,2020-05-06 00:00:00.000,,,,,,,,False,
1449,استاتور 200KWر-165متری,,,,,اورهال,,,451,66,2020-06-16 00:00:00.000,2020-05-08 00:00:00.000,,,,,,,,False,
1450,استاتور 40 متری,,,,,عودت,,,452,66,2020-06-16 00:00:00.000,2020-05-08 00:00:00.000,,,,,,,,False,
1451,قطب اصلی ترکشن,,,,,عودت,,,453,53,2021-12-23 00:00:00.000,2020-05-17 00:00:00.000,,,,,,,,False,
1452,قطب کمکی ترکشن,,,,,عودت,,,454,53,2021-12-23 00:00:00.000,2020-05-17 00:00:00.000,,,,,,,,False,
1453,قطب اصلی رتور ژنراتور اصلی,,,,,عودت,,,455,53,2020-07-03 00:00:00.000,2020-05-17 00:00:00.000,,,,,,,,False,
1454,رتور ژنراتور کمکی 18KW,,,,,سیم پیچی,,,456,53,2020-06-01 00:00:00.000,2020-05-17 00:00:00.000,,,,,,,,False,
1455,استاتور فن آب,,,,,سیم پیچی,,,457,53,2020-06-01 00:00:00.000,2020-05-17 00:00:00.000,,,,,,,,False,
1456,استاتور فن آب,,,,,سیم پیچی,,,458,53,2020-06-01 00:00:00.000,2020-05-17 00:00:00.000,,,,,,,,False,
1457,استاتور فن آب,,,,,سیم پیچی,,,459,53,2020-06-01 00:00:00.000,2020-05-17 00:00:00.000,,,,,,,,False,
1458,استاتور فن آب,,,,,سیم پیچی,,,460,53,2020-06-01 00:00:00.000,2020-05-17 00:00:00.000,,,,,,,,False,
1459,استاتور فن آب,,,,,سیم پیچی,,,461,53,2020-06-01 00:00:00.000,2020-05-17 00:00:00.000,,,,,,,,False,
1460,استاتور ژنراتور اصلی AR10,,,,,اورهال,,,462,53,2020-06-09 00:00:00.000,2020-05-26 00:00:00.000,,,,,,,,False,
1461,استاتور ژنراتور اصلی AR10,,,,,عودت,,,463,53,2022-02-19 00:00:00.000,2020-05-26 00:00:00.000,,,,,,,,False,
1462,آرمیچر تراکشن D77,,,,,اورهال,,,464,53,2020-06-09 00:00:00.000,2020-06-09 00:00:00.000,,,,,,,,False,
1463,آرمیچر تراکشن D77,,,,,اورهال,,,465,53,2020-06-01 00:00:00.000,2020-05-26 00:00:00.000,,,,,,,,False,
1464,آرمیچر تراکشن D77,,,,,اورهال,,,466,53,2020-06-09 00:00:00.000,2020-06-09 00:00:00.000,,,,,,,,False,
1465,آرمیچر تراکشن D77,,,,,اورهال,,,467,53,2020-06-09 00:00:00.000,2020-06-09 00:00:00.000,,,,,,,,False,
1466,آرمیچر تراکشن D77,,,,,اورهال,,,468,53,2020-06-09 00:00:00.000,2020-06-09 00:00:00.000,,,,,,,,False,
1467,آرمیچر تراکشن D77,,,,,اورهال,,,469,53,2020-06-01 00:00:00.000,2020-05-26 00:00:00.000,,,,,,,,False,
1468,استاتور فن آب,,,,,سیم پیچی,,,470,53,2020-06-22 00:00:00.000,2020-06-22 00:00:00.000,,,,,,,,False,
1469,استاتور فن آب,,,,,سیم پیچی,,,471,53,2020-06-01 00:00:00.000,2020-05-26 00:00:00.000,,,,,,,,False,
1470,استاتور فن آب,,,,,سیم پیچی,,,472,53,2020-07-27 00:00:00.000,2020-05-26 00:00:00.000,,,,,,,,False,
1471,ترانس 200KVA,,,,,اورهال,,,473,62,2020-09-01 00:00:00.000,2020-05-30 00:00:00.000,,,,,,,,False,
1472,ترانس 200KVA,,,,,اورهال,,,474,62,2020-09-01 00:00:00.000,2020-05-30 00:00:00.000,,,,,,,,False,
1473,ترانس 100KVA,,,,,اورهال,,,475,62,2020-09-01 00:00:00.000,2020-05-30 00:00:00.000,,,,,,,,False,
1474,ترانس 100KVA,,,,,اورهال,,,476,62,2020-09-01 00:00:00.000,2020-05-30 00:00:00.000,,,,,,,,False,
1475,ترانس 25KVA,,,,,سیم پیچی,,,477,62,2022-07-03 00:00:00.000,2020-05-30 00:00:00.000,,,,,,,,False,
1476,موتور DEMAG 1CW0/5 ف2800 دور,,,,,سیم پیچی,,,478,42,2020-06-12 00:00:00.000,2020-06-07 00:00:00.000,,,,,,,,False,
1477,موتور DEMAG 1CW25 ف2800 دور,,,,,سیم پیچی,,,479,42,2020-06-12 00:00:00.000,2020-06-07 00:00:00.000,,,,,,,,False,
1478,استاتور همراه D14,,,,,سیم پیچی,,,480,53,2020-12-13 00:00:00.000,2020-06-10 00:00:00.000,,,,,,,,False,
1479,آرمیچر D77,,,,,اورهال,,,481,53,2020-06-22 00:00:00.000,2020-06-10 00:00:00.000,,,,,,,,False,
1480,آرمیچر D77,,,,,اورهال,,,482,53,2020-06-22 00:00:00.000,2020-06-10 00:00:00.000,,,,,,,,False,
1481,آرمیچر D77,,,,,اورهال,,,483,53,2020-06-22 00:00:00.000,2020-06-10 00:00:00.000,,,,,,,,False,
1482,آرمیچر D77,,,,,اورهال,,,484,53,2021-12-21 00:00:00.000,2020-06-10 00:00:00.000,,,,,,,,False,
1483,موتور جرثقیل دماگ,,,,,اورهال,,,485,42,2020-06-11 00:00:00.000,2020-06-02 00:00:00.000,,,,,,,,False,
1484,آرمیچر,,,,,سیم پیچی,,,486,53,2020-08-24 00:00:00.000,2020-06-10 00:00:00.000,,,,,,,,False,
1485,ترانس 200KVA,,,,,سیم پیچی,,,487,51,2020-09-30 00:00:00.000,2020-06-14 00:00:00.000,,,,,,,,False,
1486,ترانس 200KVA,,,,,سیم پیچی,,,488,51,2020-09-30 00:00:00.000,2020-06-14 00:00:00.000,,,,,,,,False,
1487,ترانس 200KVA,,,,,سیم پیچی,,,489,51,2020-09-30 00:00:00.000,2020-06-14 00:00:00.000,,,,,,,,False,
1488,استاتور فن آب,,,,,سیم پیچی,,,490,53,2020-07-27 00:00:00.000,2020-06-23 00:00:00.000,,,,,,,,False,
1489,استاتور فن آب,,,,,سیم پیچی,,,491,53,2020-07-27 00:00:00.000,2020-06-23 00:00:00.000,,,,,,,,False,
1490,آرمیچر D77,,,,,اورهال,,,492,53,2020-07-03 00:00:00.000,2020-06-23 00:00:00.000,,,,,,,,False,
1491,آرمیچر D77,,,,,اورهال,,,493,53,2020-07-27 00:00:00.000,2020-06-23 00:00:00.000,,,,,,,,False,
1492,آرمیچر D77,,,,,اورهال,,,494,53,2020-07-03 00:00:00.000,2020-06-23 00:00:00.000,,,,,,,,False,
1493,استاتور همراه D14,,,,,سیم پیچی,,,495,53,2021-01-17 00:00:00.000,2020-06-23 00:00:00.000,,,,,,,,False,
1494,قطب رتور ژنراتور اصلی,,,,,سیم پیچی,,,496,53,2020-09-30 00:00:00.000,2020-07-20 00:00:00.000,,,,,,,,False,
1495,قطب رتور ژنراتور اصلی,,,,,سیم پیچی,,,497,53,2020-09-30 00:00:00.000,2020-07-20 00:00:00.000,,,,,,,,False,
1496,قطب رتور ژنراتور اصلی,,,,,سیم پیچی,,,498,53,2020-12-13 00:00:00.000,2020-07-20 00:00:00.000,,,,,,,,False,
1497,قطب رتور ژنراتور اصلی,,,,,عودت,,,499,53,2022-02-19 00:00:00.000,2020-07-20 00:00:00.000,,,,,,,,False,
1453,قطب رتور ژنراتور اصلی,,,,,سیم پیچی,,,500,53,2020-07-03 00:00:00.000,2020-07-20 00:00:00.000,,,,,,,,False,
1498,استاتور ژنراتور اصلی,,,,,اورهال,,,501,53,2020-08-24 00:00:00.000,2020-07-20 00:00:00.000,,,,,,,,False,
1499,استاتور فن آب,,,,,سیم پیچی,,,502,53,2020-08-24 00:00:00.000,2020-07-20 00:00:00.000,,,,,,,,False,
1500,استاتور فن آّب,,,,,سیم پیچی,,,503,53,2020-08-24 00:00:00.000,2020-07-20 00:00:00.000,,,,,,,,False,
1501,الکتروموتور HP30,,,,,اورهال,,,504,67,2020-08-08 00:00:00.000,2020-08-04 00:00:00.000,,,,,,,,False,
1502,استاتور آلستوم,0564,,,,سیم پیچی,,,505,58,2020-10-01 00:00:00.000,2020-08-26 00:00:00.000,,,,106,28,,,False,0
1503,الکتروموتور 75KW,,,,,سیم پیچی,,,506,38,2020-09-14 00:00:00.000,2020-08-31 00:00:00.000,,,,,,,,False,
1504,استاتور فن آّب رادیاتور,,,,,سیم پیچی,,,507,53,2020-09-30 00:00:00.000,2020-09-02 00:00:00.000,,,,,,,,False,
1505,استاتور فن آّب رادیاتور,,,,,سیم پیچی,,,508,53,2020-09-30 00:00:00.000,2020-09-02 00:00:00.000,,,,,,,,False,
1506,استاتور فن آّب رادیاتور,,,,,سیم پیچی,,,509,53,2020-09-30 00:00:00.000,2020-09-02 00:00:00.000,,,,,,,,False,
1507,استاتور فن آّب رادیاتور,,,,,سیم پیچی,,,510,53,2020-12-13 00:00:00.000,2020-09-02 00:00:00.000,,,,,,,,False,
1508,استاتور فن آّب رادیاتور,,,,,سیم پیچی,,,511,53,2020-09-30 00:00:00.000,2020-09-02 00:00:00.000,,,,,,,,False,
1509,استاتور فن آّب رادیاتور,,,,,سیم پیچی,,,512,53,2020-12-13 00:00:00.000,2020-09-02 00:00:00.000,,,,,,,,False,
1510,استاتور فن آّب رادیاتور,,,,,سیم پیچی,,,513,53,2020-09-30 00:00:00.000,2020-09-02 00:00:00.000,,,,,,,,False,
1511,استاتور فن آّب رادیاتور,,,,,سیم پیچی,,,514,53,2020-09-30 00:00:00.000,2020-09-02 00:00:00.000,,,,,,,,False,
1512,استاتور فن آّب رادیاتور,,,,,سیم پیچی,,,515,53,2020-09-30 00:00:00.000,2020-09-02 00:00:00.000,,,,,,,,False,
1513,استاتور فن آّب رادیاتور,,,,,سیم پیچی,,,516,53,2020-12-13 00:00:00.000,2020-09-02 00:00:00.000,,,,,,,,False,
1514,استاتور فن اتاق تمیز,,,,,سیم پیچی,,,517,53,2021-01-17 00:00:00.000,2020-09-02 00:00:00.000,,,,,,,,False,
1515,استاتور D14,,,,,سیم پیچی,,,518,53,2020-09-30 00:00:00.000,2020-09-02 00:00:00.000,,,,,,,,False,
1516,استاتور ژنراتور کمکی,,,,,سیم پیچی,,,519,53,2020-12-13 00:00:00.000,2020-09-02 00:00:00.000,,,,,,,,False,
1517,آرمیچر ژنراتور کمکی DC,,,,,سیم پیچی,,,520,53,2020-09-30 00:00:00.000,2020-09-02 00:00:00.000,,,,,,,,False,
1518,آرمیچر ژنراتور کمکی AC,,,,,سیم پیچی,,,521,53,2020-12-13 00:00:00.000,2020-09-02 00:00:00.000,,,,,,,,False,
1519,الکتروموتور 630KW-6KV,,,,,اورهال,,,522,68,2020-10-15 00:00:00.000,2020-09-10 00:00:00.000,,,,,,,,False,
1520,الکتروموتور 400KW-6KV,,,,,اورهال,,,523,68,2020-10-15 00:00:00.000,2020-09-10 00:00:00.000,,,,,,,,False,
1521,الکتروموتور 630KW-6KV,,,,,اورهال,,,524,68,2020-10-15 00:00:00.000,2020-09-10 00:00:00.000,,,,,,,,False,
1522,الکتروموتور 380-660V,,,,,سیم پیچی,,,525,68,2020-12-26 00:00:00.000,2020-09-10 00:00:00.000,,,,,,,,False,
1523,الکتروموتور 380-660V,,,,,سیم پیچی,,,526,68,2020-12-26 00:00:00.000,2020-09-10 00:00:00.000,,,,,,,,False,
1524,استاتور آلستوم,,,,,سیم پیچی,,,527,58,2020-12-05 00:00:00.000,2020-09-30 00:00:00.000,,,,,,,,False,
1525,ترانس 25KVA,,,,,عودت,,,528,51,2023-12-26 00:00:00.000,2020-09-30 00:00:00.000,,,,,,,,False,
1526,ترانس 25KVA,,,,,سیم پیچی,,,529,51,2020-11-24 00:00:00.000,2020-09-30 00:00:00.000,,,,,,,,False,
1527,ترانس 25KVA,,,488-489,رسمی,سیم پیچی,,,530,51,2024-05-11 00:00:00.000,2020-09-30 00:00:00.000,,,,,,,,False,5
1528,ترانس 200KVA,,,,,عودت,,,531,51,2023-12-26 00:00:00.000,2020-09-30 00:00:00.000,,,,,,,,False,
1529,ترانس 200KVA,,,,,سیم پیچی,,,532,51,2020-11-24 00:00:00.000,2020-09-30 00:00:00.000,,,,,,,,False,
1530,ترانس 160KVA,,,,,سیم پیچی,,,533,51,2023-12-26 00:00:00.000,2020-09-30 00:00:00.000,,,,,,,,False,
1531,ترانس 50KVA,,,,,سیم پیچی,,,534,51,2020-11-24 00:00:00.000,2020-09-30 00:00:00.000,,,,,,,,False,
1532,ترانس 50KVA,,,,,سیم پیچی,,,535,51,2020-11-24 00:00:00.000,2020-09-30 00:00:00.000,,,,,,,,False,
1533,الکتروموتور DC100KW,,,,,سیم پیچی,,,536,13,2020-11-17 00:00:00.000,2020-10-28 00:00:00.000,,,,,,,,False,
1385,استاتور آلستوم,,,,,سیم پیچی,,,537,58,2020-12-05 00:00:00.000,2020-10-29 00:00:00.000,,,,,,,,False,
1473,ترانس100KVA,,,,,اورهال,,,538,62,2020-12-08 00:00:00.000,2020-11-07 00:00:00.000,,,,,,,,False,
1534,استاتور فن آب,,,,,سیم پیچی,,,539,53,2020-12-13 00:00:00.000,2020-11-08 00:00:00.000,,,,,,,,False,
1535,استاتور فن آب,,,,,سیم پیچی,,,540,53,2020-12-13 00:00:00.000,2020-11-08 00:00:00.000,,,,,,,,False,
1536,استاتور ژنراتور کمکی,,,,,سیم پیچی,,,541,53,2021-01-17 00:00:00.000,2020-11-08 00:00:00.000,,,,,,,,False,
1537,استاتور ژنراتور کمکی,,,,,سیم پیچی,,,542,53,2021-01-17 00:00:00.000,2020-11-08 00:00:00.000,,,,,,,,False,
1538,استاتور ژنراتور کمکی,,,,,سیم پیچی,,,543,53,2021-01-17 00:00:00.000,2020-11-08 00:00:00.000,,,,,,,,False,
1539,رتور فن دینامیکی,,,,,سیم پیچی,,,544,53,2021-01-17 00:00:00.000,2020-11-08 00:00:00.000,,,,,,,,False,
1540,آرمیچر18KW-DC,,,,,سیم پیچی,,,545,53,2020-12-13 00:00:00.000,2020-11-08 00:00:00.000,,,,,,,,False,
1541,آرمیچر18KW-DC,,,,,عودت,,,546,53,2022-02-19 00:00:00.000,2020-11-08 00:00:00.000,,,,,,,,False,
1542,استاتور22KW,,,,,سیم پیچی,,,547,54,2020-12-08 00:00:00.000,2020-11-07 00:00:00.000,,,,,,,,False,
1485,ترانس200KVA,,,,,اورهال,,,548,51,2020-11-24 00:00:00.000,2020-11-09 00:00:00.000,,,,,,,,False,
1486,ترانس200KVA,,,,,اورهال,,,549,51,2020-11-24 00:00:00.000,2020-11-09 00:00:00.000,,,,,,,,False,
1487,ترانس200KVA,,,,,اورهال,,,550,51,2020-11-24 00:00:00.000,2020-11-09 00:00:00.000,,,,,,,,False,
1543,آرمیچر 4/5 تن,,,,,سیم پیچی,,,551,41,2020-06-07 00:00:00.000,2020-11-15 00:00:00.000,,,,,,,,False,
1544,الکتروموتور 20KW,,,,,اورهال,,,552,69,2020-11-29 00:00:00.000,2020-11-19 00:00:00.000,,,,,,,,False,
1545,تراکشن,,,351,رسمی,اورهال,,,553,70,2023-05-29 00:00:00.000,2020-11-21 00:00:00.000,,,,,,,,False,5
1546,ژنراتور اصلی,,,142,رسمی,اورهال,,,554,70,2021-03-17 00:00:00.000,2020-11-21 00:00:00.000,,,,,,,,False,5
1547,ژنراتور کمکی,,,351,رسمی,اورهال,,,555,70,2023-05-29 00:00:00.000,2020-11-21 00:00:00.000,,,,,,,,False,5
1548,دستگاه جوش,,,,,اورهال,,,556,71,2020-12-07 00:00:00.000,2020-12-05 00:00:00.000,,,,,,,,False,
1549,دستگاه جوش,,,,,اورهال,,,557,71,2020-12-07 00:00:00.000,2020-12-05 00:00:00.000,,,,,,,,False,
1550,دستگاه جوش,,,,,اورهال,,,558,71,2020-12-19 00:00:00.000,2020-12-05 00:00:00.000,,,,,,,,False,
1552,الکتروموتور 200KW,,,,,اورهال,,,559,72,2020-12-14 00:00:00.000,2020-12-13 00:00:00.000,,,,,,,,False,
1553,الکتروموتور 22KW,,,,,سیم پیچی,,,560,73,2020-12-19 00:00:00.000,2020-12-14 00:00:00.000,,,,,,,,False,
1554,الکتروموتور 45KW,,,,,سیم پیچی,,,561,50,2021-02-03 00:00:00.000,2020-12-14 00:00:00.000,,,,,,,,False,
1555,الکتروموتور 90KW,,,,,اورهال,,,562,39,2020-12-17 00:00:00.000,2020-12-16 00:00:00.000,,,,,,,,False,
1556,استاتور آلستوم,,,,,سیم پیچی,,,563,58,2021-02-14 00:00:00.000,2020-12-17 00:00:00.000,,,,,,,,False,
1557,الکتروموتور 380V-10KW,,,,,سیم پیچی,,,564,73,2021-01-04 00:00:00.000,2020-12-20 00:00:00.000,,,,,,,,False,
1558,موتور گیربکس 1/5KW,,,,,سیم پیچی,,,565,73,2021-01-04 00:00:00.000,2020-12-29 00:00:00.000,,,,,,,,False,
1559,موتور گیربکس 0/75KW,,,,,سیم پیچی,,,566,73,2021-01-02 00:00:00.000,2020-12-29 00:00:00.000,,,,,,,,False,
1560,فن 1HP,,,,,سیم پیچی,,,567,74,2021-01-03 00:00:00.000,2020-12-29 00:00:00.000,,,,,,,,False,
1561,اره چوب بری ,,,,,سیم پیچی,,,568,74,2021-01-03 00:00:00.000,2020-12-29 00:00:00.000,,,,,,,,False,
1562,آرمیچر 4/5 تن +شفت,,,,,سیم پیچی,,,569,41,2021-01-09 00:00:00.000,2020-09-18 00:00:00.000,,,,,,,,False,
1563,آرمیچر 4/5 تن,,,,,سیم پیچی,,,570,41,2020-10-31 00:00:00.000,2020-09-18 00:00:00.000,,,,,,,,False,
1564,ترانس 200KVA,,,,,اورهال,,,571,75,2021-01-31 00:00:00.000,2020-12-28 00:00:00.000,,,,,,,,False,
1565,ترانس 100KVA,,,,,سیم پیچی,,,572,75,2021-03-08 00:00:00.000,2020-12-28 00:00:00.000,,,,,,,,False,
1566,ترانس 50KVA,,,,,سیم پیچی,,,573,75,2022-07-03 00:00:00.000,2020-12-28 00:00:00.000,,,,,,,,False,
1567,ترانس 100KVA,,,,,اورهال,,,574,75,2021-03-08 00:00:00.000,2020-12-28 00:00:00.000,,,,,,,,False,
1568,ترانس 200KVA,,,,,اورهال,,,575,75,2021-03-08 00:00:00.000,2020-12-28 00:00:00.000,,,,,,,,False,
1569,ترانس 200KVA,8510962,,,,اورهال,,,576,75,2021-03-08 00:00:00.000,2020-12-28 00:00:00.000,,,,106,28,,,False,0
1570,ترانس 315KVA,702663,,,,اورهال,,,577,75,2021-01-31 00:00:00.000,2020-12-28 00:00:00.000,,,,106,28,,,False,0
1571,ترانس100KVA,779318,,,,عودت,,,578,75,2023-12-26 00:00:00.000,2020-12-28 00:00:00.000,,,,106,28,,,False,0
1572,ترانس 50KVA,746115,,,,اورهال,,,579,75,2022-07-03 00:00:00.000,2020-12-28 00:00:00.000,,,,106,28,,,False,0
1573,ترانس 100KVA,8201186,,246,رسمی,اورهال,,,580,75,2022-05-04 00:00:00.000,2020-12-28 00:00:00.000,,,,106,28,,,False,5
1574,ترانس 500KVA,645323,,,,اورهال,,,581,75,2021-01-31 00:00:00.000,2020-12-28 00:00:00.000,,,,106,28,,,False,0
1575,الکتروموتور 30KW ,,,,,سیم پیچی,,,582,76,2021-01-18 00:00:00.000,2021-01-05 00:00:00.000,,,,,,,,False,
1576,الکتروموتور 2KW DC,,,,,سیم پیچی,,,583,77,2021-01-20 00:00:00.000,2021-01-06 00:00:00.000,,,,,,,,False,
1577,الکتروموتور DC,,,,,سیم پیچی,,,584,25,2021-04-06 00:00:00.000,2020-12-30 00:00:00.000,,,,,,,,False,
1578,الکتروموتور DC,,,,,اورهال,,,585,25,2021-04-06 00:00:00.000,2020-12-30 00:00:00.000,,,,,,,,False,
1579,الکتروموتور 5/5KW,,,,,سیم پیچی,,,586,71,2021-01-16 00:00:00.000,2021-01-12 00:00:00.000,,,,,,,,False,
1580,موتور گیربکس,,,,,سیم پیچی,,,587,71,2021-01-16 00:00:00.000,2021-01-12 00:00:00.000,,,,,,,,False,
1581,الکتروموتور 4KW2900RPM,,,,,سیم پیچی,,,588,78,2021-01-21 00:00:00.000,2021-01-14 00:00:00.000,,,,,,,,False,
1582,جرثقیل سقفی,,,,,اورهال,,,589,77,2021-01-28 00:00:00.000,2021-01-19 00:00:00.000,,,,,,,,False,
1583,جرثقیل سقفی,,,,,اورهال,,,590,77,2021-01-28 00:00:00.000,2021-01-19 00:00:00.000,,,,,,,,False,
1584,استاتور فن آب,1150K04,,,,سیم پیچی,,,591,53,2021-03-06 00:00:00.000,2021-01-19 00:00:00.000,,,,106,28,,,False,0
1585,استاتور فن آب,G74,,,,سیم پیچی,,,592,53,2021-03-06 00:00:00.000,2021-01-19 00:00:00.000,,,,106,28,,,False,0
1586,استاتور فن آب,AR0090KW,,,,سیم پیچی,,,593,53,2021-04-27 00:00:00.000,2021-01-19 00:00:00.000,,,,106,28,,,False,0
1587,استاتور فن آب,AR0103KW,,,,سیم پیچی,,,594,53,2021-04-27 00:00:00.000,2021-01-19 00:00:00.000,,,,106,28,,,False,0
1617,ترانس 100KVA,151818,,,,سیم پیچی,,,624,80,2022-07-03 00:00:00.000,2021-02-03 00:00:00.000,,,,106,28,,,False,0
1618,ترانس 200KVA,264199,,254,رسمی,سیم پیچی,,,625,80,2022-07-03 00:00:00.000,2021-02-03 00:00:00.000,,,,106,28,,,False,5
1619,ترانس 25KVA,1226764,,434-435,رسمی,اورهال,,,626,80,2023-12-26 00:00:00.000,2021-02-03 00:00:00.000,,,,106,28,,,False,5
1620,ترانس 100KVA,225074,,,,سیم پیچی,,,627,80,2022-07-03 00:00:00.000,2021-02-03 00:00:00.000,,,,106,28,,,False,0
1621,ترانس 200KVA,165363,,,,سیم پیچی,,,628,80,2022-07-03 00:00:00.000,2021-02-03 00:00:00.000,,,,106,28,,,False,0
1622,الکتروموتور 75KW,,,,,سیم پیچی,,,629,81,2021-05-12 00:00:00.000,2021-02-03 00:00:00.000,,,,,,,,False,
1623,الکتروموتور37KW,,,,,سیم پیچی,,,630,39,2021-03-15 00:00:00.000,2021-02-04 00:00:00.000,,,,,,,,False,
1624,الکتروموتور 37KW,,,,,سیم پیچی,,,631,76,2022-08-01 00:00:00.000,2021-02-14 00:00:00.000,,,,,,,,False,
1625,استاتور آلستوم,0713,,,,سیم پیچی,,,632,58,2021-05-09 00:00:00.000,2021-02-15 00:00:00.000,,,,106,28,,,False,0
1626,ترانس25KVA,,,,,اورهال,,,633,82,2021-02-16 00:00:00.000,2021-02-15 00:00:00.000,,,,,,,,False,
1627,جرثقیل سقفی 12/5KW,,,,,جوشکاری رتور,,,634,22,2021-02-16 00:00:00.000,2021-02-15 00:00:00.000,,,,,,,,False,
1628,روتور سقفی,,,,,جوشکاری رتور,,,635,22,2021-03-18 00:00:00.000,2021-02-15 00:00:00.000,,,,,,,,False,
1629,استاتور فن آب,,,,,سیم پیچی,,,636,53,2021-04-27 00:00:00.000,2021-03-06 00:00:00.000,,,,,,,,False,
1630,استاتور فن آب,,,,,سیم پیچی,,,637,53,2021-04-27 00:00:00.000,2021-03-06 00:00:00.000,,,,,,,,False,
1631,استاتور فن آب,,,,,سیم پیچی,,,638,53,2021-04-27 00:00:00.000,2021-03-06 00:00:00.000,,,,,,,,False,
1632,استاتور فن آب,,,,,سیم پیچی,,,639,53,2021-04-27 00:00:00.000,2021-03-06 00:00:00.000,,,,,,,,False,
1633,استاتور فن آب,,,,,سیم پیچی,,,640,53,2021-04-27 00:00:00.000,2021-03-06 00:00:00.000,,,,,,,,False,
1634,استاتور فن دینامیک ,,,,,سیم پیچی,,,641,53,2021-04-27 00:00:00.000,2021-03-06 00:00:00.000,,,,,,,,False,
1635,استاتور فن دینامیک ,,,,,سیم پیچی,,,642,53,2021-04-27 00:00:00.000,2021-03-06 00:00:00.000,,,,,,,,False,
1636,استاتور فن دینامیک ,,,,,سیم پیچی,,,643,53,2021-04-27 00:00:00.000,2021-03-06 00:00:00.000,,,,,,,,False,
1637,استاتور فن دینامیک ,,,,,سیم پیچی,,,644,53,2021-04-27 00:00:00.000,2021-03-06 00:00:00.000,,,,,,,,False,
1638,استاتور ژنراتور کمکی 18KW-DC ,,,,,سیم پیچی,,,645,53,2021-04-27 00:00:00.000,2021-03-06 00:00:00.000,,,,,,,,False,
1639,استاتور ژنراتور کمکی 18KW-DC ,,,,,سیم پیچی,,,646,53,2021-12-20 00:00:00.000,2021-03-06 00:00:00.000,,,,,,,,False,
1640,آرمیچر 18KW-DC ,,,,,سیم پیچی,,,647,53,2022-01-23 00:00:00.000,2021-03-06 00:00:00.000,,,,,,,,False,
1641,قطب رتور ژنراتور اصلی,,,,,عودت,,,648,53,2022-02-19 00:00:00.000,2021-03-06 00:00:00.000,,,,,,,,False,
1642,استاتور آلستوم,0458,,,,سیم پیچی,,,649,58,2021-04-16 00:00:00.000,2021-03-08 00:00:00.000,,,,106,28,,,False,0
1643,رتور آلستوم,0382,,298,رسمی,ساخت شفت,,,650,58,2021-07-23 00:00:00.000,2021-03-08 00:00:00.000,,,,106,28,,,False,5
1674,الکتروموتور استارت ,,,,,سیم پیچی,,,681,8,2021-05-26 00:00:00.000,2021-05-03 00:00:00.000,,,,,,,,False,
1675,الکتروموتور استارت ,,,,,سیم پیچی,,,682,8,2021-05-26 00:00:00.000,2021-05-03 00:00:00.000,,,,,,,,False,
1676,استاتور کمپرسور165متری,,,,,اورهال,,,683,37,2021-05-04 00:00:00.000,2021-05-04 00:00:00.000,,,,,,,,False,
1677,الکترو موتور7/5kw,,,,,اورهال,,,684,73,2021-06-03 00:00:00.000,2021-05-10 00:00:00.000,,,,,,,,False,
1678,الکترو موتور گریبکس 0/75kw,,,,,سیم پیچی,,,685,73,2021-06-03 00:00:00.000,2021-05-10 00:00:00.000,,,,,,,,False,
1679,الکترو موتور گریبکس 0/75kw,,,,,سیم پیچی,,,686,73,2021-06-03 00:00:00.000,2021-05-10 00:00:00.000,,,,,,,,False,
1680,الکتروموتور250kw,,,,,اورهال,,,687,39,2021-06-08 00:00:00.000,2021-05-10 00:00:00.000,,,,,,,,False,
1681,استاتور آلستوم,0697,,,,سیم پیچی,,,688,58,2021-06-25 00:00:00.000,2021-05-12 00:00:00.000,,,,106,28,,,False,0
1682,ترانس گان هوایی,,,,,سیم پیچی,,,689,22,2021-05-27 00:00:00.000,2021-05-16 00:00:00.000,,,,,,,,False,
1683,عجم تراشکار,,,,,سیم پیچی,,,690,85,2021-06-07 00:00:00.000,2021-05-20 00:00:00.000,,,,,,,,False,
1684,آرمیچر DC,,,,,سیم پیچی,,,691,86,2021-06-01 00:00:00.000,2021-05-20 00:00:00.000,,,,,,,,False,
1685,استاتورفن آب,,,,,عودت,,,692,53,2022-02-19 00:00:00.000,2021-05-22 00:00:00.000,,,,,,,,False,
1686,استاتورفن آب,,,,,سیم پیچی,,,693,53,2021-07-18 00:00:00.000,2021-05-22 00:00:00.000,,,,,,,,False,
1687,استاتورفن آب,,,,,عودت,,,694,53,2022-02-19 00:00:00.000,2021-05-22 00:00:00.000,,,,,,,,False,
1688,استاتورفن آب,,,,,عودت,,,695,53,2022-02-19 00:00:00.000,2021-05-22 00:00:00.000,,,,,,,,False,
1689,استاتورفن آب,,,,,سیم پیچی,,,696,53,2021-07-18 00:00:00.000,2021-05-22 00:00:00.000,,,,,,,,False,
1690,استاتورفن آب,,,,,عودت,,,697,53,2022-02-19 00:00:00.000,2021-05-22 00:00:00.000,,,,,,,,False,
1691,استاتورفن آب,,,,,سیم پیچی,,,698,53,2021-07-18 00:00:00.000,2021-05-22 00:00:00.000,,,,,,,,False,
1692,الکتروموتور,,,,,سیم پیچی,,,699,47,2021-06-15 00:00:00.000,2021-05-24 00:00:00.000,,,,,,,,False,
1693,الکتروموتور,,,,,سیم پیچی,,,700,47,2021-06-15 00:00:00.000,2021-05-24 00:00:00.000,,,,,,,,False,
1694,آرمیچر5/5تن,,,,,سیم پیچی,,,701,47,2021-10-13 00:00:00.000,2021-05-24 00:00:00.000,,,,,,,,False,
1695,آرمیچر5/5تن,,,,,سیم پیچی,,,702,47,,2021-05-24 00:00:00.000,,,,,,,,False,
1696,آرمیچر5/5تن,,,,,سیم پیچی,,,703,47,,2021-05-24 00:00:00.000,,,,,,,,False,
1697,آرمیچر8تن,,,,,سیم پیچی,,,704,47,2021-10-26 00:00:00.000,2021-05-24 00:00:00.000,,,,,,,,False,
1698,موتور پمپ آب,,,,,سیم پیچی,,,705,87,2021-09-10 00:00:00.000,2021-05-26 00:00:00.000,,,,,,,,False,
1699,ترانس گان هوایی,,,,,سیم پیچی,,,706,22,2021-06-19 00:00:00.000,2021-05-27 00:00:00.000,,,,,,,,False,
1700,الکتروموتور4kw,,,,,سیم پیچی,,,707,73,2021-08-10 00:00:00.000,2021-06-03 00:00:00.000,,,,,,,,False,
1701,ژنراتور,,,400,رسمی,سیم پیچی,,,708,51,2023-10-14 00:00:00.000,2021-06-08 00:00:00.000,,,,,,,,False,5
1702,ترانس جوش سیم لاکی,,,,,سیم پیچی,,,709,73,2021-06-22 00:00:00.000,2021-06-16 00:00:00.000,,,,,,,,False,
1703,الکتروموتور گیربکس 1.5kw,,,,,سیم پیچی,,,710,73,2021-07-11 00:00:00.000,2021-06-16 00:00:00.000,,,,,,,,False,
1704,مگنت24v ,,,,,سیم پیچی,,,711,73,2021-06-22 00:00:00.000,2021-06-16 00:00:00.000,,,,,,,,False,
1705,تسمه مسی,,,,,ساخت,,,712,22,2021-08-23 00:00:00.000,2021-06-17 00:00:00.000,,,,,,,,False,
1706,الکتروموتور300KW,,,,,اورهال,,,713,88,2021-07-13 00:00:00.000,2021-06-21 00:00:00.000,,,,,,,,False,
1707,الکتروموتور160KW,,,,,اورهال,,,714,42,2021-06-29 00:00:00.000,2021-06-21 00:00:00.000,,,,,,,,False,
1708,الکتروموتور5/5kw,,,,,سیم پیچی,,,715,89,2021-07-05 00:00:00.000,2021-06-21 00:00:00.000,,,,,,,,False,
1709,الکتروموتور5/5kw,,,,,سیم پیچی,,,716,89,2021-07-05 00:00:00.000,2021-06-21 00:00:00.000,,,,,,,,False,
1710,الکتروموتور5/5kw,,,,,سیم پیچی,,,717,89,2021-07-05 00:00:00.000,2021-06-21 00:00:00.000,,,,,,,,False,
1711,الکتروموتور2/2,,,,,سیم پیچی,,,718,89,2021-07-05 00:00:00.000,2021-06-21 00:00:00.000,,,,,,,,False,
1712,استاتور165متری,,,,,اورهال,,,719,90,2021-06-29 00:00:00.000,2021-06-22 00:00:00.000,,,,,,,,False,
1713,مگنت گرم,,,,,سیم پیچی,,,720,91,2021-10-16 00:00:00.000,2021-06-23 00:00:00.000,,,,,,,,False,
1714,مگنت سرد,,,,,سیم پیچی,,,721,91,2021-10-16 00:00:00.000,2021-06-23 00:00:00.000,,,,,,,,False,
1715,4MW,,,,,سیم پیچی,,,722,92,2021-09-17 00:00:00.000,2021-06-25 00:00:00.000,,,2021-07-25,,,,,False,
1716,استاتور آلستوم,,,,,سیم پیچی,,,723,58,2021-07-23 00:00:00.000,2021-06-25 00:00:00.000,,,,,,,,False,
1717,الکتروموتور315KW,,,,,سیم پیچی,,,724,22,2021-06-30 00:00:00.000,2021-06-26 00:00:00.000,,,,,,,,False,
1718,الکتروموتور90KW,,,,,سیم پیچی,,,725,22,2021-07-14 00:00:00.000,2021-06-26 00:00:00.000,,,,,,,,False,
1719,الکتروموتورDC,,,,,عودت,,,726,65,2021-06-28 00:00:00.000,2021-06-28 00:00:00.000,,,,,,,,False,
1720,استاتور300KW,,,,,اورهال,,,727,19,2021-07-05 00:00:00.000,2021-06-28 00:00:00.000,,,,,,,,False,
1721,ترانس1600kva,,,,,اورهال,,,728,63,2021-11-14 00:00:00.000,2021-07-04 00:00:00.000,,,,,,,,False,
1722,استاتور300KW,,,,,سیم پیچی,,,729,63,2022-01-02 00:00:00.000,2021-07-04 00:00:00.000,,,,,,,,False,
1723,استاتور300KW,,,,,اورهال,,,730,19,2021-08-02 00:00:00.000,2021-07-05 00:00:00.000,,,,,,,,False,
1724,مگنت جرثقیل,,,,,سیم پیچی,,,731,89,2021-07-19 00:00:00.000,2021-07-05 00:00:00.000,,,,,,,,False,
1725,مگنت جرثقیل,,,,,سیم پیچی,,,732,89,2021-07-19 00:00:00.000,2021-07-05 00:00:00.000,,,,,,,,False,
1726,استاتور 55KW,,,,,سیم پیچی,,,733,93,2021-07-14 00:00:00.000,2021-07-06 00:00:00.000,,,,,,,,False,
1727,الکتروموتور4kw,,,,,سیم پیچی,,,734,89,2021-07-06 00:00:00.000,2021-07-06 00:00:00.000,,,,,,,,False,
1728,بوبین مگنت,,,,,سیم پیچی,,,735,89,2021-07-06 00:00:00.000,2021-07-06 00:00:00.000,,,,,,,,False,
1729,بوبین مگنت,,,,,سیم پیچی,,,736,89,2021-07-12 00:00:00.000,2021-07-06 00:00:00.000,,,,,,,,False,
1730,موتور گیربکس0/37,,,,,سیم پیچی,,,737,73,2021-08-26 00:00:00.000,2021-07-10 00:00:00.000,,,,,,,,False,
1731,موتور1/1kw,,,,,سیم پیچی,,,738,89,2021-07-19 00:00:00.000,2021-07-12 00:00:00.000,,,,,,,,False,
1732,رتورالکتروموتور,,,,,جوشکاری رتور,,,739,38,2021-07-20 00:00:00.000,2021-07-17 00:00:00.000,,,,,,,,False,
1733,الکتروموتور90KW,,,180,رسمی,سیم پیچی,,,740,54,2021-08-22 00:00:00.000,2021-07-18 00:00:00.000,,,,,,,,False,5
1735,./37KWگیربکس,,,,,سیم پیچی,,,741,94,2021-07-27 00:00:00.000,2021-07-20 00:00:00.000,,,,,,,,False,
1734,استاتور آلستوم,0432,,,,سیم پیچی,,,742,58,2021-08-23 00:00:00.000,2021-07-23 00:00:00.000,,,,106,28,,,False,0
1736,ژنراتور 100KVA,,,,,سیم پیچی,,,743,95,2021-08-04 00:00:00.000,2021-07-26 00:00:00.000,,,,,,,,False,
1737,موتور گیربکس,,,,,سیم پیچی,,,744,73,2021-08-15 00:00:00.000,2021-08-02 00:00:00.000,,,,,,,,False,
1738,الکتروموتورDC,,,179,رسمی,سیم پیچی,,,745,96,2021-08-17 00:00:00.000,2021-08-05 00:00:00.000,,,,,,,,False,5
1739,موتور4KW,,,,,سیم پیچی,,,746,73,2021-08-26 00:00:00.000,2021-08-06 00:00:00.000,,,,,,,,False,
1740,الکتروموتور90kw ,,,,,اورهال,,,747,38,2021-08-11 00:00:00.000,2021-08-02 00:00:00.000,,,,,,,,False,
1741,الکتروموتور4kw,,,,,عودت,,,748,73,2021-08-12 00:00:00.000,2021-08-12 00:00:00.000,,,,,,,,False,
1742,استاتور200kw,,,00214,غیر رسمی,اورهال,,,749,97,2022-05-21 00:00:00.000,2021-08-20 00:00:00.000,,,,,,,,False,8
1743,استاتور200kw,,,,,اورهال,,,750,97,2021-09-16 00:00:00.000,2021-08-21 00:00:00.000,,,,,,,,False,
1744,استاتور آلستوم,,,,,سیم پیچی,,,751,58,2021-10-02 00:00:00.000,2021-08-23 00:00:00.000,,,,,,,,False,
1745,دوعدد مگنت,,,,,سیم پیچی,,,752,73,2021-08-31 00:00:00.000,2021-08-24 00:00:00.000,,,,,,,,False,
1746,الکتروموتور4kw,,,,,سیم پیچی,,,753,89,2021-08-31 00:00:00.000,2021-08-30 00:00:00.000,,,,,,,,False,
1747,الکتروموتور1/5kw,,,,,سیم پیچی,,,754,98,2021-09-05 00:00:00.000,2021-08-31 00:00:00.000,,,,,,,,False,
1748,موتور کولر,,,,,سیم پیچی,,,755,98,2021-09-16 00:00:00.000,2021-08-31 00:00:00.000,,,,,,,,False,
1749,استاتور اکسیژن,,,,,سیم پیچی,,,756,99,2021-10-27 00:00:00.000,2021-08-31 00:00:00.000,,,,,,,,False,
1750,استاتور اکسیژن,,,,,اورهال,,,757,99,2021-10-27 00:00:00.000,2021-08-31 00:00:00.000,,,,,,,,False,
1751,مگنت 2عدد,,,,,سیم پیچی,,,758,100,2021-09-21 00:00:00.000,2021-09-04 00:00:00.000,,,,,,,,False,
1752,موتور سه فاز 0/37 1400دور,,,,,سیم پیچی,,,759,73,2021-09-22 00:00:00.000,2021-09-01 00:00:00.000,,,,,,,,False,
1753,الکتروموتورDC-KW350,,,,,سیم پیچی,,,760,96,2021-10-10 00:00:00.000,2021-09-19 00:00:00.000,,,,,,,,False,
1754,آرمیچر4/5تن معدن,,,,,ساخت,,,761,101,2021-10-13 00:00:00.000,2021-10-12 00:00:00.000,,,,,,,,False,
1755,روتور,,,,,جوشکاری رتور,,,762,22,2021-11-17 00:00:00.000,2021-09-27 00:00:00.000,,,,,,,,False,
1756,موتور350kw-dc,,,,,سیم پیچی,,,763,96,2021-10-10 00:00:00.000,2021-09-30 00:00:00.000,,,,,,,,False,
1757,الکتروموتور22kw,,,,,اورهال,,,764,102,2021-10-18 00:00:00.000,2021-10-05 00:00:00.000,,,,,,,,False,
1758,الکتروموتور22kw,,,,,سیم پیچی,,,765,102,2021-10-18 00:00:00.000,2021-10-05 00:00:00.000,,,,,,,,False,
1759,قطب رتور اکسیژن,,,,,سیم پیچی,,,766,103,2021-10-20 00:00:00.000,2021-10-07 00:00:00.000,,,,,,,,False,
1760,استاتور اکسیژن,,,,,اورهال,,,767,99,2021-10-23 00:00:00.000,2021-10-11 00:00:00.000,,,,,,,,False,
1761,الکترو موتور 11KW,,,,,سیم پیچی,,,768,73,2021-10-20 00:00:00.000,2021-10-17 00:00:00.000,,,,,,,,False,
1762,ترانس گان هوایی,,,,,سیم پیچی,,,769,22,2021-11-17 00:00:00.000,2021-10-23 00:00:00.000,,,,,,,,False,
1763,الکتروموتورفرز,,,,,اورهال,,,770,104,2021-11-01 00:00:00.000,2021-10-25 00:00:00.000,,,,,,,,False,
1764,مگنت,,,,,سیم پیچی,,,771,96,2021-11-01 00:00:00.000,2021-10-27 00:00:00.000,,,,,,,,False,
1765,الکتروموتور,,,,,اورهال,,,772,39,2021-11-01 00:00:00.000,2021-10-27 00:00:00.000,,,,,,,,False,
1766,استاتور آلستوم,,,,,سیم پیچی,,,773,58,2021-12-07 00:00:00.000,2021-11-03 00:00:00.000,,,,,,,,False,
1767,الکترو موتور 5/5 kw,,,,,سیم پیچی,,,774,38,2021-11-16 00:00:00.000,2021-11-10 00:00:00.000,,,,,,,,False,
1768,الکترو موتور 37 kw,,,,,سیم پیچی,,,775,38,2021-11-23 00:00:00.000,2021-11-10 00:00:00.000,,,,,,,,False,
1769,الکترو موتور ,,,,,سیم پیچی,,,776,39,2021-12-18 00:00:00.000,2021-11-14 00:00:00.000,,,,,,,,False,
1770,الکترو موتور 90kw,,,,,سیم پیچی,,,777,39,2022-01-17 00:00:00.000,2021-11-16 00:00:00.000,,,,,,,,False,
1771,الکترو موتور 110 kw,,,,,سیم پیچی,,,778,8,2022-01-15 00:00:00.000,2021-11-22 00:00:00.000,,,,,,,,False,
1772,الکترو موتور 110 kw,,,,,سیم پیچی,,,779,8,2022-01-15 00:00:00.000,2021-11-22 00:00:00.000,,,,,,,,False,
1773,الکترو موتور AC DC,,,,,سیم پیچی,,,780,8,2021-12-22 00:00:00.000,2021-11-22 00:00:00.000,,,,,,,,False,
1774,الکترو موتور 90kw,,,,,اورهال,,,781,38,2021-12-23 00:00:00.000,2021-11-28 00:00:00.000,,,,,,,,False,
1775,الکتروموتور,,,,,سیم پیچی,,,782,73,2021-12-04 00:00:00.000,2021-11-29 00:00:00.000,,,,,,,,False,
1776,فن دستگاه جوش,,,,,اورهال,,,783,98,2021-12-11 00:00:00.000,2021-11-30 00:00:00.000,,,,,,,,False,
1777,استاتور آلستوم,0570,,,,سیم پیچی,,,784,58,2022-02-11 00:00:00.000,2021-12-07 00:00:00.000,,,,106,28,,,False,0
1778,استاتور 400KW,,,232,رسمی,اورهال,,,785,105,2022-02-22 00:00:00.000,2021-12-03 00:00:00.000,,,,,,,,False,5
1779,استاتور 400KW,,,,,اورهال,,,786,105,2022-02-22 00:00:00.000,2021-12-03 00:00:00.000,,,,,,,,False,
1780,الکترو موتور 15KW,,,,,سیم پیچی,,,787,106,2021-12-23 00:00:00.000,2021-12-14 00:00:00.000,,,,,,,,False,
1781,الکترو موتور 15KW,,,,,سیم پیچی,,,788,106,2021-12-24 00:00:00.000,2021-12-14 00:00:00.000,,,,,,,,False,
1782,الکتروموتور لیفتراک,,,,,سیم پیچی,,,789,107,2021-12-20 00:00:00.000,2021-12-18 00:00:00.000,,,,,,,,False,
1783,استاتور 300کیلووات اکسیژن,,,,,اورهال,,,790,99,2022-02-03 00:00:00.000,2021-12-21 00:00:00.000,,,,,,,,False,
1784,الکتروموتور 37KW,,,,,عودت,,,791,38,2021-12-25 00:00:00.000,2021-12-25 00:00:00.000,,,,,,,,False,
1785,الکتروموتور 30KW,,,,,عودت,,,792,38,2021-12-25 00:00:00.000,2021-12-25 00:00:00.000,,,,,,,,False,
1786,موتورگیربکسی 1/2hp,,,,,سیم پیچی,,,793,107,2021-12-28 00:00:00.000,2021-12-25 00:00:00.000,,,,,,,,False,
