ProjectCode,Employer,NameProject,SerialNumber,DateMovaqatExit,GhabzExit,FactorNumber,FactorType,KarshenasiAvalie,ReceiverProject,DeliveryDate,FileDate,Description,Id,DateVorod,DateKhoroj,SematId,UserId,DateSabtPoroje,DateNiazMoshtari,IsPoshe
1001,1,پمپ آب خانگی (باغ),,,,,,سرویس پمپ,,,,,1,2017-08-26,2017-08-26,,,,,False
1002,1,ورزشگاه محلات (پمپ کولر 13),,,,,,سرویس کولر 13000,,,,,2,2017-09-01,2017-09-11,,,,,False
1003,1,نصب کولر,,,,,,نصب 5 دستگاه کولر,,,,,3,2017-09-03,2017-09-09,,,,,False
1004,1,بالابر و ...,,,,,,سرویس بالابر ,,,,,4,2017-08-27,2017-09-11,,,,,False
1005,1,کولر 13000,,,,,,سرویس کولر 13000 و تعویض کنتاکتور,,,,,5,2017-09-12,2017-09-12,,,,,False
1006,1,کولر 7500,,,,,,سرویس کولر 7500,,,,,6,2017-09-14,2017-09-14,,,,,False
1007,1,موتور کولر راه آهن DC,,,,,,بازسازی کامل استاتور,,,,,7,2017-09-17,2017-09-28,,,,,False
1008,1,موتور کولر راه آهن DC 4HP,,,,,,بازسازی کامل استاتور,,,,,8,2017-09-17,2017-09-28,,,,,False
1009,1,موتور کولر راه آهن DC,,,,,,بازسازی کامل استاتور,,,,,9,2017-09-17,2017-09-28,,,,,False
1010,1,موتور کنارک DC,,,,,,سیم پیچی و اصلاح کلکتور ,,,,,10,2017-09-17,2017-10-12,,,,,False
1011,1,ورزشگاه محلات دینام 5/5KW,,,,,,سیم پیچی,,,,,11,2017-09-17,2017-09-24,,,,,False
1012,1,آرمیچر موتور استارت کنارک,,,,,,سیم پیچی و تراشکاری شفت,,,,,12,2017-10-02,2017-10-12,,,,,False
1013,1,دینام 3 فاز 95KW چینی,,,,,,سیم پیچی ,,,,,13,2017-10-04,2017-11-05,,,,,False
1014,1,نصب پمپ آب,,,,,,نصب پمپ آب,,,,,14,2017-10-10,2017-10-10,,,,,False
1015,1,پمپ کفکش 1.5HP,,,,,,سیم پیچی,,,,,15,2017-10-17,2017-10-18,,,,,False
1016,1,نصب فیوز و پرژکتور,,,,,,نصب فیوز,,,,,16,2017-10-17,2017-10-17,,,,,False
1017,1,شوفاژ خانه,,,,,,سرویس شوفاژ خانه,,,,,17,2017-10-18,2017-10-19,,,,,False
1018,1,موتور کولر,,,,,,سیم پیچی,,,,,18,2017-10-21,2017-10-28,,,,,False
1019,1,پمپ آب,,,,,,سیم پیچی,,,,,19,2017-10-21,2017-10-28,,,,,False
1020,1,پمپ حلزونی آب,,,,,,اورهال ,,,,,20,2017-10-23,2017-10-25,,,,,False
1021,1,پمپ حلزونی آب,,,,,,اورهال ,,,,,21,2017-10-23,2017-10-25,,,,,False
1022,1,دینام 3 فاز 4KW ,,,,,,اورهال ,,,,,22,2017-10-23,2017-10-25,,,,,False
1023,1,دینام 3 فاز 4KW ,,,,,,اورهال ,,,,,23,2017-10-23,2017-10-25,,,,,False
1026,1,روتور جرثقیل,,,,,,عودت,,,,,24,2017-10-24,2017-11-13,,,,,False
1027,1,نصب تایمر شوفاژخانه,,,,,,نصب تایمر,,,,,25,2017-10-25,2017-10-25,,,,,False
1024,1,پمپ آب شوفاژخانه,,,,,,اورهال ,,,,,26,2017-10-29,2017-11-23,,,,,False
1025,1,پمپ آب شوفاژخانه,,,,,,اورهال ,,,,,27,2017-10-29,2017-11-23,,,,,False
1028,1, 380 V 2/2KW,,,,,,سیم پیچی,,,,,28,2017-11-01,2017-11-04,,,,,False
1029,1,کویل فشار قوی-34 عدد,,,,,,جوشکاری کویل,,,,,29,2017-11-03,2017-11-16,,,,,False
1030,1,موتور تک فاز pem HP 1/5,,,,,,سیم پیچی,,,,,30,2017-11-07,2017-11-21,,,,,False
1031,1,الکتروموتور Baol,,,,,,اورهال ,,,,,31,2017-11-11,2017-11-21,,,,,False
1032,1,الکتروموتور فن 1HP,,,,,,سیم پیچی,,,,,32,2017-11-11,2017-11-21,,,,,False
1033,1,الکتروموتور فن 1HP,,,,,,سیم پیچی,,,,,33,2017-11-11,2017-11-21,,,,,False
1034,1,الکتروموتور فن 1HP,,,,,,سیم پیچی,,,,,34,2017-11-11,2017-11-21,,,,,False
1035,1,الکتروموتور فن 1HP,,,,,,سیم پیچی,,,,,35,2017-11-11,2017-11-21,,,,,False
1036,1,الکتروموتور فن 1HP,,,,,,سیم پیچی,,,,,36,2017-11-11,2017-11-21,,,,,False
1037,1,الکتروموتور فن 1HP,,,,,,عودت,,,,,37,2017-11-11,2017-11-21,,,,,False
1038,1,الکتروموتور فن 1HP,,,,,,سیم پیچی,,,,,38,2017-11-11,2017-11-21,,,,,False
1039,1,گلنت (الکتروموتور تخت),,,,,,سیم پیچی,,,,,39,2017-11-11,2017-11-21,,,,,False
1040,1,ترانس 650KVA,,,,,,سیم پیچی و ساخت تابلو,,,,,40,2017-11-14,2018-01-08,,,,,False
1041,1,رتور جهت بالانس,,,,,,بالانس,,,,,41,2017-11-15,2018-11-28,,,,,False
1042,1,موتور برق,,,,,,عودت,,,,,42,2017-11-16,2017-11-16,,,,,False
1043,1,شوفاژخانه,,,,,,اورهال ,,,,,43,2017-11-22,2017-11-22,,,,,False
1044,1,دینام فن 1HP,,,,,,اورهال ,,,,,44,2017-11-27,2017-11-28,,,,,False
1045,1,ورزشگاه کارگران,,,,,,سرویس 24عدد پروژکتور,,,,,45,2017-11-22,2017-11-22,,,,,False
1046,1,کویل آلستوم-33 عدد,,,,,,جوشکاری کویل,,,,,46,2017-12-02,2017-12-28,,,,,False
1047,1,فن 180W,,,,,,سیم پیچی,,,,,47,2017-12-04,2017-12-14,,,,,False
1048,1,فن 180W,,,,,,سیم پیچی,,,,,48,2017-12-04,2017-12-14,,,,,False
1049,1,فن 180W,,,,,,سیم پیچی,,,,,49,2017-12-04,2017-12-14,,,,,False
1050,1,استاتور 1/5HP,,,,,,سیم پیچی,,,,,50,2017-12-04,2017-12-14,,,,,False
1051,1,فن بخاری,,,,,,سیم پیچی,,,,,51,2017-12-04,2017-12-18,,,,,False
1052,1,استاتور دالاندر,,,,,,سیم پیچی,,,,,52,2017-12-04,2017-12-18,,,,,False
1053,1,استاتور  0/37KW 380V دور 1400,,,,,,سیم پیچی,,,,,53,2017-12-12,2017-12-14,,,,,False
1054,1,فن کوچک,,,,,,سیم پیچی,,,,,54,2017-12-18,2017-12-28,,,,,False
1055,1,فن کوچک,,,,,,سیم پیچی,,,,,55,2017-12-18,2018-01-07,,,,,False
1056,1,فن کوچک,,,,,,سیم پیچی,,,,,56,2017-12-18,2018-01-07,,,,,False
1057,1,فن بزرگ,,,,,,سیم پیچی,,,,,57,2017-12-18,2017-12-28,,,,,False
1058,1,فن بزرگ,,,,,,سیم پیچی,,,,,58,2017-12-18,2018-01-07,,,,,False
1059,1,موتور دماجKWا 0/51-3/6 جرقیل,,,,,,سیم پیچی,,,,,59,2017-12-18,2018-01-07,,,,,False
1060,1,دینام پمپ آب صابون,,,,,,سیم پیچی,,,,,60,2017-12-19,2017-12-28,,,,,False
1061,1,دینام پمپ آب صابون,,,,,,سیم پیچی,,,,,61,2017-12-19,2018-01-07,,,,,False
1062,1,دینام لیفتراک,,,,,,عودت,,,,,62,2017-12-19,2017-12-23,,,,,False
1063,1,الکتروموتور CE 7/5KW,,,,,,سیم پیچی,,,,,63,2017-12-23,2018-01-15,,,,,False
1064,1,فن دمنده,,,,,,سیم پیچی,,,,,64,2017-12-23,2018-01-07,,,,,False
1065,1,موتور پمپ آب صابون,,,,,,سیم پیچی,,,,,65,2017-12-26,2017-12-28,,,,,False
1066,1,موتور پمپ آب صابون,,,,,,سیم پیچی,,,,,66,2017-12-26,2017-12-28,,,,,False
1067,1,موتور پمپ آب صابون,,,,,,سیم پیچی,,,,,67,2017-12-26,2017-12-28,,,,,False
1068,1,موتور فن,,,,,,اورهال ,,,,,68,2017-12-26,2018-01-07,,,,,False
1069,1,2/2KW ATLAS,,,,,,اورهال ,,,,,69,2017-12-26,2017-12-28,,,,,False
1070,1,کویل 39 عدد,,,,,,جوشکاری کویل,,,,,70,2017-12-29,2018-01-25,,,,,False
1071,1,پمپ کفکش,,,,,,سیم پیچی,,,,,71,2018-01-02,2018-01-04,,,,,False
1072,1,الکتروموتور 40KW,,,,,,سیم پیچی,,,,,72,2018-01-02,2018-03-10,,,,,False
1073,1,کویل 10عدد,,,,,,سیم پیچی,,,,,73,2018-01-13,2018-01-25,,,,,False
1074,1,فن 180وات,,,,,,سیم پیچی,,,,,74,2018-01-18,2018-01-23,,,,,False
1075,1,فن 250وات,,,,,,سیم پیچی,,,,,75,2018-01-30,2018-03-06,,,,,False
1076,1,فن 250وات,,,,,,سیم پیچی,,,,,76,2018-01-30,2018-03-06,,,,,False
1077,1,فن 250وات,,,,,,سیم پیچی,,,,,77,2018-01-30,2018-03-06,,,,,False
1078,1,فن 200وات,,,,,,سیم پیچی,,,,,78,2018-01-30,2018-02-06,,,,,False
1079,1,فن 200وات,,,,,,سیم پیچی,,,,,79,2018-01-30,2018-02-06,,,,,False
1080,1,فن 180وات,,,,,,سیم پیچی,,,,,80,2018-01-30,2018-03-06,,,,,False
1081,1,فن 100وات,,,,,,سیم پیچی,,,,,81,2018-01-30,2018-02-06,,,,,False
1082,1,فن 100وات,,,,,,سیم پیچی,,,,,82,2018-01-30,2018-02-06,,,,,False
1083,1,فن 100وات,,,,,,سیم پیچی,,,,,83,2018-01-30,2018-02-06,,,,,False
1084,1,فن 100وات,,,,,,سیم پیچی,,,,,84,2018-01-30,2018-02-06,,,,,False
1085,1,فن 100وات,,,,,,سیم پیچی,,,,,85,2018-01-30,2018-03-06,,,,,False
1086,1,فن 100وات,,,,,,سیم پیچی,,,,,86,2018-01-30,2018-03-06,,,,,False
1087,1,فن 100وات,,,,,,سیم پیچی,,,,,87,2018-01-30,2018-03-06,,,,,False
1088,1,فن 100وات,,,,,,سیم پیچی,,,,,88,2018-01-30,2018-03-06,,,,,False
1089,1,الکتروموتور سیم پیچ مجزا 0/3KW .1/3,,,,,,سیم پیچی,,,,,89,2018-01-30,2018-03-06,,,,,False
1090,1,الکتروموتور فن گرماساز,,,,,,سیم پیچی,,,,,90,2018-01-30,2018-03-06,,,,,False
1091,1,الکتروموتور پمپ آب,,,,,,سیم پیچی,,,,,91,2018-01-30,2018-02-06,,,,,False
1092,1,موتور دماگ برگشتی,,,,,,برگشتی,,,,,92,2018-01-31,2018-02-06,,,,,False
1093,1,موتور سیم پیچ مجزا,,,,,,اورهال ,,,,,93,2018-01-31,2018-02-06,,,,,False
1094,1,ژنزاتور آلستوم با 11عدد کویل,,,,,,عایق بندی کویل 1 عدد,,,,,94,2018-01-31,2018-04-04,,,,,False
1095,1,الکتروموتور با 3عددکویل,,,,,,سیم پیچی موضعی,,,,,95,2018-01-31,2018-02-24,,,,,False
1096,1,الکتروموتور 6KV-315KW,,,,,,سیم پیچی موضعی,,,,,96,2018-02-15,2018-04-29,,,,,False
1097,1,استاتور آلستوم,,,,,,سیم پیچی موضعی,,,,,97,2018-02-24,2018-03-15,,,,,False
1098,1,استاتور DC الکتروموتور 11KW,,,,,,سیم پیچی,,,,,98,2018-03-04,2018-03-10,,,,,False
1099,1,استاتور DC خالی,,,,,,سیم پیچی,,,,,99,2018-03-09,2018-08-03,,,,,False
1100,1,کویل درجه1 11عدد 1عددضایعاتی کویل درجه2 8 عدد-جمعا 20عدد 19عدد اصلاح شود,,,,,,جوشکاری کویل,,,,,100,2018-03-09,2018-05-13,,,,,False
1101,1,الکتروموتور DC,,,,,,سیم پیچی,,,,,101,2018-03-09,2018-05-13,,,,,False
1102,1,الکتروموتور 37KW AC,,,,,,سیم پیچی,,,,,102,2018-03-10,2018-03-11,,,,,False
1103,1,استاتور آلستوم,,,,,,سیم پیچی موضعی,,,,,103,2018-03-15,2018-05-13,,,,,False
1104,1,کویل درجه 2 4عدد,,,,,,جوشکاری کویل,,,,,104,2018-04-13,2018-05-18,,,,,False
1105,1,فن,,,,,,سیم پیچی,,,,,105,2018-04-13,2018-04-24,,,,,False
1106,1,موتور DC,,,,,,سیم پیچی,,,,,106,2018-04-26,2018-05-05,,,,,False
1107,1,الکتروموتور 101KW AC,,,,,,سیم پیچی,,,,,107,2018-05-01,2018-05-09,,,,,False
1108,1,الکتروموتور 101KW AC,,,,,,سیم پیچی,,,,,108,2018-05-01,2018-05-09,,,,,False
1109,1,الکتروموتور 101KW AC,,,,,,سیم پیچی,,,,,109,2018-05-01,2018-05-09,,,,,False
1110,1,الکتروموتور 101KW AC,,,,,,سیم پیچی,,,,,110,2018-05-01,2018-05-09,,,,,False
1111,1,آرمیچر DC کوچک,,,,,,سیم پیچی,,,,,111,2018-05-01,2018-05-09,,,,,False
1112,1,استاتور 315KW-6KV,,,,,,سیم پیچی موضعی,,,,,112,2018-05-07,,,,,,False
1113,1,فن 50*50,,,,,,اورهال ,,,,,113,2018-05-10,2018-05-11,,,,,False
1114,1,فن 40*40,,,,,,سیم پیچی,,,,,114,2018-05-14,2018-05-16,,,,,False
1115,1,ژنراتور آلستوم,,,,,,عودت,,,,,115,2018-05-30,2018-12-01,,,,,False
1116,1,کویل استاتور آلستوم الکتروموتور,,,,,,جوشکاری کویل,,,,,116,2018-05-30,2018-07-07,,,,,False
1117,1,آرمیچر 752GE,,,,,,تعویض شفت,,,,,117,2018-06-09,2018-06-10,,,,,False
1118,1,آرمیچر DC,,,,,,سیم پیچی,,,,,118,2018-06-18,2018-06-21,,,,,False
1119,1,ساخت 4 عدد کویل,,,,,,ساخت کویل,,,,,119,2018-06-22,2018-06-30,,,,,False
1120,1, پمپ آب 1HP,,,,,,سیم پیچی,,,,,120,2018-06-30,2018-07-01,,,,,False
1121,1,کویل آلستوم,,,,,,جوشکاری کویل,,,,,121,2018-06-30,2018-07-01,,,,,False
1122,1,آرمیچر DC,,,,,,اورهال ,,,,,122,2018-07-03,2018-07-03,,,,,False
1123,1,الکتروموتور AC 5/5KW,,,,,,سیم پیچی,,,,,123,2018-07-09,2018-07-15,,,,,False
1124,1,الکتروموتور AC 4/5KW,,,,,,سیم پیچی,,,,,124,2018-07-09,2018-07-15,,,,,False
1125,1,الکتروموتور 200KW,,,,,,عودت,,,,,125,2018-07-09,2018-07-15,,,,,False
1126,1,کویل درجه  عدد+2عدد ضایعات(22عدد),,,,,,جوشکاری کویل,,,,,126,2018-07-16,2018-08-02,,,,,False
1127,1,ژنراتور 200KVA,,,,,,اورهال ,,,,,127,2018-07-17,2018-07-21,,,,,False
1128,1,کویل آلستوم,,,,,,جوشکاری کویل,,,,,128,2018-07-19,2018-07-19,,,,,False
1129,1,ژنراتور 250KVA رفع عیب در محل,,,,,,اورهال ,,,,,129,2018-07-28,2018-07-29,,,,,False
1130,1,ژنراتور سیم پیچی آرمیچر,,,,,,سیم پیچی تحریک,,,,,130,2018-07-28,2018-08-01,,,,,False
1131,1,ژنراتور 20KW,,,,,,سیم پیچی,,,,,131,2018-07-29,2018-08-05,,,,,False
1132,1,رفع عیب در محل,,,,,,ابازسازی موضعی,,,,,132,2018-07-30,2018-07-30,,,,,False
1133,1,الکتروموتور 200KW,,,,,,اورهال ,,,,,133,2018-08-05,2018-12-26,,,,,False
1134,1,الکتروموتور 37KW,,,,,,سیم پیچی,,,,,134,2018-08-07,2018-08-08,,,,,False
1135,1,الکتروموتور 165KW با رتور,,,,,,اورهال ,,,,,135,2018-08-07,2018-08-18,,,,,False
1136,1,الکتروموتور 200KW,,,,,,اورهال ,,,,,136,2018-08-15,2018-08-30,,,,,False
1137,1,ژنراتور 20KW,,,,,,سیم پیچی,,,,,137,2018-08-20,2018-09-13,,,,,False
1138,1,ژنراتور 20KW,,,,,,سیم پیچی,,,,,138,2018-08-20,2018-09-05,,,,,False
1139,1,ژنراتور 20KW,,,,,,سیم پیچی,,,,,139,2018-08-20,2018-09-05,,,,,False
1,1,ژنراتور 20KW,,,,,1,برگشتی,,,,,140,2018-10-15,,106,20,2025-12-02 14:04:02.320,2018-10-15 00:00:00.000,False
1140,1,ژنراتور 18KW,,,,,,سیم پیچی,,,,,141,2018-08-20,2018-09-13,,,,,False
1141,1,ژنراتور 20KW,,,,,,سیم پیچی,,,,,142,2018-08-20,2018-09-13,,,,,False
1142,1,ژنراتور 18KW,,,,,,سیم پیچی,,,,,143,2018-08-20,2018-09-13,,,,,False
1143,1,ژنراتور 18KW,,,,,,سیم پیچی,,,,,144,2018-08-20,2018-08-26,,,,,False
2,1,ژنراتور 18KW,,,,,,برگشتی,,,,,145,2018-08-30,2018-09-05,,,,,False
1144,1,ژنراتور 20KW,,,,,,سیم پیچی,,,,,146,2018-08-20,2018-08-26,,,,,False
1145,1,استاتور 165KW,,,,,,اورهال ,,,,,147,2018-08-19,2018-09-05,,,,,False
1146,1,استاتور افشین اسماعیلی,,,,,,اورهال ,,,,,148,2018-09-05,2020-11-17,,,,,False
1147,1,ژنراتور 20KW,,,,,,سیم پیچی,,,,,149,2018-09-18,2018-09-25,,,,,False
1148,1,ژنراتور 18KW,,,,,,سیم پیچی,,,,,150,2018-09-18,2018-10-11,,,,,False
1149,1,ژنراتور 18KW,,,,,,سیم پیچی,,,,,151,2018-09-18,2018-10-11,,,,,False
1150,1,ژنراتور 20KW,,,,,,سیم پیچی,,,,,152,2018-09-18,2018-10-04,,,,,False
1151,1,ژنراتور 18KW,,,,,,سیم پیچی,,,,,153,2018-09-18,2018-10-04,,,,,False
1152,1,ژنراتور 20KW,,,,,,سیم پیچی,,,,,154,2018-09-18,2018-10-18,,,,,False
1153,1,ژنراتور 18KW,,,,,,سیم پیچی,,,,,155,2018-09-18,2018-10-04,,,,,False
1154,1,ژنراتور 20KW,,,,,,سیم پیچی,,,,,156,2018-09-18,2018-09-25,,,,,False
1155,1,ژنراتور 20KW,,,,,,سیم پیچی,,,,,157,2018-09-18,2018-10-04,,,,,False
1156,1,ژنراتور 20KW,,,,,,سیم پیچی,,,,,158,2018-09-18,2018-11-01,,,,,False
1557,1,ژنراتور 18KW,,,,,,سیم پیچی,,,,,159,2018-09-18,2018-10-04,,,,,False
1158,1,ژنراتور 18KW,,,,,,سیم پیچی,,,,,160,2018-09-18,2018-11-01,,,,,False
1159,1,ژنراتور 20KW,,,,,,سیم پیچی,,,,,161,2018-09-18,2018-10-11,,,,,False
1160,1,ژنراتور 18KW,,,,,,سیم پیچی,,,,,162,2018-09-18,2018-11-01,,,,,False
1161,1,ژنراتور 18KW,,,,,,سیم پیچی,,,,,163,2018-09-18,2018-10-11,,,,,False
1162,1,ژنراتور 20KW,,,,,,سیم پیچی,,,,,164,2018-09-18,2018-10-11,,,,,False
1163,1,ژنراتور 50KV 40KW,,,,,,اورهال ,,,,,165,2018-09-29,2019-01-23,,,,,False
1164,1,استاتور 200KW,,,,,,سیم پیچی موضعی,,,,,166,2018-09-29,2018-09-29,,,,,False
1165,1,استاتور 75KW,,,,,,سیم پیچی,,,,,167,2018-10-02,2018-10-12,,,,,False
1166,1,استاتور 55KW,,,,,,سیم پیچی,,,,,168,2018-10-21,2018-10-28,,,,,False
1167,1,ژنراتور 20KW,,,,,,سیم پیچی,,,,,169,2018-10-18,2018-11-29,,,,,False
1168,1,ژنراتور 20KW,,,,,,سیم پیچی,,,,,170,2018-10-18,2018-10-25,,,,,False
1169,1,ژنراتور 20KW,,,,,,سیم پیچی,,,,,171,2018-10-18,2018-10-25,,,,,False
1170,1,ژنراتور 18KW,,,,,,سیم پیچی,,,,,172,2018-10-18,2018-10-25,,,,,False
1171,1,ژنراتور 18KW,,,,,,سیم پیچی,,,,,173,2018-10-18,2018-11-02,,,,,False
1172,1,ژنراتور 20KW,,,,,,سیم پیچی,,,,,174,2018-10-18,2018-10-25,,,,,False
1173,1,ژنراتور 18KW,,,,,,سیم پیچی,,,,,175,2018-10-25,2018-10-25,,,,,False
1174,1,ژنراتور 18KW,,,,,,سیم پیچی,,,,,176,2018-10-25,2018-11-01,,,,,False
1175,1,ژنراتور 18KW,,,,,,سیم پیچی,,,,,177,2018-10-25,2018-11-15,,,,,False
1176,1,ژنراتور 18KW,,,,,,سیم پیچی,,,,,178,2018-10-25,2018-11-01,,,,,False
1177,1,ژنراتور 20KW,,,,,,سیم پیچی,,,,,179,2018-10-25,2018-11-15,,,,,False
1178,1,ژنراتور 20KW,,,,,,سیم پیچی,,,,,180,2018-10-25,2018-11-15,,,,,False
1179,1,ژنراتور 20KW,,,,,,سیم پیچی,,,,,181,2018-10-25,2018-11-15,,,,,False
1180,1,استاتور 315KW 6000V,,,,,,اورهال,,,,,182,2018-10-31,2019-01-07,,,,,False
1181,1,استاتور 200KW,,,,,,سیم پیچی,,,,,183,2018-10-31,2019-01-07,,,,,False
1182,1,ژنراتور 18KW,,,,,,سیم پیچی,,,,,184,2018-11-15,2019-01-07,,,,,False
1183,1,ژنراتور 18KW,,,,,,سیم پیچی,,,,,185,2018-11-15,2018-11-29,,,,,False
1184,1,ژنراتور 18KW,,,,,,سیم پیچی,,,,,186,2018-11-15,2018-11-29,,,,,False
1185,1,ژنراتور 20KW,,,,,,سیم پیچی,,,,,187,2018-11-15,2018-11-29,,,,,False
1186,1,ژنراتور 20KW,,,,,,سیم پیچی,,,,,188,2018-11-15,2018-11-29,,,,,False
1187,1,ژنراتور 20KW,,,,,,سیم پیچی,,,,,189,2018-11-15,2018-12-29,,,,,False
1189,1,کمپرسور اسکروز,,,,,,سیم پیچی,,,,,190,2018-12-10,2018-12-18,,,,,False
1190,1,ژنراتور 20KW,,,,,,سیم پیچی,,,,,191,2018-12-10,2018-12-19,,,,,False
1191,1,ژنراتور 20KW,,,,,,سیم پیچی,,,,,192,2018-12-24,2018-12-20,,,,,False
1192,1,ژنراتور 20KW,,,,,,سیم پیچی,,,,,193,2018-12-24,2018-12-21,,,,,False
1193,1,ژنراتور 20KW,,,,,,سیم پیچی,,,,,194,2018-12-24,,,,,,False
1194,1,ژنراتور 18KW,,,,,,سیم پیچی,,,,,195,2018-12-24,2018-12-22,,,,,False
1390,1,الکتروموتور استارت DC,,,,,,سیم پیچی,,,,,391,2019-12-15,2020-01-11,,,,,False
1391,1,ترانس 100KVA,,,,,,سیم پیچی,,,,,392,2019-12-30,2020-09-30,,,,,False
1392,1,ترانس 160KVA,,,,,,عودت,,,,,393,2019-12-30,2023-12-26,,,,,False
1393,1,ترانس 160KVA,,,,,,اورهال,,,,,394,2019-12-30,2021-02-03,,,,,False
1394,1,ترانس 250KVA,,,,,,سیم پیچی,,,,,395,2020-01-01,2020-09-01,,,,,False
1395,1,ترانس 100KVA,,,,,,سیم پیچی,,,,,396,2020-01-01,2020-05-30,,,,,False
1396,1,ترانس 25KVA,,,,,,سیم پیچی,,,,,397,2020-01-01,2020-05-30,,,,,False
1397,1,ترانسفورماتور 160KVA,,,,,,سیم پیچی,,,,,398,2020-01-01,2020-12-08,,,,,False
1398,1,ترانسفورماتور 200KVA,,,,,,سیم پیچی,,,,,399,2020-01-01,2020-05-30,,,,,False
1399,1,استاتور ژنراتور همراه ِD14,,,,,,اورهال,,,,,400,2020-01-05,2020-01-08,,,,,False
1400,1,رتور ژنراتور ,,,,,,اورهال,,,,,401,2020-01-05,2020-02-16,,,,,False
1401,1,رتور ژنراتور ,,,,,,اورهال,,,,,402,2020-01-05,2020-02-16,,,,,False
1402,1,استاتور فن آب,,,,,,سیم پیچی,,,,,403,2020-01-05,2020-01-20,,,,,False
1403,1,استاتور فن آب,,,,,,سیم پیچی,,,,,404,2020-01-05,2020-02-16,,,,,False
1404,1,استاتور فن آب,,,,,,سیم پیچی,,,,,405,2019-12-24,2020-01-20,,,,,False
1405,1,استاتور فن آب,,,,,,سیم پیچی,,,,,406,2019-12-24,2020-01-20,,,,,False
1406,1,استاتور فن آب,,,,,,سیم پیچی,,,,,407,2019-12-24,2020-01-20,,,,,False
1407,1,استاتور ژنراتور کمکی DC,,,,,,سیم پیچی,,,,,408,2019-12-24,2020-02-16,,,,,False
1408,1,رتور 18KW کمکی DC,,,,,,سیم پیچی,,,,,409,2019-12-24,2021-01-17,,,,,False
1409,1,استاتور فن آّب,,,,,,سیم پیچی,,,,,410,2020-01-21,2020-02-16,,,,,False
1410,1,استاتور AR10,,,,,,اورهال,,,,,411,2020-01-21,2020-02-16,,,,,False
1411,1,استاتور 200KW,,,,,,اورهال,,,,,412,2020-01-27,2020-03-12,,,,,False
1412,1,الکتروموتور 75KW,,,,,,سیم پیچی,,,,,413,2020-02-02,2020-02-12,,,,,False
1413,1,الکتروموتور AC-DC,,,,,,سیم پیچی,,,,,414,2020-02-08,2020-04-14,,,,,False
1414,1,الکتروموتور AC-DC,,,,,,سیم پیچی,,,,,415,2020-02-08,2020-04-14,,,,,False
1415,1,الکتروموتور 75KW AC,,,,,,عودت,,,,,416,2020-02-09,2020-02-09,,,,,False
1416,1,الکتروموتور 75KW AC,,,,,,سیم پیچی,,,,,417,2020-02-19,2020-04-22,,,,,False
1417,1,استاتور فن آب,,,,,,سیم پیچی,,,,,418,2020-02-23,2020-05-17,,,,,False
1418,1,استاتور فن آب,,,,,,سیم پیچی,,,,,419,2020-02-23,2020-03-17,,,,,False
1419,1,استاتور فن آب,,,,,,سیم پیچی,,,,,420,2020-02-23,2020-06-01,,,,,False
1420,1,استاتور فن آب,,,,,,سیم پیچی,,,,,421,2020-02-23,2020-03-17,,,,,False
1421,1,استاتور فن آب,,,,,,سیم پیچی,,,,,422,2020-02-23,2020-03-17,,,,,False
1422,1,استاتور فن آب,,,,,,سیم پیچی,,,,,423,2020-02-23,2020-05-02,,,,,False
1423,1,استاتور فن آب,,,,,,سیم پیچی,,,,,424,2020-02-23,2020-05-02,,,,,False
1424,1,استاتور فن آب,,,,,,سیم پیچی,,,,,425,2020-02-23,2020-05-02,,,,,False
1425,1,استاتور فن آب,,,,,,سیم پیچی,,,,,426,2020-02-23,2020-05-02,,,,,False
1426,1,قطب رتور ژنراتور اصلی,,,,,,سیم پیچی,,,,,427,2020-02-23,2020-05-02,,,,,False
1427,1,رتور فن دینامیکی,,,,,,عودت,,,,,428,2020-02-23,2022-02-19,,,,,False
1428,1,رتور فن دینامیکی,,,,,,سیم پیچی,,,,,429,2020-02-23,2020-05-17,,,,,False
1326,1,آرمیچر 18KW,,,,,,سیم پیچی,,,,,430,2020-02-23,2020-03-17,,,,,False
1429,1,رتور ژنراتور Ac,,,,,,سیم پیچی,,,,,431,2020-02-23,2020-05-02,,,,,False
1430,1,استاتور 315KW,,,,,,سیم پیچی,,,,,432,2020-02-23,2020-06-15,,,,,False
1431,1,استاتور 315KW,,,,,,سیم پیچی,,,,,433,2020-02-23,2020-05-15,,,,,False
1432,1,الکتروموتور 160KW DC,,,,,,سیم پیچی,,,,,434,2020-02-25,,,,,,False
1433,1,الکترموتور 55KW,,,,,,سیم پیچی,,,,,435,2020-04-06,2020-04-23,,,,,False
1434,1,الکترموتور 11KW,,,,,,سیم پیچی,,,,,436,2020-04-06,2020-04-23,,,,,False
1435,1,الکتروموتور 6KV,,,,,,اورهال,,,,,437,2020-04-07,2020-04-22,,,,,False
1436,1,الکترموتور 35KW دالاندر,,,,,,سیم پیچی,,,,,438,2020-04-09,2020-04-22,,,,,False
1437,1,الکترموتور 30KW ,,,,,,سیم پیچی,,,,,439,2020-04-12,2020-04-16,,,,,False
1438,1,استاتور فن آب,,,,,,سیم پیچی,,,,,440,2020-04-18,2020-05-02,,,,,False
1439,1,استاتور فن آب,,,,,,سیم پیچی,,,,,441,2020-04-18,2020-05-02,,,,,False
1440,1,استاتور فن آب,,,,,,سیم پیچی,,,,,442,2020-04-18,2020-05-02,,,,,False
1441,1,استاتور فن آب,,,,,,سیم پیچی,,,,,443,2020-04-18,2020-05-02,,,,,False
1442,1,آرمیچر D77,,,,,,اورهال,,,,,444,2020-05-04,2020-05-17,,,,,False
1443,1,آرمیچر D77,,,,,,اورهال,,,,,445,2020-05-04,2020-05-17,,,,,False
1444,1,آرمیچر D77,,,,,,اورهال,,,,,446,2020-05-04,2020-05-17,,,,,False
1445,1,آرمیچر D77,,,,,,اورهال,,,,,447,2020-05-04,2020-05-17,,,,,False
1446,1,آرمیچر دینامیک,,,,,,سیم پیچی,,,,,448,2020-05-04,2022-02-19,,,,,False
1447,1,آرمیچر دینامیک,,,,,,سیم پیچی,,,,,449,2020-05-04,2020-05-17,,,,,False
1448,1,100KW AC,,,,,,سیم پیچی,,,,,450,2020-05-06,2020-05-12,,,,,False
1449,1,استاتور 200KWر-165متری,,,,,,اورهال,,,,,451,2020-05-08,2020-06-16,,,,,False
1450,1,استاتور 40 متری,,,,,,عودت,,,,,452,2020-05-08,2020-06-16,,,,,False
1451,1,قطب اصلی ترکشن,,,,,,عودت,,,,,453,2020-05-17,2021-12-23,,,,,False
1452,1,قطب کمکی ترکشن,,,,,,عودت,,,,,454,2020-05-17,2021-12-23,,,,,False
1453,1,قطب اصلی رتور ژنراتور اصلی,,,,,,عودت,,,,,455,2020-05-17,2020-07-03,,,,,False
1454,1,رتور ژنراتور کمکی 18KW,,,,,,سیم پیچی,,,,,456,2020-05-17,2020-06-01,,,,,False
1455,1,استاتور فن آب,,,,,,سیم پیچی,,,,,457,2020-05-17,2020-06-01,,,,,False
1456,1,استاتور فن آب,,,,,,سیم پیچی,,,,,458,2020-05-17,2020-06-01,,,,,False
1457,1,استاتور فن آب,,,,,,سیم پیچی,,,,,459,2020-05-17,2020-06-01,,,,,False
1458,1,استاتور فن آب,,,,,,سیم پیچی,,,,,460,2020-05-17,2020-06-01,,,,,False
1459,1,استاتور فن آب,,,,,,سیم پیچی,,,,,461,2020-05-17,2020-06-01,,,,,False
1460,1,استاتور ژنراتور اصلی AR10,,,,,,اورهال,,,,,462,2020-05-26,2020-06-09,,,,,False
1461,1,استاتور ژنراتور اصلی AR10,,,,,,عودت,,,,,463,2020-05-26,2022-02-19,,,,,False
1462,1,آرمیچر تراکشن D77,,,,,,اورهال,,,,,464,2020-06-09,2020-06-09,,,,,False
1463,1,آرمیچر تراکشن D77,,,,,,اورهال,,,,,465,2020-05-26,2020-06-01,,,,,False
1464,1,آرمیچر تراکشن D77,,,,,,اورهال,,,,,466,2020-06-09,2020-06-09,,,,,False
1465,1,آرمیچر تراکشن D77,,,,,,اورهال,,,,,467,2020-06-09,2020-06-09,,,,,False
1466,1,آرمیچر تراکشن D77,,,,,,اورهال,,,,,468,2020-06-09,2020-06-09,,,,,False
1467,1,آرمیچر تراکشن D77,,,,,,اورهال,,,,,469,2020-05-26,2020-06-01,,,,,False
1468,1,استاتور فن آب,,,,,,سیم پیچی,,,,,470,2020-06-22,2020-06-22,,,,,False
1469,1,استاتور فن آب,,,,,,سیم پیچی,,,,,471,2020-05-26,2020-06-01,,,,,False
1470,1,استاتور فن آب,,,,,,سیم پیچی,,,,,472,2020-05-26,2020-07-27,,,,,False
1471,1,ترانس 200KVA,,,,,,اورهال,,,,,473,2020-05-30,2020-09-01,,,,,False
1472,1,ترانس 200KVA,,,,,,اورهال,,,,,474,2020-05-30,2020-09-01,,,,,False
1473,1,ترانس 100KVA,,,,,,اورهال,,,,,475,2020-05-30,2020-09-01,,,,,False
1474,1,ترانس 100KVA,,,,,,اورهال,,,,,476,2020-05-30,2020-09-01,,,,,False
1475,1,ترانس 25KVA,,,,,,سیم پیچی,,,,,477,2020-05-30,2022-07-03,,,,,False
1476,1,موتور DEMAG 1CW0/5 ف2800 دور,,,,,,سیم پیچی,,,,,478,2020-06-07,2020-06-12,,,,,False
1477,1,موتور DEMAG 1CW25 ف2800 دور,,,,,,سیم پیچی,,,,,479,2020-06-07,2020-06-12,,,,,False
1478,1,استاتور همراه D14,,,,,,سیم پیچی,,,,,480,2020-06-10,2020-12-13,,,,,False
1479,1,آرمیچر D77,,,,,,اورهال,,,,,481,2020-06-10,2020-06-22,,,,,False
1480,1,آرمیچر D77,,,,,,اورهال,,,,,482,2020-06-10,2020-06-22,,,,,False
1481,1,آرمیچر D77,,,,,,اورهال,,,,,483,2020-06-10,2020-06-22,,,,,False
1482,1,آرمیچر D77,,,,,,اورهال,,,,,484,2020-06-10,2021-12-21,,,,,False
1483,1,موتور جرثقیل دماگ,,,,,,اورهال,,,,,485,2020-06-02,2020-06-11,,,,,False
1484,1,آرمیچر,,,,,,سیم پیچی,,,,,486,2020-06-10,2020-08-24,,,,,False
1485,1,ترانس 200KVA,,,,,,سیم پیچی,,,,,487,2020-06-14,2020-09-30,,,,,False
1486,1,ترانس 200KVA,,,,,,سیم پیچی,,,,,488,2020-06-14,2020-09-30,,,,,False
1487,1,ترانس 200KVA,,,,,,سیم پیچی,,,,,489,2020-06-14,2020-09-30,,,,,False
1488,1,استاتور فن آب,,,,,,سیم پیچی,,,,,490,2020-06-23,2020-07-27,,,,,False
1489,1,استاتور فن آب,,,,,,سیم پیچی,,,,,491,2020-06-23,2020-07-27,,,,,False
1490,1,آرمیچر D77,,,,,,اورهال,,,,,492,2020-06-23,2020-07-03,,,,,False
1491,1,آرمیچر D77,,,,,,اورهال,,,,,493,2020-06-23,2020-07-27,,,,,False
1492,1,آرمیچر D77,,,,,,اورهال,,,,,494,2020-06-23,2020-07-03,,,,,False
1493,1,استاتور همراه D14,,,,,,سیم پیچی,,,,,495,2020-06-23,2021-01-17,,,,,False
1494,1,قطب رتور ژنراتور اصلی,,,,,,سیم پیچی,,,,,496,2020-07-20,2020-09-30,,,,,False
1495,1,قطب رتور ژنراتور اصلی,,,,,,سیم پیچی,,,,,497,2020-07-20,2020-09-30,,,,,False
1496,1,قطب رتور ژنراتور اصلی,,,,,,سیم پیچی,,,,,498,2020-07-20,2020-12-13,,,,,False
1497,1,قطب رتور ژنراتور اصلی,,,,,,عودت,,,,,499,2020-07-20,2022-02-19,,,,,False
1453,1,قطب رتور ژنراتور اصلی,,,,,,سیم پیچی,,,,,500,2020-07-20,2020-07-03,,,,,False
1498,1,استاتور ژنراتور اصلی,,,,,,اورهال,,,,,501,2020-07-20,2020-08-24,,,,,False
1499,1,استاتور فن آب,,,,,,سیم پیچی,,,,,502,2020-07-20,2020-08-24,,,,,False
1500,1,استاتور فن آّب,,,,,,سیم پیچی,,,,,503,2020-07-20,2020-08-24,,,,,False
1501,1,الکتروموتور HP30,,,,,,اورهال,,,,,504,2020-08-04,2020-08-08,,,,,False
1502,1,استاتور آلستوم,,,,,,سیم پیچی,,,,,505,2020-08-26,2020-10-01,,,,,False
1503,1,الکتروموتور 75KW,,,,,,سیم پیچی,,,,,506,2020-08-31,2020-09-14,,,,,False
1504,1,استاتور فن آّب رادیاتور,,,,,,سیم پیچی,,,,,507,2020-09-02,2020-09-30,,,,,False
1505,1,استاتور فن آّب رادیاتور,,,,,,سیم پیچی,,,,,508,2020-09-02,2020-09-30,,,,,False
1506,1,استاتور فن آّب رادیاتور,,,,,,سیم پیچی,,,,,509,2020-09-02,2020-09-30,,,,,False
1507,1,استاتور فن آّب رادیاتور,,,,,,سیم پیچی,,,,,510,2020-09-02,2020-12-13,,,,,False
1508,1,استاتور فن آّب رادیاتور,,,,,,سیم پیچی,,,,,511,2020-09-02,2020-09-30,,,,,False
1509,1,استاتور فن آّب رادیاتور,,,,,,سیم پیچی,,,,,512,2020-09-02,2020-12-13,,,,,False
1510,1,استاتور فن آّب رادیاتور,,,,,,سیم پیچی,,,,,513,2020-09-02,2020-09-30,,,,,False
1511,1,استاتور فن آّب رادیاتور,,,,,,سیم پیچی,,,,,514,2020-09-02,2020-09-30,,,,,False
1512,1,استاتور فن آّب رادیاتور,,,,,,سیم پیچی,,,,,515,2020-09-02,2020-09-30,,,,,False
1513,1,استاتور فن آّب رادیاتور,,,,,,سیم پیچی,,,,,516,2020-09-02,2020-12-13,,,,,False
1514,1,استاتور فن اتاق تمیز,,,,,,سیم پیچی,,,,,517,2020-09-02,2021-01-17,,,,,False
1515,1,استاتور D14,,,,,,سیم پیچی,,,,,518,2020-09-02,2020-09-30,,,,,False
1516,1,استاتور ژنراتور کمکی,,,,,,سیم پیچی,,,,,519,2020-09-02,2020-12-13,,,,,False
1517,1,آرمیچر ژنراتور کمکی DC,,,,,,سیم پیچی,,,,,520,2020-09-02,2020-09-30,,,,,False
1518,1,آرمیچر ژنراتور کمکی AC,,,,,,سیم پیچی,,,,,521,2020-09-02,2020-12-13,,,,,False
1519,1,الکتروموتور 630KW-6KV,,,,,,اورهال,,,,,522,2020-09-10,2020-10-15,,,,,False
1520,1,الکتروموتور 400KW-6KV,,,,,,اورهال,,,,,523,2020-09-10,2020-10-15,,,,,False
1521,1,الکتروموتور 630KW-6KV,,,,,,اورهال,,,,,524,2020-09-10,2020-10-15,,,,,False
1522,1,الکتروموتور 380-660V,,,,,,سیم پیچی,,,,,525,2020-09-10,2020-12-26,,,,,False
1523,1,الکتروموتور 380-660V,,,,,,سیم پیچی,,,,,526,2020-09-10,2020-12-26,,,,,False
1524,1,استاتور آلستوم,,,,,,سیم پیچی,,,,,527,2020-09-30,2020-12-05,,,,,False
1525,1,ترانس 25KVA,,,,,,عودت,,,,,528,2020-09-30,2023-12-26,,,,,False
1526,1,ترانس 25KVA,,,,,,سیم پیچی,,,,,529,2020-09-30,2020-11-24,,,,,False
1527,1,ترانس 25KVA,,,,488-489,5,سیم پیچی,,,,,530,2020-09-30,2024-05-11,,,,,False
1528,1,ترانس 200KVA,,,,,,عودت,,,,,531,2020-09-30,2023-12-26,,,,,False
1529,1,ترانس 200KVA,,,,,,سیم پیچی,,,,,532,2020-09-30,2020-11-24,,,,,False
1530,1,ترانس 160KVA,,,,,,سیم پیچی,,,,,533,2020-09-30,2023-12-26,,,,,False
1531,1,ترانس 50KVA,,,,,,سیم پیچی,,,,,534,2020-09-30,2020-11-24,,,,,False
1532,1,ترانس 50KVA,,,,,,سیم پیچی,,,,,535,2020-09-30,2020-11-24,,,,,False
1533,1,الکتروموتور DC100KW,,,,,,سیم پیچی,,,,,536,2020-10-28,2020-11-17,,,,,False
1385,1,استاتور آلستوم,,,,,,سیم پیچی,,,,,537,2020-10-29,2020-12-05,,,,,False
1473,1,ترانس100KVA,,,,,,اورهال,,,,,538,2020-11-07,2020-12-08,,,,,False
1534,1,استاتور فن آب,,,,,,سیم پیچی,,,,,539,2020-11-08,2020-12-13,,,,,False
1535,1,استاتور فن آب,,,,,,سیم پیچی,,,,,540,2020-11-08,2020-12-13,,,,,False
1536,1,استاتور ژنراتور کمکی,,,,,,سیم پیچی,,,,,541,2020-11-08,2021-01-17,,,,,False
1537,1,استاتور ژنراتور کمکی,,,,,,سیم پیچی,,,,,542,2020-11-08,2021-01-17,,,,,False
1538,1,استاتور ژنراتور کمکی,,,,,,سیم پیچی,,,,,543,2020-11-08,2021-01-17,,,,,False
1539,1,رتور فن دینامیکی,,,,,,سیم پیچی,,,,,544,2020-11-08,2021-01-17,,,,,False
1540,1,آرمیچر18KW-DC,,,,,,سیم پیچی,,,,,545,2020-11-08,2020-12-13,,,,,False
1541,1,آرمیچر18KW-DC,,,,,,عودت,,,,,546,2020-11-08,2022-02-19,,,,,False
1542,1,استاتور22KW,,,,,,سیم پیچی,,,,,547,2020-11-07,2020-12-08,,,,,False
1485,1,ترانس200KVA,,,,,,اورهال,,,,,548,2020-11-09,2020-11-24,,,,,False
1486,1,ترانس200KVA,,,,,,اورهال,,,,,549,2020-11-09,2020-11-24,,,,,False
1487,1,ترانس200KVA,,,,,,اورهال,,,,,550,2020-11-09,2020-11-24,,,,,False
1543,1,آرمیچر 4/5 تن,,,,,,سیم پیچی,,,,,551,2020-11-15,2020-06-07,,,,,False
1544,1,الکتروموتور 20KW,,,,,,اورهال,,,,,552,2020-11-19,2020-11-29,,,,,False
1545,1,تراکشن,,,,351,1,اورهال,,,,,553,2020-11-21,2023-05-29,,,,,False
1546,1,ژنراتور اصلی,,,,142,1,اورهال,,,,,554,2020-11-21,2021-03-17,,,,,False
1547,1,ژنراتور کمکی,,,,351,1,اورهال,,,,,555,2020-11-21,2023-05-29,,,,,False
1548,1,دستگاه جوش,,,,,,اورهال,,,,,556,2020-12-05,2020-12-07,,,,,False
1549,1,دستگاه جوش,,,,,,اورهال,,,,,557,2020-12-05,2020-12-07,,,,,False
1550,1,دستگاه جوش,,,,,,اورهال,,,,,558,2020-12-05,2020-12-19,,,,,False
1552,1,الکتروموتور 200KW,,,,,,اورهال,,,,,559,2020-12-13,2020-12-14,,,,,False
1553,1,الکتروموتور 22KW,,,,,,سیم پیچی,,,,,560,2020-12-14,2020-12-19,,,,,False
1554,1,الکتروموتور 45KW,,,,,,سیم پیچی,,,,,561,2020-12-14,2021-02-03,,,,,False
1555,1,الکتروموتور 90KW,,,,,,اورهال,,,,,562,2020-12-16,2020-12-17,,,,,False
1556,1,استاتور آلستوم,,,,,,سیم پیچی,,,,,563,2020-12-17,2021-02-14,,,,,False
1557,1,الکتروموتور 380V-10KW,,,,,,سیم پیچی,,,,,564,2020-12-20,2021-01-04,,,,,False
1558,1,موتور گیربکس 1/5KW,,,,,,سیم پیچی,,,,,565,2020-12-29,2021-01-04,,,,,False
1559,1,موتور گیربکس 0/75KW,,,,,,سیم پیچی,,,,,566,2020-12-29,2021-01-02,,,,,False
1560,1,فن 1HP,,,,,,سیم پیچی,,,,,567,2020-12-29,2021-01-03,,,,,False
1561,1,اره چوب بری ,,,,,,سیم پیچی,,,,,568,2020-12-29,2021-01-03,,,,,False
1562,1,آرمیچر 4/5 تن +شفت,,,,,,سیم پیچی,,,,,569,2020-09-18,2021-01-09,,,,,False
1563,1,آرمیچر 4/5 تن,,,,,,سیم پیچی,,,,,570,2020-09-18,2020-10-31,,,,,False
1564,1,ترانس 200KVA,,,,,,اورهال,,,,,571,2020-12-28,2021-01-31,,,,,False
1565,1,ترانس 100KVA,,,,,,سیم پیچی,,,,,572,2020-12-28,2021-03-08,,,,,False
1566,1,ترانس 50KVA,,,,,,سیم پیچی,,,,,573,2020-12-28,2022-07-03,,,,,False
1567,1,ترانس 100KVA,,,,,,اورهال,,,,,574,2020-12-28,2021-03-08,,,,,False
1568,1,ترانس 200KVA,,,,,,اورهال,,,,,575,2020-12-28,2021-03-08,,,,,False
1569,1,ترانس 200KVA,,,,,,اورهال,,,,,576,2020-12-28,2021-03-08,,,,,False
1570,1,ترانس 315KVA,,,,,,اورهال,,,,,577,2020-12-28,2021-01-31,,,,,False
1571,1,ترانس100KVA,,,,,,عودت,,,,,578,2020-12-28,2023-12-26,,,,,False
1572,1,ترانس 50KVA,,,,,,اورهال,,,,,579,2020-12-28,2022-07-03,,,,,False
1573,1,ترانس 100KVA,,,,246,1,اورهال,,,,,580,2020-12-28,2022-05-04,,,,,False
1574,1,ترانس 500KVA,,,,,,اورهال,,,,,581,2020-12-28,2021-01-31,,,,,False
1575,1,الکتروموتور 30KW ,,,,,,سیم پیچی,,,,,582,2021-01-05,2021-01-18,,,,,False
1576,1,الکتروموتور 2KW DC,,,,,,سیم پیچی,,,,,583,2021-01-06,2021-01-20,,,,,False
1577,1,الکتروموتور DC,,,,,,سیم پیچی,,,,,584,2020-12-30,2021-04-06,,,,,False
1578,1,الکتروموتور DC,,,,,,اورهال,,,,,585,2020-12-30,2021-04-06,,,,,False
1579,1,الکتروموتور 5/5KW,,,,,,سیم پیچی,,,,,586,2021-01-12,2021-01-16,,,,,False
1580,1,موتور گیربکس,,,,,,سیم پیچی,,,,,587,2021-01-12,2021-01-16,,,,,False
1581,1,الکتروموتور 4KW2900RPM,,,,,,سیم پیچی,,,,,588,2021-01-14,2021-01-21,,,,,False
1582,1,جرثقیل سقفی,,,,,,اورهال,,,,,589,2021-01-19,2021-01-28,,,,,False
1583,1,جرثقیل سقفی,,,,,,اورهال,,,,,590,2021-01-19,2021-01-28,,,,,False
1584,1,استاتور فن آب,,,,,,سیم پیچی,,,,,591,2021-01-19,2021-03-06,,,,,False
1585,1,استاتور فن آب,,,,,,سیم پیچی,,,,,592,2021-01-19,2021-03-06,,,,,False
1586,1,استاتور فن آب,,,,,,سیم پیچی,,,,,593,2021-01-19,2021-04-27,,,,,False
1587,1,استاتور فن آب,,,,,,سیم پیچی,,,,,594,2021-01-19,2021-04-27,,,,,False
1588,1,استاتور فن آب,,,,,,سیم پیچی,,,,,595,2021-01-19,2021-04-27,,,,,False
1589,1,استاتور فن آب,,,,,,سیم پیچی,,,,,596,2021-01-19,2021-03-06,,,,,False
1590,1,استاتور فن آب,,,,,,سیم پیچی,,,,,597,2021-01-19,2021-03-06,,,,,False
1591,1,استاتور فن آب,,,,,,سیم پیچی,,,,,598,2021-01-19,2021-03-06,,,,,False
1592,1,استاتور فن اتاق تمیز,,,,,,سیم پیچی,,,,,599,2021-01-19,2021-03-06,,,,,False
1593,1,استاتور D14,,,,,,سیم پیچی,,,,,600,2021-01-19,2021-03-06,,,,,False
1594,1,استاتور فن دینامیک ,,,,,,سیم پیچی,,,,,601,2021-01-19,2021-04-27,,,,,False
1595,1,آرمیچر فن دینامیک,,,,,,سیم پیچی,,,,,602,2021-01-19,2021-04-27,,,,,False
1596,1,آرمیچر فن دینامیک,,,,,,سیم پیچی,,,,,603,2021-01-19,2021-04-27,,,,,False
1597,1,بوبین ترانس( 7 عدد) ,,,,,,عودت,,,,,604,2021-01-23,2021-02-07,,,,,False
1598,1,ترانس 25KVA,,,,,,اورهال,,,,,605,2021-01-26,2021-01-27,,,,,False
1599,1,ترانس 315KVA,,,,,,اورهال,,,,,606,2021-01-31,2021-11-13,,,,,False
1600,1,ترانس 200KVA,,,,,,اورهال,,,,,607,2021-01-31,2022-07-03,,,,,False
1601,1,ترانس 200KVA,,,,,,اورهال,,,,,608,2021-01-31,2021-11-13,,,,,False
1602,1,ترانس 315KVA,,,,,,اورهال,,,,,609,2021-01-31,2021-11-13,,,,,False
1603,1,ترانس 200KVA,,,,,,اورهال,,,,,610,2021-01-31,2021-11-13,,,,,False
1604,1,ترانس 100KVA,,,,,,اورهال,,,,,611,2021-01-31,2022-07-03,,,,,False
1605,1,ترانس 100KVA,,,,,,اورهال,,,,,612,2021-01-31,2022-07-03,,,,,False
1606,1,ترانس 500KVA,,,,,,اورهال,,,,,613,2021-01-31,2021-03-08,,,,,False
1607,1,ترانس 500KVA,,,,,,اورهال,,,,,614,2021-01-31,2021-03-08,,,,,False
1608,1,ترانس 400KVA,,,,,,اورهال,,,,,615,2021-01-31,2021-03-08,,,,,False
1609,1,ترانس 250KVA,,,,490-491,1,سیم پیچی,,,,,616,2021-02-03,2024-05-11,,,,,False
1610,1,ترانس 160KVA,,,,,,عودت,,,,,617,2021-02-03,2023-12-26,,,,,False
1611,1,ترانس 500KVA,,,,,,اورهال,,,,,618,2021-02-03,2021-11-15,,,,,False
1612,1,ترانس 100KVA,,,48586,,,عودت,,,,,619,2021-02-03,2023-12-27,,,,,False
1613,1,ترانس 100KVA,,,,,,اورهال,,,,,620,2021-02-03,2022-07-03,,,,,False
1614,1,ترانس 25KVA,,,,436-437,1,اورهال,,,,,621,2021-02-03,2023-12-26,,,,,False
1615,1,ترانس 25KVA,,,,,,سیم پیچی,,,,,622,2021-02-03,2022-07-03,,,,,False
1616,1,ترانس 25KVA,,,,,,عودت,,,,,623,2021-02-03,2023-12-26,,,,,False
1617,1,ترانس 100KVA,,,,,,سیم پیچی,,,,,624,2021-02-03,2022-07-03,,,,,False
1618,1,ترانس 200KVA,,,,254,1,سیم پیچی,,,,,625,2021-02-03,2022-07-03,,,,,False
1619,1,ترانس 25KVA,,,,434-435,1,اورهال,,,,,626,2021-02-03,2023-12-26,,,,,False
1620,1,ترانس 100KVA,,,,,,سیم پیچی,,,,,627,2021-02-03,2022-07-03,,,,,False
1621,1,ترانس 200KVA,,,,,,سیم پیچی,,,,,628,2021-02-03,2022-07-03,,,,,False
1622,1,الکتروموتور 75KW,,,,,,سیم پیچی,,,,,629,2021-02-03,2021-05-12,,,,,False
1623,1,الکتروموتور37KW,,,,,,سیم پیچی,,,,,630,2021-02-04,2021-03-15,,,,,False
1624,1,الکتروموتور 37KW,,,,,,سیم پیچی,,,,,631,2021-02-14,2022-08-01,,,,,False
1625,1,استاتور آلستوم,,,,,,سیم پیچی,,,,,632,2021-02-15,2021-05-09,,,,,False
1626,1,ترانس25KVA,,,,,,اورهال,,,,,633,2021-02-15,2021-02-16,,,,,False
1627,1,جرثقیل سقفی 12/5KW,,,,,,جوشکاری رتور,,,,,634,2021-02-15,2021-02-16,,,,,False
1628,1,روتور سقفی,,,,,,جوشکاری رتور,,,,,635,2021-02-15,2021-03-18,,,,,False
1629,1,استاتور فن آب,,,,,,سیم پیچی,,,,,636,2021-03-06,2021-04-27,,,,,False
1630,1,استاتور فن آب,,,,,,سیم پیچی,,,,,637,2021-03-06,2021-04-27,,,,,False
1631,1,استاتور فن آب,,,,,,سیم پیچی,,,,,638,2021-03-06,2021-04-27,,,,,False
1632,1,استاتور فن آب,,,,,,سیم پیچی,,,,,639,2021-03-06,2021-04-27,,,,,False
1633,1,استاتور فن آب,,,,,,سیم پیچی,,,,,640,2021-03-06,2021-04-27,,,,,False
1634,1,استاتور فن دینامیک ,,,,,,سیم پیچی,,,,,641,2021-03-06,2021-04-27,,,,,False
1635,1,استاتور فن دینامیک ,,,,,,سیم پیچی,,,,,642,2021-03-06,2021-04-27,,,,,False
1636,1,استاتور فن دینامیک ,,,,,,سیم پیچی,,,,,643,2021-03-06,2021-04-27,,,,,False
1637,1,استاتور فن دینامیک ,,,,,,سیم پیچی,,,,,644,2021-03-06,2021-04-27,,,,,False
1638,1,استاتور ژنراتور کمکی 18KW-DC ,,,,,,سیم پیچی,,,,,645,2021-03-06,2021-04-27,,,,,False
1639,1,استاتور ژنراتور کمکی 18KW-DC ,,,,,,سیم پیچی,,,,,646,2021-03-06,2021-12-20,,,,,False
1640,1,آرمیچر 18KW-DC ,,,,,,سیم پیچی,,,,,647,2021-03-06,2022-01-23,,,,,False
1641,1,قطب رتور ژنراتور اصلی,,,,,,عودت,,,,,648,2021-03-06,2022-02-19,,,,,False
1642,1,استاتور آلستوم,,,,,,سیم پیچی,,,,,649,2021-03-08,2021-04-16,,,,,False
1643,1,رتور آلستوم,,,,298,1,ساخت شفت,,,,,650,2021-03-08,2021-07-23,,,,,False
1644,1,ژنراتور اصلی,,,,,,اورهال,,,,,651,2021-03-17,2022-02-16,,,,,False
1645,1,روتور جرثقیل,,,,,,جوشکاری رتور,,,,,652,2021-03-18,2021-06-19,,,,,False
1646,1,قطب 4/5 تن ابراهیمی,,,,,,ساخت ,,,,,653,2021-03-22,2021-04-11,,,,,False
1647,1,استاتور125HP,,,,,,اورهال,,,,,654,2021-04-15,2021-04-18,,,,,False
1648,1,استاتور125HP,,,,,,عودت,,,,,655,2021-04-15,2021-05-05,,,,,False
1649,1,استاتور آلستوم,,,,,,سیم پیچی,,,,,656,2021-04-16,2021-05-09,,,,,False
1650,1,تراس100KAV,,,,,,سیم پیچی,,,,,657,2021-04-18,2021-12-28,,,,,False
1651,1,الکتروموتور315,,,,,,سیم پیچی,,,,,658,2021-04-20,2021-05-22,,,,,False
1652,1,راکتی فایر ,,,,,,اورهال,,,,,659,2021-04-21,2021-05-31,,,,,False
1653,1,الکتروموتور5/5kw,,,,,,سیم پیچی,,,,,660,2021-04-21,2021-12-18,,,,,False
1654,1,آرمیچر 18KWDC,,,,,,سیم پیچی,,,,,661,2021-04-27,2021-07-18,,,,,False
1655,1,آرمیچر 18KWDC,,,,,,سیم پیچی,,,,,662,2021-04-27,2021-07-18,,,,,False
1656,1,آرمیچر فن دینامیک GT4976,,,,,,عودت,,,,,663,2021-04-27,2022-02-19,,,,,False
1657,1,آرمیچر فن دینامیک,,,,,,عودت,,,,,664,2021-04-27,2022-02-19,,,,,False
1658,1,استاتور فن اتاق تمیز,,,,,,عودت,,,,,665,2021-04-27,2022-02-19,,,,,False
1659,1,استاتور فن اتاق تمیز,,,,,,عودت,,,,,666,2021-04-27,2022-02-19,,,,,False
1660,1,استاتورفن آب,,,,,,سیم پیچی,,,,,667,2021-04-27,2021-06-20,,,,,False
1661,1,استاتورفن آب,,,,,,عودت,,,,,668,2021-04-27,2022-02-19,,,,,False
1662,1,استاتورفن آب,,,,,,سیم پیچی,,,,,669,2021-04-27,2021-06-20,,,,,False
1663,1,استاتورفن آب,,,,,,سیم پیچی,,,,,670,2021-04-27,2021-06-20,,,,,False
1664,1,استاتورفن آب,,,,,,عودت,,,,,671,2021-04-27,2022-02-19,,,,,False
1665,1,استاتورفن آب,,,,,,سیم پیچی,,,,,672,2021-04-27,2021-06-20,,,,,False
1666,1,استاتورفن آب,,,,,,عودت,,,,,673,2021-04-27,2022-02-19,,,,,False
1667,1,استاتورفن آب,,,,,,سیم پیچی,,,,,674,2021-04-27,2022-02-19,,,,,False
1668,1,استاتورفن آب,,,,,,عودت,,,,,675,2021-04-27,2022-02-19,,,,,False
1669,1,استاتورفن آب,,,,,,عودت,,,,,676,2021-04-27,2022-02-19,,,,,False
1670,1,استاتورفن آب,,,,,,سیم پیچی,,,,,677,2021-04-27,2021-06-20,,,,,False
1671,1,الکتروموتورACDC,,,,,,سیم پیچی,,,,,678,2021-04-30,2021-10-10,,,,,False
1672,1,الکتروموتور ,,,,,,سیم پیچی,,,,,679,2021-04-30,2021-10-26,,,,,False
1673,1,الکتروموتور 7.5KW,,,,,,سیم پیچی,,,,,680,2021-05-02,2021-05-03,,,,,False
1674,1,الکتروموتور استارت ,,,,,,سیم پیچی,,,,,681,2021-05-03,2021-05-26,,,,,False
1675,1,الکتروموتور استارت ,,,,,,سیم پیچی,,,,,682,2021-05-03,2021-05-26,,,,,False
1676,1,استاتور کمپرسور165متری,,,,,,اورهال,,,,,683,2021-05-04,2021-05-04,,,,,False
1677,1,الکترو موتور7/5kw,,,,,,اورهال,,,,,684,2021-05-10,2021-06-03,,,,,False
1678,1,الکترو موتور گریبکس 0/75kw,,,,,,سیم پیچی,,,,,685,2021-05-10,2021-06-03,,,,,False
1679,1,الکترو موتور گریبکس 0/75kw,,,,,,سیم پیچی,,,,,686,2021-05-10,2021-06-03,,,,,False
1680,1,الکتروموتور250kw,,,,,,اورهال,,,,,687,2021-05-10,2021-06-08,,,,,False
1681,1,استاتور آلستوم,,,,,,سیم پیچی,,,,,688,2021-05-12,2021-06-25,,,,,False
1682,1,ترانس گان هوایی,,,,,,سیم پیچی,,,,,689,2021-05-16,2021-05-27,,,,,False
1683,1,عجم تراشکار,,,,,,سیم پیچی,,,,,690,2021-05-20,2021-06-07,,,,,False
1684,1,آرمیچر DC,,,,,,سیم پیچی,,,,,691,2021-05-20,2021-06-01,,,,,False
1685,1,استاتورفن آب,,,,,,عودت,,,,,692,2021-05-22,2022-02-19,,,,,False
1686,1,استاتورفن آب,,,,,,سیم پیچی,,,,,693,2021-05-22,2021-07-18,,,,,False
1687,1,استاتورفن آب,,,,,,عودت,,,,,694,2021-05-22,2022-02-19,,,,,False
1688,1,استاتورفن آب,,,,,,عودت,,,,,695,2021-05-22,2022-02-19,,,,,False
1689,1,استاتورفن آب,,,,,,سیم پیچی,,,,,696,2021-05-22,2021-07-18,,,,,False
1690,1,استاتورفن آب,,,,,,عودت,,,,,697,2021-05-22,2022-02-19,,,,,False
1691,1,استاتورفن آب,,,,,,سیم پیچی,,,,,698,2021-05-22,2021-07-18,,,,,False
1692,1,الکتروموتور,,,,,,سیم پیچی,,,,,699,2021-05-24,2021-06-15,,,,,False
1693,1,الکتروموتور,,,,,,سیم پیچی,,,,,700,2021-05-24,2021-06-15,,,,,False
1694,1,آرمیچر5/5تن,,,,,,سیم پیچی,,,,,701,2021-05-24,2021-10-13,,,,,False
1695,1,آرمیچر5/5تن,,,,,,سیم پیچی,,,,,702,2021-05-24,,,,,,False
1696,1,آرمیچر5/5تن,,,,,,سیم پیچی,,,,,703,2021-05-24,,,,,,False
1697,1,آرمیچر8تن,,,,,,سیم پیچی,,,,,704,2021-05-24,2021-10-26,,,,,False
1698,1,موتور پمپ آب,,,,,,سیم پیچی,,,,,705,2021-05-26,2021-09-10,,,,,False
1699,1,ترانس گان هوایی,,,,,,سیم پیچی,,,,,706,2021-05-27,2021-06-19,,,,,False
1700,1,الکتروموتور4kw,,,,,,سیم پیچی,,,,,707,2021-06-03,2021-08-10,,,,,False
1701,1,ژنراتور,,,,400,1,سیم پیچی,,,,,708,2021-06-08,2023-10-14,,,,,False
1702,1,ترانس جوش سیم لاکی,,,,,,سیم پیچی,,,,,709,2021-06-16,2021-06-22,,,,,False
1703,1,الکتروموتور گیربکس 1.5kw,,,,,,سیم پیچی,,,,,710,2021-06-16,2021-07-11,,,,,False
1704,1,مگنت24v ,,,,,,سیم پیچی,,,,,711,2021-06-16,2021-06-22,,,,,False
1705,1,تسمه مسی,,,,,,ساخت,,,,,712,2021-06-17,2021-08-23,,,,,False
1706,1,الکتروموتور300KW,,,,,,اورهال,,,,,713,2021-06-21,2021-07-13,,,,,False
1707,1,الکتروموتور160KW,,,,,,اورهال,,,,,714,2021-06-21,2021-06-29,,,,,False
1708,1,الکتروموتور5/5kw,,,,,,سیم پیچی,,,,,715,2021-06-21,2021-07-05,,,,,False
1709,1,الکتروموتور5/5kw,,,,,,سیم پیچی,,,,,716,2021-06-21,2021-07-05,,,,,False
1710,1,الکتروموتور5/5kw,,,,,,سیم پیچی,,,,,717,2021-06-21,2021-07-05,,,,,False
1711,1,الکتروموتور2/2,,,,,,سیم پیچی,,,,,718,2021-06-21,2021-07-05,,,,,False
1712,1,استاتور165متری,,,,,,اورهال,,,,,719,2021-06-22,2021-06-29,,,,,False
1713,1,مگنت گرم,,,,,,سیم پیچی,,,,,720,2021-06-23,2021-10-16,,,,,False
1714,1,مگنت سرد,,,,,,سیم پیچی,,,,,721,2021-06-23,2021-10-16,,,,,False
1715,1,4MW,,,,,,سیم پیچی,,,,,722,2021-06-25,2021-09-17,,,,,False
1716,1,استاتور آلستوم,,,,,,سیم پیچی,,,,,723,2021-06-25,2021-07-23,,,,,False
1717,1,الکتروموتور315KW,,,,,,سیم پیچی,,,,,724,2021-06-26,2021-06-30,,,,,False
1718,1,الکتروموتور90KW,,,,,,سیم پیچی,,,,,725,2021-06-26,2021-07-14,,,,,False
1719,1,الکتروموتورDC,,,,,,عودت,,,,,726,2021-06-28,2021-06-28,,,,,False
1720,1,استاتور300KW,,,,,,اورهال,,,,,727,2021-06-28,2021-07-05,,,,,False
1721,1,ترانس1600kva,,,,,,اورهال,,,,,728,2021-07-04,2021-11-14,,,,,False
1722,1,استاتور300KW,,,,,,سیم پیچی,,,,,729,2021-07-04,2022-01-02,,,,,False
1723,1,استاتور300KW,,,,,,اورهال,,,,,730,2021-07-05,2021-08-02,,,,,False
1724,1,مگنت جرثقیل,,,,,,سیم پیچی,,,,,731,2021-07-05,2021-07-19,,,,,False
1725,1,مگنت جرثقیل,,,,,,سیم پیچی,,,,,732,2021-07-05,2021-07-19,,,,,False
1726,1,استاتور 55KW,,,,,,سیم پیچی,,,,,733,2021-07-06,2021-07-14,,,,,False
1727,1,الکتروموتور4kw,,,,,,سیم پیچی,,,,,734,2021-07-06,2021-07-06,,,,,False
1728,1,بوبین مگنت,,,,,,سیم پیچی,,,,,735,2021-07-06,2021-07-06,,,,,False
1729,1,بوبین مگنت,,,,,,سیم پیچی,,,,,736,2021-07-06,2021-07-12,,,,,False
1730,1,موتور گیربکس0/37,,,,,,سیم پیچی,,,,,737,2021-07-10,2021-08-26,,,,,False
1731,1,موتور1/1kw,,,,,,سیم پیچی,,,,,738,2021-07-12,2021-07-19,,,,,False
1732,1,رتورالکتروموتور,,,,,,جوشکاری رتور,,,,,739,2021-07-17,2021-07-20,,,,,False
1733,1,الکتروموتور90KW,,,,180,1,سیم پیچی,,,,,740,2021-07-18,2021-08-22,,,,,False
1735,1,./37KWگیربکس,,,,,,سیم پیچی,,,,,741,2021-07-20,2021-07-27,,,,,False
1734,1,استاتور آلستوم,,,,,,سیم پیچی,,,,,742,2021-07-23,2021-08-23,,,,,False
1736,1,ژنراتور 100KVA,,,,,,سیم پیچی,,,,,743,2021-07-26,2021-08-04,,,,,False
1737,1,موتور گیربکس,,,,,,سیم پیچی,,,,,744,2021-08-02,2021-08-15,,,,,False
1738,1,الکتروموتورDC,,,,179,1,سیم پیچی,,,,,745,2021-08-05,2021-08-17,,,,,False
1739,1,موتور4KW,,,,,,سیم پیچی,,,,,746,2021-08-06,2021-08-26,,,,,False
1740,1,الکتروموتور90kw ,,,,,,اورهال,,,,,747,2021-08-02,2021-08-11,,,,,False
1741,1,الکتروموتور4kw,,,,,,عودت,,,,,748,2021-08-12,2021-08-12,,,,,False
1742,1,استاتور200kw,,,,00214,8,اورهال,,,,,749,2021-08-20,2022-05-21,,,,,False
1743,1,استاتور200kw,,,,,,اورهال,,,,,750,2021-08-21,2021-09-16,,,,,False
1744,1,استاتور آلستوم,,,,,,سیم پیچی,,,,,751,2021-08-23,2021-10-02,,,,,False
1745,1,دوعدد مگنت,,,,,,سیم پیچی,,,,,752,2021-08-24,2021-08-31,,,,,False
1746,1,الکتروموتور4kw,,,,,,سیم پیچی,,,,,753,2021-08-30,2021-08-31,,,,,False
1747,1,الکتروموتور1/5kw,,,,,,سیم پیچی,,,,,754,2021-08-31,2021-09-05,,,,,False
1748,1,موتور کولر,,,,,,سیم پیچی,,,,,755,2021-08-31,2021-09-16,,,,,False
1749,1,استاتور اکسیژن,,,,,,سیم پیچی,,,,,756,2021-08-31,2021-10-27,,,,,False
1750,1,استاتور اکسیژن,,,,,,اورهال,,,,,757,2021-08-31,2021-10-27,,,,,False
1751,1,مگنت 2عدد,,,,,,سیم پیچی,,,,,758,2021-09-04,2021-09-21,,,,,False
1752,1,موتور سه فاز 0/37 1400دور,,,,,,سیم پیچی,,,,,759,2021-09-01,2021-09-22,,,,,False
1753,1,الکتروموتورDC-KW350,,,,,,سیم پیچی,,,,,760,2021-09-19,2021-10-10,,,,,False
1754,1,آرمیچر4/5تن معدن,,,,,,ساخت,,,,,761,2021-10-12,2021-10-13,,,,,False
1755,1,روتور,,,,,,جوشکاری رتور,,,,,762,2021-09-27,2021-11-17,,,,,False
1756,1,موتور350kw-dc,,,,,,سیم پیچی,,,,,763,2021-09-30,2021-10-10,,,,,False
1757,1,الکتروموتور22kw,,,,,,اورهال,,,,,764,2021-10-05,2021-10-18,,,,,False
1758,1,الکتروموتور22kw,,,,,,سیم پیچی,,,,,765,2021-10-05,2021-10-18,,,,,False
1759,1,قطب رتور اکسیژن,,,,,,سیم پیچی,,,,,766,2021-10-07,2021-10-20,,,,,False
1760,1,استاتور اکسیژن,,,,,,اورهال,,,,,767,2021-10-11,2021-10-23,,,,,False
1761,1,الکترو موتور 11KW,,,,,,سیم پیچی,,,,,768,2021-10-17,2021-10-20,,,,,False
1762,1,ترانس گان هوایی,,,,,,سیم پیچی,,,,,769,2021-10-23,2021-11-17,,,,,False
1763,1,الکتروموتورفرز,,,,,,اورهال,,,,,770,2021-10-25,2021-11-01,,,,,False
1764,1,مگنت,,,,,,سیم پیچی,,,,,771,2021-10-27,2021-11-01,,,,,False
1765,1,الکتروموتور,,,,,,اورهال,,,,,772,2021-10-27,2021-11-01,,,,,False
1766,1,استاتور آلستوم,,,,,,سیم پیچی,,,,,773,2021-11-03,2021-12-07,,,,,False
1767,1,الکترو موتور 5/5 kw,,,,,,سیم پیچی,,,,,774,2021-11-10,2021-11-16,,,,,False
1768,1,الکترو موتور 37 kw,,,,,,سیم پیچی,,,,,775,2021-11-10,2021-11-23,,,,,False
1769,1,الکترو موتور ,,,,,,سیم پیچی,,,,,776,2021-11-14,2021-12-18,,,,,False
1770,1,الکترو موتور 90kw,,,,,,سیم پیچی,,,,,777,2021-11-16,2022-01-17,,,,,False
1771,1,الکترو موتور 110 kw,,,,,,سیم پیچی,,,,,778,2021-11-22,2022-01-15,,,,,False
1772,1,الکترو موتور 110 kw,,,,,,سیم پیچی,,,,,779,2021-11-22,2022-01-15,,,,,False
1773,1,الکترو موتور AC DC,,,,,,سیم پیچی,,,,,780,2021-11-22,2021-12-22,,,,,False
1955,1,ترانس 15 mva,,,,323-322,5,ساخت شینه,,,,,976,2022-10-24,2022-11-20,,,,,False
1956,1,الکتروموتور3 kw,,,,326,5,اورهال,,,,,977,2022-11-14,2022-11-18,,,,,False
17,1,الکتروموتور 315kw,,,,,5,برگشتی,,,,,978,2022-11-15,2023-01-08,,,,,False
18,1,الکتروموتور DC,,,,,,برگشتی,,,,,979,2022-11-16,2022-11-30,,,,,False
1957,1,الکتروموتور 75kw  900دور,,,,330,5,ساخت شفت,ریاحی,,,,980,2022-11-26,2022-12-13,,,,,False
19,1,الکتروموتور 42 kw,,,,,,برگشتی,,,,,981,2022-11-27,2022-12-09,,,,,False
20,1,مگنت,,,,,,برگشتی,,,,,982,2022-11-21,2023-04-18,,,,,False
1958,1,"3عددتابلوبرق-1 عدد ریکتفایر-1عدد 
استپ رینگ و جا زغالی",,,,337-338,5,ساخت,سرکبیری,,,,983,2022-11-28,2023-01-28,,,,,False
1959,1,استاتور 200 kw ,,,,4561,8,اورهال,,,,,984,2022-11-29,2022-12-03,,,,,False
1960,1,روتور تحریک ژنراتور نیروگاه ,,,,3279,8,اورهال,,,,,985,2022-11-28,2023-02-08,,,,,False
1961,1,استاتور تحریک,,,,3279,8,سیم پیچی,,,,,986,2022-08-17,2023-01-28,,,,,False
1962,1,استارت,,,,4974,8,سیم پیچی,بناء,,,,987,2022-12-12,2023-02-08,,,,,False
1963,1,رتور الکتروموتورجرثقیل دماگ,,,,465,5,تعویض رتور بار,علی ریاحی,,,,988,2022-12-14,2024-01-06,,,,,False
1964,1,"استاتور اکسیژن 315kw 6000v
16عدد قطب رتور",,,,4967,8,سیم پیچی,,,,,989,2022-12-20,2023-01-18,,,,,False
1965,1,شینه  نیروگاهی پروژه عراق,,,,4977,8,بازسازی,,,,,990,2022-12-28,2023-01-21,,,,,False
1966,1,الکتروموتور407kw dc  ,,,,333,5,اورهال,بناء,,,,991,2023-01-02,2023-01-23,,,,,False
1967,1,الکتروموتور 75  kw,,,,371-372,5,تغییر دور سیم پیچی,شاکری,,,,992,2023-01-04,2023-07-25,,,,,False
1968,1,الکتروموتور  75 kw,,,,342-343,5,اورهال,,,,,993,2023-01-04,2023-02-09,,,,,False
1969,1,الکتروموتور  30 kw,,,,342-343,5,سیم پیچی,بانوی,,,,994,2023-01-04,2023-02-09,,,,,False
1970,1, الکتروموتور1400دور-5/5کیلو وات,,,,331,5,سیم پیچی,شاکری,,,,995,2023-01-17,2023-01-23,,,,,False
1971,1, الکتروموتور1400دور-5/5کیلو وات,,,,331,5,سیم پیچی,شاکری,,,,996,2023-01-17,2023-01-23,,,,,False
1972,1,200کیلو وات 165 متری,,,,4975,8,سیم پیچی,شاکری,,,,997,2023-01-30,2023-02-06,,,,,False
1973,1,اسلیپ رینگ,,,,4980,8,ساخت,,,,,998,2023-02-05,2023-02-17,,,,,False
1974,1,استارت,,,,4978,8,سیم پیچی,,,,,999,2023-02-06,2023-02-13,,,,,False
1975,1,الکتروموتور 3 کیلووات 2800 دور,,,,,,اورهال,,,,,1000,2023-02-07,2023-02-16,,,,,False
1976,1,ترانس گان هوایی سبز 38/27 kw,,,,340-341,5,سیم پیچی,,,,,1001,2023-01-16,2023-03-13,,,,,False
1977,1,الکتروموتور 5 kw,,,,336,5,سیم پیچی,,,,,1002,2023-02-15,2023-02-25,,,,,False
1978,1,الکتروموتور 5 kw,,,,336,5,سیم پیچی,,,,,1003,2023-02-15,2023-02-25,,,,,False
1979,1,الکتروموتور 5/5  kw,,,,334,5,سیم پیچی,شاکری,,,,1004,2023-02-15,2023-02-21,,,,,False
1980,1, الکتروموتور 75  kw,,,,,,چک بالانس,عودت,,,,1005,2023-02-14,2023-02-17,,,,,False
1981,1,الکتروموتور 5/5 kw,,,,3272,8,سیم پیچی,بانوی,,,,1006,2023-02-16,2023-05-21,,,,,False
1982,1,ترانس گان هوایی,,,,340-341,5,سیم پیچی,,,,,1007,2023-02-19,2023-03-13,,,,,False
1983,1,ترانس گان هوایی 150KVA,,,,340-341,5,سیم پیچی,,,,,1008,2023-02-19,2023-03-13,,,,,False
1984,1,استاتور200kw,,,,344,5,اورهال,شاکری,,,,1009,2023-02-22,2023-03-04,,,,,False
1985,1,استاتور200kw,,,,4987,8,رفع اتصال,,,,,1010,2023-02-22,2023-03-01,,,,,False
1986,1,جرثقیل دماگ,,,,339,5,سیم پیچی,شاکری,,,,1011,2023-02-23,2023-03-04,,,,,False
1987,1,استاتور آلستوم,,,,464,5,سیم پیچی,ناظری پور,,,,1012,2023-02-23,2024-03-17,,,,,False
1988,1,ژنراتور 315kva,,,,356,5,سیم پیچی,,,,,1013,2023-02-23,2023-06-10,,,,,False
1989,1,آرمیچر8 تن,,,,4988,8,بدون خدمات,,,,,1014,2023-01-10,2023-02-09,,,,,False
1990,1,الکتروموتور22kw,,,,362-363,5,رفع عیب روتور,,,,,1015,2023-03-02,2023-06-14,,,,,False
1991,1,الکتروموتور 1/1kw- دور00 28,,,,4991,8,سیم پیچی,,,,,1016,2023-03-04,2023-03-07,,,,,False
1992,1,الکتروموتور 2/2 کیلووات 1400 دور,,,,4993,8,سیم پیچی,,,,,1017,2023-03-05,2023-03-15,,,,,False
1993,1,"استاتور 6000ولت
315 کیلووات",,,,3275,8,اورهال,,,,,1018,2023-03-11,2023-05-29,,,,,False
1994,1,"استاتور 6ولت
315 کیلو وات",,,,3275,8,سیم پیچی,,,,,1019,2023-03-11,2023-05-29,,,,,False
1995,1,ترانس,,,,3275,8,سیم پیچی,,,,,1020,2023-03-11,2023-05-29,,,,,False
1996,1,الکتروموتور 37 kw,,,,346,5,اورهال,,,,,1021,2023-03-11,2023-03-12,,,,,False
1997,1,گان هوایی بزرگ قرمز,,,,341,5,سیم پیچی,,,,,1022,2023-03-13,2023-03-18,,,,,False
1998,1,الکتروموتور160KW,,,,369-370,5,سیم پیچی,,,,,1023,2023-04-05,2023-04-30,,,,,False
1999,1,الکترموتور 154 kw,,,,352,5,سیم پیچی,آقای گرزین,,,,1024,2023-04-05,2023-07-03,,,,,False
2000,1,الکتروموتور 75kw,,,,353,5,سیم پیچی,سرکبیری,,,,1025,2023-04-13,2023-07-03,,,,,False
2001,1,اسلیپ رینگ,,,,3279,8,اورهال,,,,,1026,2023-04-16,2023-04-20,,,,,False
2002,1,الکتروموتور dc,,,,0843,8,اورهال,,,,,1027,2023-04-11,2024-03-11,,,,,False
2003,1,الکتروموتور dc,,,,0843,8,اورهال,شاکری,,,,1028,2023-04-11,2024-03-11,,,,,False
2004,1,الکتروموتور 37kw  دور2800,,,,346,5,اورهال,,,,,1029,2023-04-19,2023-04-24,,,,,False
2005,1,بلبرینگ گرمکن,,,,354,5,سیم پیچی,آقای رحمت اللهی,,,,1030,2023-04-19,2023-07-03,,,,,False
2006,1,ترانس گان هوایی,,,,,,عودت,,,,,1031,2023-05-01,2023-05-10,,,,,False
21,1,الکتروموتور160KW,,,,405-406,5,سیم پیچی,,,,,1032,2023-05-06,2023-05-25,,,,,False
2007,1,آرمیچر  dc لیفتراک,,,,3268,8,اورهال,,,,,1033,2023-05-07,2023-05-10,,,,,False
2008,1,الکتروموتور 155kw,,,,367,5,اورهال,,,,,1034,2023-05-09,2023-07-02,,,,,False
2009,1,الکتروموتور 75kw,,,,347,5,سیم پیچی,ریاحی,,,,1035,2023-05-10,2023-05-17,,,,,False
2010,1,الکتروموتور 37kw,,,,350,5,سیم پیچی,ناظری پور,,,,1036,2023-05-14,2023-05-23,,,,,False
2011,1,جرثقیل بلغار 13kw,,,,358-359,5,سیم پیچی,شاکری,,,,1037,2023-05-16,2023-05-20,,,,,False
2012,1,الکتروموتور 150kw,,,,3277,8,اورهال,,,,,1038,2023-05-18,2023-05-23,,,,,False
2013,1,موتور گیربکس4kw,,,,357,5,اورهال,ریاحی,,,,1039,2023-05-21,2023-06-17,,,,,False
2014,1,الکتروموتور7/5kw,,,,364-365,5,سیم پیچی,شاکری,,,,1040,2023-05-27,2023-06-19,,,,,False
2015,1,ترانس گان هوایی 150KVA,,,,375-376,5,سیم پیچی,,,,,1041,2023-05-29,2023-07-25,,,,,False
2016,1,ترانس تحریک ژنراتور 200 kw,,,,355,5,سیم پیچی,,,,,1042,2023-06-06,2023-06-10,,,,,False
2017,1,جرثقیل بلغار 13kw,,,,360-361,5,سیم پیچی,شاکری,,,,1043,2023-06-10,2023-06-14,,,,,False
2018,1,الکتروموتور 75kw,,,,366,5,رفع اتصال,,,,,1044,2023-06-17,2023-06-20,,,,,False
22,1,الکتروموتور160KW,,,,,,برگشتی,,,,,1045,2023-05-30,2023-06-28,,,,,False
2019,1,الکتروموتور گیربکسی 3kw و الکتروموتور4kw,,,,368,5,سیم پیچی,,,,,1046,2023-06-19,2023-07-02,,,,,False
2020,1,الکتروموتور جرثقیل12/5kw,,,,375-376,5,اورهال,,,,,1047,2023-07-01,2023-07-25,,,,,False
2021,1,استاتور,,,,1289,8,سیم پچی موضعی,بیزه,,,,1048,2023-07-13,2023-07-20,,,,,False
2022,1,الکتروموتور1000kw,,,,402,5,اورهال,شاکری,,,,1049,2023-07-13,2023-10-17,,,,,False
2023,1,کفکش,,,,3286,8,اورهال,,,,,1050,2023-07-18,2023-07-26,,,,,False
2024,1,ترانس گان هوایی,,,,375-376,5,سیم پیچی,بیزه,,,,1051,2023-07-18,2023-07-25,,,,,False
2025,1,ترانس گان هوایی,,,,375-376,5,سیم پیچی,ریاحی,,,,1052,2023-07-18,2023-08-09,,,,,False
2026,1,2عدد قطب استاتور تحریک,,,,3293,8,سیم پیچی,,,,,1053,2023-07-21,2023-07-26,,,,,False
2027,1,الکتروموتور 315kw 2800دور,,,,417,5,تعویض شفت,ریاحی,,,,1054,2023-07-22,2023-10-19,,,,,False
2028,1,روتور الکتروموتور 11kw,,,,,,عودت,,,,,1055,2023-07-22,2023-08-05,,,,,False
2029,1,روتور تحریک اکسیژن 200 kw,,,,3293,8,سیم پیچی,بیزه,,,,1056,2023-07-23,2023-07-26,,,,,False
2030,1,ویبره,,,,377-378,5,سیم پیچی,شاکری ,,,,1057,2023-07-25,2023-08-07,,,,,False
2031,1,ویبره,,,,377-378,5,سیم پیچی,جوان,,,,1058,2023-07-25,2023-08-07,,,,,False
2032,1,الکتروموتور AC,,,,373-374,5,سوخته,جوان,,,,1059,2023-07-25,2023-08-05,,,,,False
2033,1,"الکتروموتور 75 kw
1400دور",,,,390,5,اورهال,,,,,1060,2023-08-06,2023-08-07,,,,,False
2034,1,"الکتروموتور 75 kw
1400دور",,,,390,5,اورهال,,,,,1061,2023-08-06,2023-08-07,,,,,False
2035,1,"الکتروموتور dc 407
1500تا3000 دور",,,,380,5,اورهال,جوان,,,,1062,2023-08-08,2023-10-17,,,,,False
2036,1,"الکتروموتور 110kw
900دور-اسلیپ رینگ دار",,,,,,اورهال,,,,,1063,2023-08-09,,,,,,False
2037,1,آرمیچر 630 kw,,,,601,5, سیم پیچی,جوان,,,,1064,2023-08-09,2024-08-17,,,,,False
2038,1,"الکتروموتور 110kw
730دور-3300ولت",,,,397,5,اورهال و تعویض بلبرینگ,شاکری,,,,1065,2023-08-14,2023-08-17,,,,,False
2039,1,الکتروموتور  DC 110KW,,,,393,5,اورهال و تعویض بلبرینگ, شاکری,,,,1066,2023-08-14,2023-10-14,,,,,False
2040,1,استاتور 315 KW,,,,382,5,سیم پیچی موضعی,ریاحی,,,,1067,2023-08-14,2023-09-10,,,,,False
2041,1,الکتروموتور  dc 362kw,,,,381,5,سیم پیچی,,,,,1068,2023-08-09,2023-08-14,,,,,False
2042,1,الکتروموتور DC 113KW,,,,394,5,اورهال ,ناظری پور,,,,1069,2023-08-17,2023-10-14,,,,,False
2043,1,الکتروموتور DC 308KW,,,,399,5,اورهال,ناظری پور,,,,1070,2023-08-17,2023-10-14,,,,,False
2044,1,الکتروموتور DC 145KW,,,,395,5,اورهال,شاکری,,,,1071,2023-08-17,2023-10-14,,,,,False
2045,1,الکتروموتور DC 106KW,,,,398,5,اورهال,شاکری,,,,1072,2023-08-17,2023-10-14,,,,,False
2046,1,"kwالکتروموتور75
1400دور ",,,,3296,8,اورهال ,شاکری,,,,1073,2023-08-20,2023-08-21,,,,,False
2047,1,"الکتروموتور 2/2kw
1400دور موتوژن",,,,384-385,5,سیم پیچی,ریاحی,,,,1074,2023-08-21,2023-09-12,,,,,False
2048,1,"الکتروموتور 7/5KW
1400دور",,,,384-385,5,سیم پیچی,بیزه,,,,1075,2023-08-21,2023-08-29,,,,,False
2049,1,ترانس گان هوایی سبز 38/27 kw,,,,,,عودت,,,,,1076,2023-08-21,2023-08-29,,,,,False
2050,1,"الکتروموتور 7/5KW
1400دور",,,,3296,8,اورهال,,,,,1077,2023-08-21,2023-08-22,,,,,False
2051,1,الکتروموتور 315-990 دور KW,,,,403,5,تعویض شفت + سیم پیچی,بیزه,,,,1078,2023-08-22,2023-10-15,,,,,False
2052,1,الکتروموتور 5500 KW,,,,458-459-460,5,اورهال,,,,اورهال در محل در اسفند 1402,1079,2023-08-22,2023-09-05,,,,,False
2053,1,الکتروموتور 3kw 1400دور,,,,386-387,5,سیم پیچی,ریاحی,,,,1080,2023-08-29,2023-09-12,,,,,False
2054,1,"الکتروموتور 1410kw
10-650دور",,,,396,5,اورهال,جوان,,,,1081,2023-08-30,2023-10-14,,,,,False
2055,1,"ژنراتور اصلی و کمکی
هیتاچی",,,,389,5,اورهال,جوان,,,,1082,2023-08-31,2023-09-24,,,,,False
2056,1,گان هوایی مشکی 150kav,,,,391-392,5,سیم پیچی,,,,,1083,2023-09-12,2023-10-11,,,,,False
2057,1,الکتروموتور 30KW 2800دور,,,,383,5,سیم پیچی, بیزه,,,,1084,2023-09-12,2023-09-18,,,,,False
2058,1,الکتروموتور22kw 1400دور,,,,408,5,اورهال,ریاحی,,,,1085,2023-09-21,2023-09-23,,,,,False
2059,1,پمپ کمپروسر,,,,388,5,سیم پیچی,ریاحی,,,,1086,2023-09-26,2023-09-30,,,,,False
2060,1,الکتروموتور160kw AC 1500 دور,,,,401,5,سیم پیچی,مستخدمی,,,,1087,2023-09-29,2023-10-11,,,,,False
2061,1,"الکتروموتور110kw
1500دور",,,,404,5,سیم پیچی کامل,ریاحی,,,,1088,2023-10-06,2023-10-26,,,,,False
2062,1,"الکتروموتور گیربکس3 kw
1480 دور",,,,409,5,سیم پیچی کامل, شاکری,,,,1089,2023-10-09,2023-10-18,,,,,False
2063,1,گان هوایی مشکی 150kav,,,,411-412,5,سیم پیچی,ریاحی,,,,1090,2023-10-11,2023-10-13,,,,,False
23,1,گان هوایی مشکی 150kva,,,,,,برگشتی,,,,,1091,2023-10-14,2023-10-30,,,,,False
24,1,گان هوایی مشکی150kva,,,,,,برگشتی,,,,,1092,2023-10-14,2023-11-01,,,,,False
2064,1,گان  هوایی 150 kva,,,,415-416,5,سیم پیچی,,,,,1093,2023-10-14,2023-11-15,,,,,False
2065,1,استاتور اکسیژن 165kw,,,,407,5,سیم پیچی,شاکری,,,,1094,2023-10-15,2023-11-04,,,,,False
2066,1,استاتور اکسیژن  165kw,,,,407,5,اورهال,مستخدمی,,,,1095,2023-10-15,2023-11-04,,,,,False
2067,1,گان هوایی سبز,,,,,,عودت,,,,,1096,2023-10-23,2023-10-24,,,,,False
2068,1,الکتروموتور315kw,,,,"417-418
475-476",5,سیم پیچی,شاکری,,,,1097,2023-10-23,2024-04-28,,,,,False
2069,1,الکترو موتور1000kw,,,48575,425,5,سرویس اورهال,,,,,1098,2023-10-24,2023-11-29,,,,,False
2070,1,اکسیژن 200kw,,,,,,عودت,,,,,1099,2023-10-25,2023-11-05,,,,,False
2071,1,اکسیژن 200kw,,,,0806,8,سرویس اورهال,,,,,1100,2023-10-25,2023-11-05,,,,,False
2072,1,الکترو موتور 5/5 تن,,,48589,430-431,5,سیم پیچی,گرزین,,,,1101,2023-10-28,2024-01-01,,,,,False
2073,1,گان هوایی100kva,,,,413-414,5,سیم پیچی,,,,,1102,2023-10-29,2023-11-02,,,,,False
2074,1,آرمیچر 5/5 تن,,,,438,5,سیم پیچی,گرزین,,,,1103,2023-11-04,2024-01-14,,,,,False
2075,1,الکتروموتور7/5kw,,,48576,410,5,سیم پیچی کامل,,,,,1104,2023-11-07,2023-11-29,,,,,False
2076,1,الکتروموتور413kw DC,,,,419-420,5,سرویس اورهال,شاکری,,,,1105,2023-11-18,2023-11-27,,,,,False
2077,1,الکتروموتور 407KWDC,,,,422,5,سرویس اورهال,ناظری پور,,,,1106,2023-11-18,2023-11-28,,,,,False
2078,1,الکتروموتور 1250KW,,,,424,5,سرویس اورهال,مستخدمی,,,,1107,2023-11-18,2023-11-28,,,,,False
2079,1,کف کش 7.5KW,,,,453,5,سیم پیچی کامل,شاکری,,,,1108,2023-11-18,2023-11-18,,,,,False
2080,1,ترانس تحریک اکسیژن,,,48581,809,8,سرویس اورهال,شاکری,,,,1109,2023-11-20,2023-12-14,,,,,False
2081,1,ترانس تحریک اکسیژن,,,48581,809,8,سرویس اورهال,شاکری,,,,1110,2023-11-20,2023-12-14,,,,,False
2082,1,ترانس تحریک اکسیژن,,,48581,809,5,سرویس اورهال,شاکری,,,,1111,2023-11-20,2023-12-14,,,,,False
2083,1,الکتروموتور 680kw DC,,,,423,5,سرویس اورهال,جوان,,,,1112,2023-11-23,2023-11-28,,,,,False
2084,1,الکتروموتور 200kw DC,,,,421,5,سرویس اورهال,ریاحی,,,,1113,2023-11-23,2023-11-28,,,,,False
2085,1,الکتروموتور160KW,,,48582,427-428,5,سیم پیچی,بیزهء,,,,1114,2023-11-22,2023-12-16,,,,,False
2086,1,آرمیچر800KW DC,,,,,,سیم پیچی,مستخدمی,,,,1115,2023-11-27,2024-04-18,,,,,False
2087,1,آرمیچر800KW DC,,,,,,سیم پیچی,مستخدمی,,,,1116,2023-11-27,2024-04-18,,,,,False
2088,1,جرثقیل دماگ 12/5kw,,,48591,455-454,5,سرویس اورهال,شاکری,,,,1117,2023-12-02,2024-02-04,,,,,False
2089,1,جرثقیل دماگ  4kw,,,,429,5,سیم پیچی,شاکری,,,,1118,2023-12-03,2023-12-23,,,,,False
2090,1,تعداد 53قطب رتورالکتروموتور315kw,,,415805,839-840,8,سیم پیچی,بیزهء,,,فاکتور 474,1119,2023-11-27,2025-04-09,,,,,False
2091,1,ترانس1600kva,,,,426,5,اورهال,,,,انجام کار توسط علی اسکندر نژاد,1120,2023-12-09,2023-12-16,,,,,False
2092,1,الکتروموتور308kw,,,48587,,,,ناظری پور,,,,1121,2023-12-19,2023-12-27,,,,,False
25,1,مگنت گرم,,,48592,,,برگشتی,گرزین,,,,1122,2023-12-23,2024-01-13,,,,,False
2093,1,"الکتروموتور38kwو1450دور
5.6kwو215دور",,,,441,5,سیم پیچی فشار ضعیف,شاکری,,,,1123,2023-12-24,2024-01-22,,,,,False
2095,1,استاتور315kw,,,48593,,,سرویس اورهال,ریاحی,,,,1124,2023-12-25,2024-01-13,,,,,False
2094,1,روتور 200kw,,,,0823,8,سرویس اورهال,ریاحی,,,,1125,2023-12-25,2024-02-28,,,,,False
2096,1,سروو موتور,,,,,,سیم پیچی فشار ضعیف,جوان,,,عدم تایید کارفرما,1126,2023-12-26,2024-01-30,,,,,False
2097,1,سروو موتور2آمپرdc-مدلpk268-E2.0A,,,,,,سرویس اورهال,رحمت اللهی,,,عدم تایید کارفرما,1127,2023-12-26,2024-01-30,,,,,False
2098,1,الکتروموتور75kw,,,,440,5,سیم پیچی فشار ضعیف,بیزهء,,,,1128,2023-12-28,2024-01-16,,,,,False
2099,1,الکتروموتور75kw,,,,432,5,اورهال,بیزهء,,,,1129,2023-12-28,2024-01-01,,,,,False
2100,1,الکتروموتورفاز پمپ آب ,,,,432,5,اورهال,بیزهء,,,,1130,2023-12-28,2024-01-01,,,,,False
2101,1,ترانس رکتی فایر (دستگاه جوش),,,48595,444-445,5,ساخت,ریاحی,,,,1131,2024-01-09,2024-01-19,,,,,False
2102,1,ترانس رکتی فایر (دستگاه جوش),,,48595,444-445,5,ساخت,ریاحی,,,,1132,2024-01-09,2024-01-19,,,,,False
2103,1,ترانس رکتی فایر (دستگاه جوش),,,48595,444-445,5,ساخت,ریاحی,,,,1133,2024-01-09,2024-01-19,,,,,False
2104,1,الکتروموتور5/5 تن,,,48599,450-451,5,اورهال,مستخدمی,,,,1134,2024-01-01,2024-02-06,,,,,False
2105,1,الکتروموتور 30kw-دور 950,,,48596,442-443,5,سیم پیچی,گرزین,,,,1135,2024-01-16,2024-01-22,,,,,False
2106,1,الکتروموتور2/2KW,,,,0816,8,سیم پیچی,ریاحی,,,,1136,2024-01-21,2024-01-27,,,,,False
2107,1,مگنت,,,,446-447,5,سیم پیچی,گرزین,,,,1137,2024-01-22,2024-01-29,,,,,False
2108,1,مگنت,,,,446-447,5,سیم پیچی,گرزین,,,,1138,2024-01-22,2024-01-29,,,,,False
2109,1,مگنت,,,,446-447,5,سیم پیچی,گرزین,,,,1139,2024-01-22,2024-01-29,,,,,False
2110,1,"الکتروموتور 91kw
2440دور",,,,820,8,اورهال,گرزین,,,,1140,2024-01-25,2024-01-30,,,,,False
2111,1,استاتور آلستوم,,,,536,5,سیم پیچی,بیزهء,,,,1141,2024-01-27,2024-10-16,,,,,False
2112,1,استاتور آلستوم,,,,464,5,سیم پیچی,ریاحی,,,,1142,2024-01-27,2024-03-17,,,,,False
2113,1,الکتروموتور 45KW,,,,449,5,اورهال,رحمت اللهی,,,,1143,2024-01-28,2024-01-28,,,,,False
2114,1,موتورگیربکسی 3KW,,,,448,5,سیم پیچی,شاکری,,,,1144,2024-01-28,2024-02-18,,,,,False
2115,1,الکتروموتور4.5تن,,,,532-533,5,سیم پیچی,مستخدمی,,,,1145,2024-02-05,2024-10-10,,,,,False
2116,1,الکتروموتور4.5تن,,,,456-457,5,سیم پیچی,مستخدمی,,,,1146,2024-02-05,2024-03-04,,,,,False
2117,1,الکتروموتور4.5تن,,,,456-457,5,سیم پیچی,مستخدمی,,,,1147,2024-02-05,2024-03-04,,,,,False
2118,1,"الکتروموتور7.5kw
ولتاژ380 ولت مثلث 
جریان15.5آمپر",,,,452,5,سیم پیچی,رحمت اللهی,,,,1148,2024-02-05,2024-02-13,,,,,False
2119,1,نوردسیم وکپتون,,,,,,,,,,,1149,2024-02-10,2024-02-12,,,,,False
2120,1,"الکتروموتور1250-1676کیلووات
ولتاژ 380-2591آمپر",,,,485,5,سیم پیچی,جوان,,,,1150,2024-02-16,2024-06-01,,,,,False
2121,1,"الکتروموتور 1.5کیلووات 1400دور
380ولت",,,,0823,8,سیم پیچی,رحمت اللهی,,,,1151,2024-02-17,2024-03-03,,,,,False
2122,1,کلید اتومات,,,,470,5,,,,,,1152,2024-02-13,2024-02-20,,,,,False
2123,1,الکتروموتور 90kw,,,,0824,8,سیم پیپی,ریاحی,,,,1153,2024-02-28,2024-03-09,,,,,False
2124,1,الکتروموتور شراک,,,,462-466,5,سیم پیچی,رحمت اللهی,,,,1154,2024-02-28,2024-04-04,,,,,False
2125,1,الکتروموتور 75kw,,,,0822,8,,,,,,1155,2024-03-01,2024-03-01,,,,,False
2126,1,الکتروموتور 75kw,,,,0822,8,,,,,,1156,2024-03-01,2024-03-01,,,,,False
2127,1,الکتروموتور 1.5 kw,,,,826,8,سیم پیچی,شاکری,,,,1157,2024-03-03,2024-03-18,,,,,False
2128,1,الکتروموتور 4.5 تن,,,,500-501,5,سیم پیچی,ریاحی,,,,1158,2024-03-04,2024-06-30,,,,,False
2129,1,الکتروموتور 4.5 تن,,,,500-501,5,سیم پیچی,جوان,,,,1159,2024-03-04,2024-06-30,,,,,False
2130,1,الکتروموتور 4.5 تن,,,,494-495,5,سیم پیچی,ریاحی,,,,1160,2024-03-04,2024-06-08,,,,,False
2131,1,الکتروموتور 4.5 تن,,,,494-495,5,سیم پیچی,ریاحی,,,,1161,2024-03-04,2024-06-08,,,,,False
2132,1,آرمیچر 5.5 تن,,,,650-650,5,سیم پیچی,ریاحی,,,,1162,2024-03-04,2025-05-20,,,,,False
2133,1,"ترانس v6000-11000
2000KVA",,,415821,473,5,اورهال -رفع اتصال,ناظری پور,,,فاکتور473 باطل شد,1163,2024-03-02,2023-05-02,,,,,False
2134,1,ترانس 182 577A,,,415821,2770,8,اورهال,ناظری پور,,,,1164,2024-03-02,2023-05-02,,,,,False
2135,1,مگنت,,,,510,5,سیم پیچی,جوان,,,,1165,2024-03-11,2024-08-07,,,,,False
2136,1,مگنت,,,,510,5,سیم پیچی,جوان,,,,1166,2024-03-11,2024-08-07,,,,,False
2137,1,الکتروموتورdc 407kw,,,,461,5,اورهال,جوان,,,,1167,2024-03-11,2024-03-18,,,,,False
2138,1,"استاتور 30kw
1470دور",,,,468-469,5,سیم پیچی,آقای گرزین,,,,1168,2024-03-12,2024-04-07,,,,,False
2139,1,"استاتور 30kw
1470دور",,,,477-478,5,سیم پیچی,آقای گرزین,,,,1169,2024-03-12,2024-04-07,,,,,False
2140,1,"استاتور 30kw
1470دور",,,,479-480,5,سیم پیچی,آقای گرزین,,,,1170,2024-03-12,2024-04-07,,,,,False
1195,1,ژنراتور 18KW,,,,,,سیم پیچی,,,,,196,2018-12-24,2018-12-23,,,,,False
1196,1,ژنراتور 18KW,,,,,,سیم پیچی,,,,,197,2018-12-24,2018-12-24,,,,,False
1197,1,ژنراتور 20KW,,,,,,سیم پیچی,,,,,198,2018-12-29,2018-12-25,,,,,False
1198,1,ژنراتور 20KW,,,,,,سیم پیچی,,,,,199,2018-12-29,2018-12-26,,,,,False
1199,1,ژنراتور 20KW,,,,,,سیم پیچی,,,,,200,2018-12-29,2018-12-27,,,,,False
1200,1,استاتور سیم لاکی 200KW,,,,,,اورهال,,,,,201,2019-01-06,2019-01-22,,,,,False
1201,1,استاتور  200KW,,,,,,اورهال,,,,,202,2019-01-06,2019-01-22,,,,,False
1202,1,ژنراتور 20KW,,,,,,سیم پیچی,,,,,203,2019-01-15,2019-01-23,,,,,False
1203,1,ژنراتور 20KW,,,,,,سیم پیچی,,,,,204,2019-01-15,2019-01-24,,,,,False
1204,1,ژنراتور 20KW,,,,,,سیم پیچی,,,,,205,2019-01-15,2019-01-25,,,,,False
1205,1,ژنراتور 20KW,,,,,,سیم پیچی,,,,,206,2019-01-15,2019-01-26,,,,,False
1206,1,ژنراتور 20KW,,,,,,سیم پیچی,,,,,207,2019-01-15,2019-01-27,,,,,False
1207,1,ژنراتور 20KW,,,,,,سیم پیچی,,,,,208,2019-01-15,2019-01-28,,,,,False
1208,1,ژنراتور 18KW,,,,,,سیم پیچی,,,,,209,2019-01-17,2019-01-29,,,,,False
1209,1,ژنراتور 18KW,,,,,,سیم پیچی,,,,,210,2019-01-17,2019-01-30,,,,,False
1210,1,ژنراتور 20KW,,,,,,سیم پیچی,,,,,211,2019-01-17,2019-01-31,,,,,False
1211,1,ژنراتور 20KW,,,,,,سیم پیچی,,,,,212,2019-01-17,2019-02-01,,,,,False
1212,1,ژنراتور 20KW,,,,,,سیم پیچی,,,,,213,2019-01-17,2019-02-02,,,,,False
1213,1,ژنراتور 20KW,,,,,,سیم پیچی,,,,,214,2019-01-17,2019-02-03,,,,,False
1214,1,ژنراتور 20KW,,,,,,سیم پیچی,,,,,215,2019-01-17,2019-02-04,,,,,False
1215,1,ژنراتور 20KW,,,,,,سیم پیچی,,,,,216,2019-01-17,2019-02-05,,,,,False
1216,1,ژنراتور 18KW,,,,,,سیم پیچی,,,,,217,2019-01-30,2019-02-06,,,,,False
1217,1,ژنراتور 20KW,,,,,,سیم پیچی,,,,,218,2019-01-30,2019-02-07,,,,,False
1218,1,ژنراتور 20KW,,,,,,سیم پیچی,,,,,219,2019-01-30,2019-02-08,,,,,False
1219,1,ژنراتور 20KW,,,,,,سیم پیچی,,,,,220,2019-01-30,2019-02-09,,,,,False
1220,1,ژنراتور 20KW,,,,,,سیم پیچی,,,,,221,2019-01-30,2019-02-10,,,,,False
1221,1,ژنراتور 20KW,,,,,,سیم پیچی,,,,,222,2019-01-30,2019-02-11,,,,,False
1222,1,ژنراتور 20KW,,,,,,سیم پیچی,,,,,223,2019-01-30,2019-02-12,,,,,False
1223,1,استاتور 200KW,,,,,,اورهال,,,,,224,2019-01-30,2019-02-19,,,,,False
1224,1,ژنراتور 18KW,,,,,,سیم پیچی,,,,,225,2019-02-12,2019-08-16,,,,,False
1225,1,ژنراتور 20KW,,,,,,سیم پیچی,,,,,226,2019-02-12,2019-08-16,,,,,False
1226,1,ژنراتور 18KW,,,,,,سیم پیچی,,,,,227,2019-02-12,2019-08-16,,,,,False
1227,1,ژنراتور 20KW,,,,,,سیم پیچی,,,,,228,2019-02-12,2019-08-16,,,,,False
1228,1,ژنراتور 20KW,,,,,,سیم پیچی,,,,,229,2019-02-12,2019-08-16,,,,,False
1229,1,ژنراتور 20KW,,,,,,سیم پیچی,,,,,230,2019-02-12,2019-08-16,,,,,False
1230,1,ژنراتور 18KW,,,,,,سیم پیچی,,,,,231,2019-02-14,2019-08-16,,,,,False
1231,1,ژنراتور 18KW,,,,,,سیم پیچی,,,,,232,2019-02-14,2019-08-16,,,,,False
1232,1,استاتور 165 متری 200KW,,,,,,سیم پیچی موضعی,,,,,233,2019-03-14,2019-03-18,,,,,False
1233,1,استاتور 165 متری 200KW,,,,,,اورهال,,,,,234,2019-03-14,2019-03-15,,,,,False
1234,1,استاتور 165 متری 200KW,,,,,,اورهال,,,,,235,2019-03-30,2019-04-18,,,,,False
1235,1,ژنراتور 20KW,,,,,,سیم پیچی,,,,,236,2019-03-31,2019-08-16,,,,,False
1236,1,ژنراتور 20KW,,,,,,سیم پیچی,,,,,237,2019-03-31,2019-08-16,,,,,False
1237,1,ژنراتور 18KW,,,,,,سیم پیچی,,,,,238,2019-03-31,2019-08-16,,,,,False
1238,1,استاتور 100HP 380V,,,,,,سیم پیچی,,,,,239,2019-04-25,2019-06-02,,,,,False
1239,1,آرمیچر DC,,,,,,عودت,,,,,240,2019-04-28,2019-05-23,,,,,False
1240,1,ژنراتور 20KW,,,,,,سیم پیچی,,,,,241,2019-04-28,2019-08-16,,,,,False
1241,1,ژنراتور 20KW,,,,,,سیم پیچی,,,,,242,2019-04-28,2019-08-16,,,,,False
1242,1,ژنراتور 20KW,,,,,,سیم پیچی,,,,,243,2019-04-28,2019-08-16,,,,,False
1243,1,ژنراتور 20KW,,,,,,سیم پیچی,,,,,244,2019-04-28,2019-08-16,,,,,False
1244,1,ژنراتور 18KW,,,,,,سیم پیچی,,,,,245,2019-04-28,2019-08-16,,,,,False
1245,1,ژنراتور 18KW,,,,,,سیم پیچی,,,,,246,2019-04-28,2019-08-16,,,,,False
1246,1,ژنراتور 18KW,,,,,,سیم پیچی,,,,,247,2019-04-28,2019-08-16,,,,,False
1247,1,استاتور 250KW,,,,,,سیم پیچی,,,,,248,2019-05-07,2019-08-26,,,,,False
1248,1,فن 28W 0/14A 220V,,,,,,سیم پیچی,,,,,249,2019-05-16,2019-06-20,,,,,False
1249,1,فن 28W 0/14A 220V,,,,,,سیم پیچی,,,,,250,2019-05-16,2019-06-20,,,,,False
1250,1,فن 28W 0/14A 220V,,,,,,سیم پیچی,,,,,251,2019-05-16,2019-06-20,,,,,False
1251,1,فن 28W 0/14A 220V,,,,,,سیم پیچی,,,,,252,2019-05-16,2019-06-20,,,,,False
1252,1,فن 60W 0/35A 220V,,,,,,سیم پیچی,,,,,253,2019-05-16,2019-06-20,,,,,False
1253,1,فن 60W 0/35A 220V,,,,,,سیم پیچی,,,,,254,2019-05-16,2019-06-20,,,,,False
1254,1,فن 60W 0/35A 220V,,,,,,سیم پیچی,,,,,255,2019-05-16,2019-06-20,,,,,False
1255,1,فن 60W 0/35A 220V,,,,,,سیم پیچی,,,,,256,2019-05-16,2019-06-20,,,,,False
1256,1,فن 60W 0/35A 220V,,,,,,سیم پیچی,,,,,257,2019-05-16,2019-06-20,,,,,False
1257,1,فن 60W 0/35A 220V,,,,,,سیم پیچی,,,,,258,2019-05-16,2019-06-20,,,,,False
1258,1,فن 60W 0/35A 220V,,,,,,سیم پیچی,,,,,259,2019-05-16,2019-06-20,,,,,False
1259,1,فن 60W 0/35A 220V,,,,,,سیم پیچی,,,,,260,2019-05-16,2019-06-20,,,,,False
1260,1,فن 60W 0/35A 220V,,,,,,سیم پیچی,,,,,261,2019-05-16,2019-06-20,,,,,False
1261,1,فن 60W 0/35A 220V,,,,,,سیم پیچی,,,,,262,2019-05-16,2019-06-20,,,,,False
1262,1,الکتروموتور DC,,,,,,سیم پیچی,,,,,263,2019-05-18,2019-06-30,,,,,False
1263,1,آرمیچر تردمیل,,,,,,سیم پیچی,,,,,264,2019-05-19,2019-07-01,,,,,False
1264,1,آرمیچر DC,,,,,,سیم پیچی,,,,,265,2019-05-23,2019-07-11,,,,,False
1265,1,الکتروموتور 630KW DC,,,,,,اورهال,,,,,266,2019-05-29,2019-06-03,,,,,False
1266,1,استاتور 165KW,,,,,,سیم پیچی,,,,,267,2019-06-03,2019-08-01,,,,,False
1267,1,الکتروموتور 40KW DC,,,,,,اورهال,,,,,268,2019-06-16,2019-06-30,,,,,False
1268,1,موتور جوش ,,,,,,اورهال,,,,,269,2019-06-17,2019-06-26,,,,,False
1269,1,موتور 200KW اکسیژن,,,,,,اورهال,,,,,270,2019-06-22,2019-07-06,,,,,False
1270,1,موتور 200KW اکسیژن,,,,,,اورهال,,,,,271,2019-06-22,2021-07-17,,,,,False
1271,1,ژنراتور 20KW,,,,,,سیم پیچی,,,,,272,2019-06-27,2019-08-16,,,,,False
1272,1,ژنراتور 20KW,,,,,,سیم پیچی,,,,,273,2019-06-27,2019-08-16,,,,,False
1273,1,ژنراتور 20KW,,,,,,سیم پیچی,,,,,274,2019-06-27,2019-08-16,,,,,False
1274,1,الکتروموتور 22KW,,,,,,سیم پیچی,,,,,275,2019-06-29,2019-07-03,,,,,False
1275,1,ژنراتور 18KW,,,,,,سیم پیچی,,,,,276,2019-06-30,2019-08-16,,,,,False
1276,1,ژنراتور 20KW,,,,,,سیم پیچی,,,,,277,2019-06-30,2019-08-16,,,,,False
1277,1,ژنراتور 18KW,,,,,,سیم پیچی,,,,,278,2019-06-30,2019-08-16,,,,,False
1278,1,ژنراتور 20KW,,,,,,سیم پیچی,,,,,279,2019-06-30,2019-08-16,,,,,False
1279,1,ژنراتور 20KW,,,,,,سیم پیچی,,,,,280,2019-06-30,2019-08-16,,,,,False
1280,1,ژنراتور 20KW,,,,,,سیم پیچی,,,,,281,2019-06-30,2019-08-16,,,,,False
1281,1,ژنراتور 20KW,,,,,,سیم پیچی,,,,,282,2019-06-30,2019-08-16,,,,,False
1282,1,ژنراتور 20KW,,,,,,سیم پیچی,,,,,283,2019-07-02,2019-08-16,,,,,False
1283,1,ژنراتور 20KW,,,,,,سیم پیچی,,,,,284,2019-07-02,2019-08-16,,,,,False
1284,1,ژنراتور 20KW,,,,,,سیم پیچی,,,,,285,2019-07-02,2019-08-16,,,,,False
1285,1,ژنراتور 20KW,,,,,,سیم پیچی,,,,,286,2019-07-02,2019-08-16,,,,,False
1286,1,ژنراتور 18KW,,,,,,سیم پیچی,,,,,287,2019-07-02,2019-08-16,,,,,False
1287,1,ژنراتور 18KW,,,,,,سیم پیچی,,,,,288,2019-07-02,2019-08-16,,,,,False
1288,1,ژنراتور 18KW,,,,,,سیم پیچی,,,,,289,2019-07-02,2019-08-16,,,,,False
1289,1,الکتروموتور 37KW,,,,,,سیم پیچی,,,,,290,2019-07-03,2019-07-09,,,,,False
1290,1,آرمیچر پمپ سوخت,,,,,,سیم پیچی,,,,,291,2019-07-08,2019-09-05,,,,,False
1291,1,آرمیچر پمپ سوخت,,,,,,سیم پیچی,,,,,292,2019-07-08,2019-09-05,,,,,False
1292,1,آرمیچر فن اواپراتور,,,,,,سیم پیچی,,,,,293,2019-07-08,2019-09-05,,,,,False
1293,1,آرمیچر فن کندانسور,,,,,,سیم پیچی,,,,,294,2019-07-08,2019-09-05,,,,,False
1294,1,آرمیچر کمکی همراه ژنراتور,,,,,,سیم پیچی,,,,,295,2019-07-08,2019-09-19,,,,,False
1295,1,بوبین آبی رنگ 1 عدد,,,,,,عودت,,,,,296,2019-07-08,2021-04-23,,,,,False
1296,1,بوبین آب رنگ 3 عدد,,,,,,عودت,,,,,297,2019-07-08,2021-04-23,,,,,False
1297,1,الکتروموتور 75KW,,,,,,اورهال,,,,,298,2019-07-11,2019-07-14,,,,,False
1298,1,الکتروموتور 75KW,,,,,,اورهال,,,,,299,2019-07-11,2019-07-14,,,,,False
1299,1,الکتروموتور 7/5KW,,,,,,سیم پیچی,,,,,300,2019-07-12,2019-07-14,,,,,False
1300,1,الکتروموتور 6KW,,,,,,اورهال,,,,,301,2019-07-15,2019-08-24,,,,,False
1301,1,الکتروموتور جرثقیل 4/5 تن,,,,,,سیم پیچی,,,,,302,2019-07-15,2019-08-24,,,,,False
1302,1,الکتروموتور جرثقیل 4/5 تن,,,,,,سیم پیچی,,,,,303,2019-07-15,2019-08-24,,,,,False
1303,1,الکتروموتور جرثقیل 8 تن,,,,,,سیم پیچی,,,,,304,2019-07-15,2019-12-26,,,,,False
1304,1,الکتروموتور جرثقیل 8 تن,,,,,,سیم پیچی,,,,,305,2019-07-15,2019-12-26,,,,,False
1305,1,الکتروموتور 45KW,,,,,,سیم پیچی,,,,,306,2019-07-18,2019-09-19,,,,,False
1306,1,الکتروموتور 45KW,,,,,,سیم پیچی,,,,,307,2019-07-18,2019-09-19,,,,,False
1307,1,استاتور آلستوم,,,,,,سیم پیچی,,,,,308,2019-07-19,2019-08-27,,,,,False
1308,1,ژنراتور 18KW,,,,,,سیم پیچی,,,,,309,2019-07-22,2019-08-16,,,,,False
1309,1,ژنراتور 20KW,,,,,,سیم پیچی,,,,,310,2019-07-22,2019-08-16,,,,,False
1310,1,ژنراتور 18KW,,,,,,سیم پیچی,,,,,311,2019-07-22,2019-08-16,,,,,False
1311,1,ژنراتور 20KW,,,,,,سیم پیچی,,,,,312,2019-07-22,2019-08-16,,,,,False
1312,1,ژنراتور 20KW,,,,,,سیم پیچی,,,,,313,2019-07-25,2019-08-16,,,,,False
1313,1,ژنراتور 20KW,,,,,,سیم پیچی,,,,,314,2019-07-25,2019-08-16,,,,,False
1314,1,ژنراتور 20KW,,,,,,سیم پیچی,,,,,315,2019-07-25,2019-08-16,,,,,False
1315,1,ژنراتور 18KW,,,,,,سیم پیچی,,,,,316,2019-08-04,2019-08-16,,,,,False
1316,1,ژنراتور 18KW,,,,,,سیم پیچی,,,,,317,2019-08-04,2019-08-16,,,,,False
1317,1,ژنراتور 18KW,,,,,,سیم پیچی,,,,,318,2019-08-04,2019-08-16,,,,,False
1318,1,ژنراتور 20KW,,,,,,سیم پیچی,,,,,319,2019-08-04,2019-08-16,,,,,False
1319,1,ترانس 50KVA,,,,,,اورهال,,,,,320,2019-08-28,2019-12-30,,,,,False
1320,1,ترانس 50KVA,,,,,,اورهال,,,,,321,2019-08-28,2019-12-30,,,,,False
1321,1,ترانس 50KVA,,,,,,اورهال,,,,,322,2019-08-28,2020-12-29,,,,,False
1322,1,ترانس 100KVA,,,,,,سیم پیچی,,,,,323,2019-08-28,2019-12-30,,,,,False
1323,1,الکتروموتور 30KW DC,,,,,,سیم پیچی,,,,,324,2019-09-11,2019-11-11,,,,,False
1324,1,الکتروموتور ABB 250KW,,,,,,اورهال,,,,,325,2019-09-16,2019-09-18,,,,,False
1325,1,الکتروموتور ABB 250KW,,,,,,سیم پیچی,,,,,326,2019-09-16,2020-05-19,,,,,False
1326,1,آرمیچر 18KW,,,,,,سیم پیچی,,,,,327,2019-09-17,2020-01-18,,,,,False
1327,1,قطب رتور کمکی,,,,,,سیم پیچی,,,,,328,2019-09-17,2019-12-24,,,,,False
1328,1,قطب رتور کمکی,,,,,,سیم پیچی,,,,,329,2019-09-17,2019-10-17,,,,,False
1329,1,قطب رتور کمکی,,,,,,سیم پیچی,,,,,330,2019-09-17,2019-10-17,,,,,False
1330,1,قطب رتور کمکی,,,,,,سیم پیچی,,,,,331,2019-09-17,2019-12-24,,,,,False
1331,1,قطب رتور کمکی,,,,,,سیم پیچی,,,,,332,2019-09-17,2019-11-16,,,,,False
1332,1,قطب رتور اصلی,,,,,,سیم پیچی,,,,,333,2019-09-17,2019-11-16,,,,,False
1333,1,قطب رتور اصلی,,,,,,سیم پیچی,,,,,334,2019-09-17,2022-02-19,,,,,False
1334,1,استاتور فن آب,,,,,,سیم پیچی,,,,,335,2019-09-17,2019-10-17,,,,,False
1335,1,استاتور فن آب,,,,,,سیم پیچی,,,,,336,2019-09-17,2019-10-17,,,,,False
1336,1,استاتور فن آب,,,,,,سیم پیچی,,,,,337,2019-09-17,2019-10-17,,,,,False
1337,1,الکتروموتور 315KW,,,,,,اورهال,,,,,338,2019-10-06,2019-10-07,,,,,False
1338,1,دستگاه جوش CO2,,,,,,اورهال,,,,,339,2019-10-06,2019-11-16,,,,,False
1339,1,دینام جوش,,,,,,اورهال,,,,,340,2019-10-06,2019-11-16,,,,,False
1340,1,استاتور,,,,,,اورهال,,,,,341,2019-10-06,2019-10-09,,,,,False
1341,1,قطب اصلی,,,,,,سیم پیچی,,,,,342,2019-10-06,2022-02-19,,,,,False
1342,1,استاتور فن آّب,,,,,,سیم پیچی,,,,,343,2019-10-18,2019-10-28,,,,,False
1343,1,استاتور فن آّب,,,,,,سیم پیچی,,,,,344,2019-10-18,2019-10-28,,,,,False
1344,1,استاتور فن آّب,,,,,,سیم پیچی,,,,,345,2019-10-18,2019-10-28,,,,,False
1345,1,استاتور فن آّب,,,,,,سیم پیچی,,,,,346,2019-10-18,2019-10-28,,,,,False
1346,1,استاتور فن آّب,,,,,,سیم پیچی,,,,,347,2019-10-18,2019-10-28,,,,,False
1347,1,آرمیچر 4/5 تن,,,,,,سیم پیچی,,,,,348,2019-10-18,2019-10-31,,,,,False
1348,1,آرمیچر 4/5 تن,,,,,,سیم پیچی,,,,,349,2019-10-18,2019-11-20,,,,,False
1349,1,آرمیچر,,,,,,سیم پیچی,,,,,350,2019-10-22,2019-12-11,,,,,False
1350,1,استاتور اصلی و تحریک AR10,,,,,,سیم پیچی,,,,,351,2019-10-23,2019-11-16,,,,,False
1351,1,استاتور AC315KW,,,,,,اورهال,,,,,352,2019-10-25,2019-10-26,,,,,False
1352,1,آرمیچر 4/5 تن,,,,,,سیم پیچی,,,,,353,2019-11-11,2019-11-26,,,,,False
1353,1,آرمیچر 5/5 تن,,,,,,سیم پیچی,,,,,354,2019-11-11,2019-12-03,,,,,False
1354,1,آرمیچر پمپ سوخت,,,,,,سیم پیچی,,,,,355,2019-11-11,2021-06-25,,,,,False
1355,1,آرمیچر GE کمکی,,,,,,سیم پیچی,,,,,356,2019-11-11,,,,,,False
1356,1,استاتور 315KW,,,,,,سیم پیچی,,,,,357,2019-11-19,2019-12-31,,,,,False
1357,1,ترانس 200KVA,,,,,,سیم پیچی,,,,,358,2019-11-19,2020-05-06,,,,,False
1358,1,الکتروموتور سه فاز بدون پلاک,,,,,,اورهال,,,,,359,2019-11-22,2019-12-11,,,,,False
1359,1,استاتور فن آب,,,,,,سیم پیچی,,,,,360,2019-11-23,2019-12-24,,,,,False
1360,1,استاتور فن آب,,,,,,سیم پیچی,,,,,361,2019-11-23,2019-12-24,,,,,False
1361,1,استاتور فن آب,,,,,,سیم پیچی,,,,,362,2019-11-23,2019-12-24,,,,,False
1362,1,استاتور فن آب,,,,,,سیم پیچی,,,,,363,2019-11-23,2019-12-24,,,,,False
1363,1,استاتور 165 متری,,,,,,سیم پیچی موضعی,,,,,364,2019-11-29,2019-12-03,,,,,False
1364,1,اسلیپ رینگ,,,,,,اورهال,,,,,365,2019-12-02,2019-12-23,,,,,False
1365,1,اینداکتور کوره القایی,,,,,,سیم پیچی,,,,,366,2019-12-03,2020-01-02,,,,,False
1366,1,رتور الکتروموتور 75KW,,,,,,اصلاح شفت,,,,,367,2019-12-03,2020-01-02,,,,,False
1367,1,الکتروموتور 130KW,,,,,,سیم پیچی,,,,,368,2019-12-03,2020-01-10,,,,,False
1368,1,ترانسفورماتور 25KVA,,,,,,اورهال,,,,,369,2019-12-07,2020-05-06,,,,,False
1369,1,ترانسفورماتور 50KVA,,,,,,اورهال,,,,,370,2019-12-07,2020-05-06,,,,,False
1370,1,ترانسفورماتور 50KVA,,,,,,اورهال,,,,,371,2019-12-07,2020-05-06,,,,,False
1371,1,ترانسفورماتور 100KVA,,,,,,اورهال,,,,,372,2019-12-07,2020-09-30,,,,,False
1372,1,ترانسفورماتور 160KVA,,,,,,اورهال,,,,,373,2019-12-07,2020-05-06,,,,,False
1373,1,ترانسفورماتور 100KVA,,,,,,اورهال,,,,,374,2019-12-07,2020-09-30,,,,,False
1374,1,ترانسفورماتور 200KVA,,,,,,عودت,,,,,375,2019-12-07,2023-12-26,,,,,False
1375,1,ترانسفورماتور 315KVA,,,,,,اورهال,,,,,376,2019-12-07,2022-07-03,,,,,False
1376,1,ژنراتور کمکی Dc,,,,,,سیم پیچی,,,,,377,2019-12-16,2020-01-20,,,,,False
1377,1,رتور فن دینامیکی,,,,,,سیم پیچی,,,,,378,2019-12-16,2020-05-17,,,,,False
1378,1,رتور فن دینامیکی,,,,,,سیم پیچی,,,,,379,2019-12-16,2020-02-16,,,,,False
1379,1,رتور فن دینامیکی,,,,,,سیم پیچی,,,,,380,2019-12-16,2020-02-16,,,,,False
1380,1,رتور فن دینامیکی,,,,,,سیم پیچی,,,,,381,2019-12-16,2020-02-16,,,,,False
1381,1,استاتور فن آب رادیاتور ,,,,,,سیم پیچی,,,,,382,2019-12-16,2019-12-24,,,,,False
1382,1,استاتور DC فن دینامیک,,,,,,سیم پیچی,,,,,383,2019-12-16,2020-02-16,,,,,False
1383,1,استاتور اصلی AR10,,,,,,اورهال,,,,,384,2019-12-16,2020-01-20,,,,,False
1384,1,استاتور اصلی AR10,,,,,,اورهال,,,,,385,2019-12-16,2020-01-02,,,,,False
1385,1,استاتور آلستوم ,,,,,,سیم پیچی,,,,,386,2019-12-03,2020-06-24,,,,,False
1386,1,الکتروموتور جرثقیل 5/5 تن,,,,,,سیم پیچی,,,,,387,2019-12-18,2020-01-07,,,,,False
1387,1,الکتروموتور جرثقیل5/5Kw,,,,,,اورهال,,,,,388,2019-12-18,2019-12-21,,,,,False
1388,1,الکتروموتور DC,,,,,,سیم پیچی,,,,,389,2019-12-18,2020-01-20,,,,,False
1389,1,الکتروموتور DC,,,,,,اورهال,,,,,390,2019-12-18,2020-01-20,,,,,False
1774,1,الکترو موتور 90kw,,,,,,اورهال,,,,,781,2021-11-28,2021-12-23,,,,,False
1775,1,الکتروموتور,,,,,,سیم پیچی,,,,,782,2021-11-29,2021-12-04,,,,,False
1776,1,فن دستگاه جوش,,,,,,اورهال,,,,,783,2021-11-30,2021-12-11,,,,,False
1777,1,استاتور آلستوم,,,,,,سیم پیچی,,,,,784,2021-12-07,2022-02-11,,,,,False
1778,1,استاتور 400KW,,,,232,1,اورهال,,,,,785,2021-12-03,2022-02-22,,,,,False
1779,1,استاتور 400KW,,,,,,اورهال,,,,,786,2021-12-03,2022-02-22,,,,,False
1780,1,الکترو موتور 15KW,,,,,,سیم پیچی,,,,,787,2021-12-14,2021-12-23,,,,,False
1781,1,الکترو موتور 15KW,,,,,,سیم پیچی,,,,,788,2021-12-14,2021-12-24,,,,,False
1782,1,الکتروموتور لیفتراک,,,,,,سیم پیچی,,,,,789,2021-12-18,2021-12-20,,,,,False
1783,1,استاتور 300کیلووات اکسیژن,,,,,,اورهال,,,,,790,2021-12-21,2022-02-03,,,,,False
1784,1,الکتروموتور 37KW,,,,,,عودت,,,,,791,2021-12-25,2021-12-25,,,,,False
1785,1,الکتروموتور 30KW,,,,,,عودت,,,,,792,2021-12-25,2021-12-25,,,,,False
1786,1,موتورگیربکسی 1/2hp,,,,,,سیم پیچی,,,,,793,2021-12-25,2021-12-28,,,,,False
1787,1,موتور گیربکس 15kw,,,,,,سیم پیچی,,,,,794,2021-12-30,2022-01-18,,,,,False
1788,1,پمپ پروانه استیل 2/2kw,,,,,,سیم پیچی,,,,,795,2021-12-30,2022-01-02,,,,,False
1789,1,موتور گیربکسی حلزونی فن سرخود,,,,,,سیم پیچی,,,,,796,2021-12-24,2022-01-16,,,,,False
1790,1,استاتور آلستوم,,,,,,سیم پیچی,,,,,797,2021-12-30,2022-02-11,,,,,False
1791,1,فن مگنتی,,,,,,سیم پیچی,,,,,798,2022-01-02,2022-01-03,,,,,False
1792,1,مگنت,,,,,,سیم پیچی,,,,,799,2022-01-03,2022-02-15,,,,,False
1793,1,استاتور اکسیژن,,,,,,اورهال,,,,,800,2022-01-05,2022-01-11,,,,,False
1794,1,ژنراتور 245kw,,,,,,سیم پیچی,,,,,801,2022-01-10,2022-03-16,,,,,False
1795,1,فن هواکش توربو,,,,,,سیم پیچی,,,,,802,2022-01-11,2021-04-14,,,,,False
1796,1,الکتروموتور 4 kw,,,,,,سیم پیچی,,,,,803,2022-01-13,2022-01-18,,,,,False
1797,1,استاتور اکسیژن 200کیلووات,,,,,,اورهال,,,,,804,2022-01-16,2022-02-20,,,,,False
1798,1,استاتور اکسیژن 200کیلووات ,,,,00221,8,اورهال,,,,,805,2022-01-16,2022-06-22,,,,,False
1799,1,موتور فن,,,,,,سیم پیچی,,,,,806,2022-01-16,2022-01-19,,,,,False
1800,1,موتور کارواش 1400 دور 5/5kw,,,,,,اورهال,,,,,807,2022-01-17,2022-01-19,,,,,False
1801,1,الکتروموتور 75کیلووات,,,,00202,8,اورهال,,,,,808,2022-01-22,2022-02-20,,,,,False
1802,1,الکتروموتور 75کیلووات,,,,00202,8,اورهال,,,,,809,2022-01-22,2022-02-20,,,,,False
1803,1,استاتور 200کیلووات,,,,00202,8,اورهال,,,,,810,2022-01-24,2022-02-20,,,,,False
1804,1,رتور 200کیلووات,,,,00202,8,اورهال,,,,,811,2022-01-24,2022-02-20,,,,,False
1805,1,الکتروموتور 250کیلووات,,,,,,سیم پیچی,,,,,812,2022-01-25,2022-02-06,,,,,False
1806,1,الکتروموتور2.2 کیلووات,,,,,,سیم پیچی,,,,,813,2022-01-25,2022-03-02,,,,,False
1807,1,پمپ آب 2.2 کیلو وات,,,,,,سیم پیچی,,,,,814,2022-01-25,2022-03-02,,,,,False
1808,1,الکتروموتور,,,,236,5,سیم پیچی,,,,,815,2022-01-26,2022-05-07,,,,,False
1809,1,الکتروموتور,,,,236,5,سیم پیچی,,,,,816,2022-01-26,2022-05-07,,,,,False
1810,1,الکتروموتور 15کیلووات,,,,227,5,سیم پیچی,,,,,817,2022-01-26,2022-02-24,,,,,False
1811,1,پمپ آب ,,,,227,5,سیم پیچی,,,,,818,2022-01-26,2022-03-08,,,,,False
1812,1,پمپ آب ,,,,227,5,سیم پیچی,,,,,819,2022-01-26,2022-02-24,,,,,False
1813,1,الکتروموتور dc10.4kw,,,,,,عودت,,,,,820,2022-01-27,2022-02-12,,,,,False
1814,1,جرثقیل,,,,,,عودت,,,,,821,2022-01-27,2022-03-08,,,,,False
1815,1,الکتروموتور 7.5KW,,,,227,5,سیم پیچی,,,,,822,2022-02-01,2022-02-24,,,,,False
1816,1,الکتروموتور 30kw-1400rpm,,,,,,سیم پیچی,,,,,823,2022-02-07,2022-02-12,,,,,False
1817,1,الکتروموتور 2/2کیلووات,,,,,,سیم پیچی,,,,,824,2022-02-20,2022-03-09,,,,,False
1818,1,پمپ اب,,,,227,5,سیم پیچی,,,,,825,2022-02-22,2022-03-08,,,,,False
1819,1,دینام شارژر,,,,,,عودت,,,,,826,2022-02-22,2022-02-22,,,,,False
1820,1,روتور اکسیزن .بدون شفت,,,,00221,8,بازسازی 3 عدد قطب,,,,,827,2022-02-28,2022-06-22,,,,,False
1821,1,کفکش,,,,,,عودت داده شد,,,,,828,2022-03-07,2022-03-08,,,,,False
3,1,استاتور آلستوم,,,,,,برگشتی,,,,,829,2022-03-06,2022-04-25,,,,,False
4,1,رتور الستوم,,,,298,5,برگشتی,,,,,830,2022-03-06,2022-05-24,,,,,False
5,1,استاتور630kw,,,,,,برگشتی,,,,,831,2022-03-13,2022-04-29,,,,,False
6,1,استاتور630kw,,,,,,برگشتی,,,,,832,2022-03-13,2022-04-07,,,,,False
1822,1,الکتروموتورpb,,,,236,5,سیم پیچی,,,,,833,2022-03-13,2022-05-12,,,,,False
1823,1,موتور گیربکس,,,,236,5,سیم پیچی,,,,,834,2022-03-13,2022-05-12,,,,,False
1824,1,الکتروموتور,,,,236,5,سیم پیچی,,,,,835,2022-03-13,2022-05-12,,,,,False
1825,1,استاتور آلستوم,,,,266,5,سیم پیچی,,,,,836,2022-03-14,2022-05-24,,,,,False
1826,1,الکتروموتور 4KW,,,,236,5,سیم پیچی,,,,,837,2022-03-15,2022-05-07,,,,,False
1827,1,الکتروموتور 2/2KW1400RPM,,,,226,5,سیم پیچی,,,,,838,2022-03-26,2022-03-31,,,,,False
1828,1,درب قالپاق,,,,261,5,تعویض,,,,,839,2022-04-05,2022-05-31,,,,,False
1829,1,الکتروموتور 15کیلو وات,,,,241,5,سیم پیچی,,,,,840,2022-04-07,2022-04-13,,,,,False
1830,1,الکتروموتور 15کیلو وات,,,,241,5,اورهال ,,,,,841,2022-04-07,2022-05-08,,,,,False
1831,1,الکتروموتور 15کیلو وات,,,,241,5,اورهال ,,,,,842,2022-04-11,2022-04-13,,,,,False
1832,1,روتور,,,,00207,8,تعویض رتور بار,,,,,843,2022-04-17,2022-04-17,,,,,False
1833,1,اتومات کردن ژنراتور,,,,240,5,سرویس ,,,,,844,2022-04-15,2022-04-16,,,,,False
7,1,مگنت سرد,,,,,,برگشتی,,,,,845,2022-04-09,2022-04-20,,,,,False
1834,1,موتور30کیلوبات,,,,00210,8,اورهال ,,,,,846,2022-04-21,2022-05-05,,,,,False
1835,1,تراکشن آلستوم کامل,,,,266,5,سیم پیچی,,,,,847,2022-04-25,2022-09-21,,,,,False
1836,1,الکترو موتور kw350,,,,233,5,اورهال ,,,,,848,2022-04-25,2022-04-26,,,,,False
1837,1,ترانس 1600KVA,,,,258-259,5,اورهال ,,,,,849,2022-04-26,2022-05-28,,,,,False
1838,1,رکتی فایر 600 امپر,,,,272-273,5,ساخت تحریک,,,,,850,2022-04-26,2022-06-21,,,,,False
1839,1,کنتانتور,,,,272-273,5,ساخت تحریک,,,,,851,2022-04-26,2022-06-21,,,,,False
1840,1,الکترو موتور 18/5 کیلو وات,,,,269,5,سیم پیچی,,,,,852,2022-04-26,2022-05-12,,,,,False
1841,1,قالپاق شکسته الکتروموتور,,,,261,5,خرید درب قالپاق,,,,,853,2022-04-09,2022-05-31,,,,,False
1842,1,استاتور 200,,,,00211,8,اورهال,,,,,854,2022-04-28,2022-05-08,,,,,False
1843,1,تحریک,,,,00211,8,اورهال,,,,,855,2022-04-28,2022-05-08,,,,,False
1844,1,الکتروموتور22کیلووات,,,,234*235,5,سیم پیچی,,,,,856,2022-04-28,2022-06-01,,,,,False
8,1,ارمیچر فن دینامیک,,,,,,برگشتی,,,,,857,2022-04-09,2022-05-05,,,,,False
1845,1,موتورنهویه 630kw,,,,,,گارانتی,,,,,858,2022-05-02,2022-07-20,,,,,False
1846,1,پمپ اب یک اسب,,,,,,عودت ,,,,,859,2022-05-08,2022-05-10,,,,,False
1847,1,گان هوایی 36/2kva,,,,242,5,سیم پیچی,,,,,860,2022-05-09,2022-05-18,,,,,False
1848,1,الکتروموتورACDC,,,,00223,8,سیم پیچی,,,,,861,2022-05-09,2022-05-26,,,,,False
1849,1,الکتروموتور 15kw,,,,,,عودت شد,,,,,862,2022-05-10,2022-05-17,,,,,False
1850,1,الکتروموتور فن تهویه,,,,264-265,5,سیم پیچی,,,,,863,2022-05-11,2022-06-01,,,,,False
1851,1,الکتروموتور7/5kw,,,, ,,اسقاط شد,,,,,864,2022-05-14,2022-05-17,,,,,False
1852,1,نصب و راه اندازی رله,,,,269,5,سیم پیچی,,,,,865,2022-05-15,2022-05-16,,,,,False
1853,1,پمپ اب 1/5kw,,,,269,5,سیم پیچی,,,,,866,2022-05-17,2022-06-15,,,,,False
1854,1,ترانس گان هوایی,,,,260,5,سیم پیچی,,,,,867,2022-05-19,2022-09-07,,,,,False
9,1,ارمیچر فن دینامیک,,,,,,برگشتی,,,,,868,2022-05-18,2022-04-17,,,,,False
1855,1,موتورکولر,,,,,,حاج حسین رحمت الهی,,,,,869,2022-05-19,2022-05-23,,,,,False
1856,1,موتورکولر,,,,,,حاج حسین رحمت الهی,,,,,870,2022-05-21,2022-05-23,,,,,False
1857,1,موتورکولر,,,,,,حاج حسین رحمت الهی,,,,,871,2022-05-26,2022-06-09,,,,,False
1858,1,فن تهویه,,,,275-276,5,سیم پیچی,,,,,872,2022-06-01,2022-07-04,,,,,False
1859,1,الکترو موتور 18/5 کیلو وات,,,,266-267,5,سیم پیچی,,,,,873,2022-06-01,2022-08-10,,,,,False
1860,1,الکترو موتور18/5 کیلووات,,,,266-267,5,سیم پیچی,,,,,874,2022-06-01,2022-08-10,,,,,False
1861,1,صفحه های فیلتر روغن,,,,,,سند پلاست,,,,,875,2022-05-29,,,,,,False
1862,1,الکتروموتور جرثقیل 31 kw,,,,262/263,5,سیم پیچی,,,,,876,2022-06-06,2022-06-12,,,,,False
1863,1,4عدد قطب استاتور4/5تن,,,,00220,8,ساخت,,,,,877,2022-06-06,2022-06-12,,,,,False
1864,1,پمپ اب یک اسب,,,,00217,8,سیم پیچی,,,,,878,2022-06-08,2022-06-13,,,,,False
1865,1,الکتروموتور37KW,,,,270-271,5,سیم پیچی,,,,,879,2022-06-13,2022-06-20,,,,,False
1866,1,الکتروموتورdc,,,,00226,8,تعویض کلکتور,,,,,880,2022-06-18,2022-07-17,,,,,False
1867,1,استاتور اکسیژن165,,,,00219,8,اورهال,,,,,881,2022-06-19,2022-06-19,,,,,False
1868,1,الکتروموتور110kw,,,,301,5,سیم پیچی و تعویض بلبرینگ,,,,,882,2022-06-22,2023-03-15,,,,,False
1869,1,یوک ,,,,,,عودت,,,,,883,2022-06-20,2022-11-16,,,,,False
1870,1,یوک ,,,,,,عودت,,,,,884,2022-06-20,2022-11-16,,,,,False
1871,1,ارمیپر جرثقیل 2kw,,,,279,5,جوشکاری رتور,,,,,885,2022-06-26,2022-07-23,,,,,False
1872,1,ارمیچر جرثقیل 5/5 kw,,,,278,5,جوشکاری رتور,,,,,886,2022-06-26,2022-07-23,,,,,False
1873,1,استاتور و رتور تحریک,,,,274,5,سیم پیچی,,,,,887,2022-06-26,2022-07-01,,,,,False
1874,1,پمپ اب0/5 kw,,,,00227,8,سیم پیچی ,,,,,888,2022-06-27,2022-07-03,,,,,False
1875,1,پمپ اب 0/75kw,,,,00227,8,سیم پیچی ,,,,,889,2022-06-27,2022-07-12,,,,,False
1876,1,پمپ اب 0/75 kw,,,,00227,8,سیم پیچی ,,,,,890,2022-06-27,2022-06-30,,,,,False
1877,1,الکتروموتور 1//1kw,,,,0224,8,تعویض پلاتین و تعویض بلبرینگ ,,,,,891,2022-06-29,2022-07-02,,,,,False
1878,1,موتورگیربکسی 1/5 kw,,,,00246,8,تعویض بلبرینگ,,,,,892,2022-06-30,2022-06-30,,,,,False
1879,1,الکتروموتور2800 دور 2/2kw,,,,00227,8,سیم پیچی ,,,,,893,2022-06-30,2022-07-12,,,,,False
1880,1,استاتور اکسیژن,,,,281,5,سیم پیچی تعویض عایق,,,,,894,2022-07-02,2022-07-25,,,,,False
1881,1,پمپ اب 1 اسب,,,,280,5,سیم پیچی ,,,,,895,2022-07-04,2022-07-12,,,,,False
1882,1,الکتروموتور ضدانفجار,,,,313-314,5,سیم پیچی جوش تراش در قالپاق ها,,,,,896,2022-07-04,2022-10-25,,,,,False
1883,1,فن تهویه,,,,282/283,5,سیم پیچی ,,,,,897,2022-07-04,2022-08-03,,,,,False
1884,1,ارمیچر 4/5 تن,,,,309,5,سیم پیچی و بازسازی کلکتور,,,,,898,2022-07-05,2022-10-09,,,,,False
1885,1,ارمیچر 4/5 تن,,,,309,5,سیم پیچی و بازسازی کلکتور,,,,,899,2022-07-05,2022-10-09,,,,,False
1886,1,الکتروموتور ac,,,,277,5,ساخت و تعویض شافت و بلبرینگ,,,,,900,2022-07-05,2022-07-13,,,,,False
1887,1,پمپ اب 1 اسب ,,,,280,5,سیم پیچی ,,,,,901,2022-07-06,2022-07-12,,,,,False
1888,1,الکتروموتورdc,,,,302,5,بازسازی ,,,,,902,2022-07-06,2022-09-19,,,,,False
1889,1,الکتروموتور 2/2kw,,,,00229,8,سیم پیچی تعویض بلبرینگ,,,,,903,2022-07-08,2022-07-11,,,,,False
1890,1,استاتور 6کیلوولت 300kw,,,,00242,8,اورهال,,,,,904,2022-07-11,2022-08-24,,,,,False
1891,1,استاتور 6کیلوولت 300kw,,,,00242,8,اورهال,,,,,905,2022-07-11,2022-08-24,,,,,False
1892,1,استاتور 6کیلوولت 300kw,,,,00237,8,اورهال,,,,,906,2022-07-11,2022-08-24,,,,,False
1893,1,استاتور 6کیلوولت 300kw,,,,00237,8,اورهال,,,,,907,2022-07-11,2022-08-24,,,,,False
1894,1,رتورو استاتور تحریکو پلدیود,,,,,,کارانجام نشده .قراره استعلام بگیرن,,,,,908,2022-07-12,2022-07-12,,,,,False
10,1,الکتروموتور 37KW,,,,,,برگشتی,,,,,909,2022-07-12,2022-07-23,,,,,False
1895,1,الکتروموتورAC,,,,280,5,سیم پیچی,,,,,910,2022-07-12,2022-08-14,,,,,False
1896,1,الکتروموتورسروو,,,,284,5,سیم پیچی,,,,,911,2022-07-12,2022-08-10,,,,,False
1897,1,الکتروموتور سروو,,,,284,5,سیم پیچی,,,,,912,2022-07-12,2022-08-10,,,,,False
1898,1,الکتروموتورdc 10/5 hp,,,,,,کد تکراری,,,,,913,2022-07-14,2022-08-18,,,,,False
1899,1,الکتروموتور10/5 hp Dc,,,,,,رفع اتصال,,,,,914,2022-07-14,2022-08-18,,,,,False
1900,1,الکتروموتور 3 فاز 4KW,,,,,,سیم پیچی,,,,,915,2022-07-17,2022-07-28,,,,,False
1901,1,پمپ اب 1/5 اسب,,,,285,5,سیم پیچی,,,,,916,2022-07-17,2022-08-14,,,,,False
1902,1,فن تهویه,,,,,,تعویض سربندی سیم پیچ قبلی شرکت ,,,,,917,2022-07-20,2022-08-03,,,,,False
1903,1,جرثقیل سقفی,,,,00232,8,سیم پیچی ,,,,,918,2022-07-21,2022-07-22,,,,,False
1904,1,آرمیچر 4/5 تن,,,,,,عودت,,,,,919,2022-07-24,2023-08-08,,,,,False
1905,1,الکتروموتور42kw,,,,299-300,5,سیم پیچی,,,,,920,2022-07-24,2022-09-19,,,,,False
1906,1,الکتروموتور 7/5KW,,,,287,5,سیم پیچی,,,,,921,2022-07-26,2022-08-14,,,,,False
1907,1,الکتروموتور 2.5kw,,,,00233,8,سیم پیچی,,,,,922,2022-07-27,2022-08-06,,,,,False
1908,1,الکتروموتورAC-DC,,,,00240,8,سیم پیچی,بیزه,,,,923,2022-08-02,2022-09-05,,,,,False
1909,1,استاتور آلستوم,,,,345,5,سیم پیچی,بیزه,,,,924,2022-08-03,2023-04-16,,,,,False
1910,1,استاتور آلستوم,,,,345,5,سیم پیچی,بیزه,,,,925,2022-08-03,2023-04-16,,,,,False
1911,1,استاتور آلستوم,,,,318,5,سیم پیچی,تیموری,,,,926,2022-08-03,2022-11-05,,,,,False
1912,1,استاتور آلستوم,,,,319,5,سیم پیچی ,بیزه,,,,927,2022-08-03,2022-11-05,,,,,False
1913,1,استاتور4/5T DC با آرمیچر,,,,313-314,5,سیم پیچی,بناء,,,,928,2022-08-03,2022-10-25,,,,,False
1914,1,استاتور4/5T DC بدون آرمیچر,,,,342-343,5,سیم پیچی+ساخت آرمیچر,بناء,,,,929,2022-08-03,2023-02-09,,,,,False
1915,1,کلید شعله پوش,,,,,,عودت,,,,,930,2022-08-04,2022-09-11,,,,,False
11,1,37kw 1400دور ,,,,,,برگشتی,,,,,931,2022-07-31,2022-08-04,,,,,False
1916,1,پمپ آب 1/5 KW,,,,,,عودت,,,,,932,2022-07-19,2022-09-01,,,,,False
1917,1,استاتور اکسیژن ,,,,00235,8,اورهال,,,,,933,2022-08-06,2022-08-06,,,,,False
1918,1,استاتور اکسیژن ,,,,00235,8,اورهال,,,,,934,2022-08-06,2022-08-06,,,,,False
1919,1,آرمیچر 4/5Tهمراه با استاتور,,,,328-329,5,سیم پیچی,ناظری پور,,,,935,2022-08-12,2022-12-07,,,,,False
1920,1,آرمیچر4/5Tهمراه با استاتور,,,,328-329,5,سیم پیچی,ناظری پور,,,,936,2022-08-12,2022-12-07,,,,,False
1921,1,موتور جوشDC,,,,328,5,رفع اتصال,ناظری پور,,,,937,2022-08-12,2022-12-09,,,,,False
1922,1,استاتور و روتور تحریک نیروگاه,,,,00248,8,سیم پیچی,حمیدیان,,,,938,2022-08-13,2023-02-08,,,,,False
12,1,مگنت گرم,,,,,,برگشتی,,,,,939,2022-08-14,2022-10-07,,,,,False
1923,1,استاتور و روتور تحریک نیروگاه,,,,00248,8,سیم پیچی,حمیدیان,,,,940,2022-08-17,2023-02-08,,,,,False
1924,1,روتور ,,,,00248,8,سیم پیچی,حمیدیان,,,,941,2022-08-17,2023-02-08,,,,,False
1925,1,الکتروموتور ac,,,,289,5,برگشتی شفت روتور ساخت مجدد شفت,,,,,942,2022-08-17,2022-08-23,,,,,False
1926,1,الکتروموتور 22KW ضد انفجار,,,,294-295,5,سیم پیچی,ناظری پور,,,,943,2022-08-22,2022-09-06,,,,,False
1927,1,الکتروموتور 22KW ضد انفجار,,,,294-295,5,سیم پیچی,ناظری پور,,,,944,2022-08-22,2022-09-06,,,,,False
1928,1,الکتروموتور 22KW ضد انفجار,,,,304-305,5,سیم پیچی,ناظری پور,,,,945,2022-08-22,2022-09-19,,,,,False
1929,1,الکتروموتور 37KW ضد انفجار,,,,296-297,5,سیم پیچی,حمیدیان,,,,946,2022-08-22,2022-09-06,,,,,False
1930,1,استاتور 200kw,,,,290,5,رفع عیب کویل 6دور به 3 دور,,,,,947,2022-08-17,2022-08-25,,,,,False
1931,1,الکتروموتور 185kw,,,,317,5,سیم پیچی,ناظری پور,,,,948,2022-08-29,2022-10-12,,,,,False
1932,1,الکتروموتور315kw,,,,315-316,5,سیم پیچی,بانوی,,,,949,2022-08-29,2022-10-25,,,,,False
1933,1,الکتروموتور315kw,,,,292,5,اورهال,شاکری,,,,950,2022-08-29,2022-09-04,,,,,False
1934,1,الکتروموتور dc,,,,348-349-379,5,سیم پیچی,بناء,,,,951,2022-09-04,2023-03-13,,,,,False
1935,1,استاتور اکسیژن,,,,4956,8,سیم پیچی,حمیدیان,,,,952,2022-09-06,2022-11-06,,,,,False
1936,1,استاتور اکسیژن,,,,00249,8,سیم پیچی,ریاحی,,,,953,2022-09-06,2022-11-27,,,,,False
1937,1,تحریک استاتور اکسیژن,,,,00249,8,سیم پیچی,,,,,954,2022-09-06,2022-11-27,,,,,False
1938,1,گان هوایی  ,,,,312,5,رفع نشتی,ریاحی,,,,955,2022-09-07,2022-10-18,,,,,False
1939,1,گان هوایی,,,,340-341,5,رفع نشتی,ریاحی,,,,956,2022-09-07,2023-03-13,,,,,False
1940,1,تعمیر رتور در محل,,,,303,5,رفع اتصال,,,,,957,2022-09-08,2022-09-08,,,,,False
1941,1,اکسیژن 90kw,,,,00249,8,جهت برداشت نقشه به شرکت وارد شده,,,,,958,2022-09-11,2022-11-27,,,,,False
1942,1,الکتروموتورkw,,,,306-307,5,سیم پیچی,ناظری پور,,,,959,2022-09-12,2022-09-19,,,,,False
1943,1,الکتروموتور3 kw,,,,308,5,سیم پیچی,ناظری پور,,,,960,2022-09-21,2022-11-09,,,,,False
13,1,الکتروموتور DC,,,,,,برگشتی,,,,,961,2022-10-02,2022-10-17,,,,,False
1944,1,الکتروموتور  7/5kw,,,,310-311,5,اورهال,,,,,962,2022-10-03,2022-10-13,,,,,False
1945,1,الکتروموتور 155kw,,,,324,5,اورهال,آقای رحمت اللهی,,,,963,2022-10-09,2022-11-21,,,,,False
1946,1,الکتروموتور kw 407 dc ,,,,4992,8,سیم پیچی,بنا,,,,964,2022-10-18,2022-12-18,,,,,False
1947,1, مگنت,,,,332,5,سیم پیچی,ناظری پور,,,,965,2022-10-18,2023-07-03,,,,,False
14,1,ترانس گان هوایی سبز 38/27 kw,,,,,,برگشتی,,,,,966,2022-10-29,2022-11-05,,,,,False
1948,1,ترانس گان هوایی سبز 38/27 kw,,,,320,5,رفع نشتی,,,,,967,2022-10-29,2022-10-30,,,,,False
1949,1,ترانس گان هوایی,,,,340-341,5,رفع نشتی,,,,,968,2022-10-29,2023-03-13,,,,,False
1950,1,ترانس گان هوایی,,,,340-341,5,رفع نشتی,,,,,969,2022-10-29,2023-03-13,,,,,False
15,1,ترانس گان هوایی سبز 38/27 kw,,,,,,برگشتی,,,,,970,2022-11-01,2022-11-02,,,,,False
1951,1,ترانس گان هوایی سبز 38/27 kw,,,,321,5,رفع نشتی,,,,,971,2022-11-01,2022-12-13,,,,,False
1952,1,استاتور اکسیژن 75کیلو وات,,,,4957,8,سیم پیچی,آقای گرزین,,,,972,2022-11-02,2022-11-09,,,,,False
1953,1,کفکش,,,,,,عودت,,,,,973,2022-11-05,2022-11-09,,,,,False
1954,1,استاتور اکسیژن 200KW,,,,00249,8,سیم پیچی,بنا,,,,974,2022-11-06,2022-11-27,,,,,False
16,1,الکتروموتور 315kw,,,,,,برگشتی,,,,,975,2022-10-30,2022-11-08,,,,,False
38,1,الکتروموتور 5 تن ,,,,,,برگشتی,,,,,1366,2025-02-08,2025-02-25,,,,,False
2324,1,استاتور 5.5 تن ,,,,617-618,5,سیم پیچی,,,,,1367,2025-02-08,2025-03-15,,,,,False
2325,1,آرمیچر 5.5 تن ,,,,617-618,5,سیم پیچی,,,,,1368,2025-02-08,2025-03-15,,,,,False
2326,1,پوسته آرمیچر 4.5 تن ,,,,650-651,5,سیم پیچی,,,,,1369,2025-02-08,2025-05-20,,,,,False
2327,1,آرمیچر 4.5 تن ,,,,,,سیم پیچی,,,,,1370,2025-02-08,,,,,,False
2328,1,استاتور 5.5 تن ,,,,617-618,5,سیم پیچی,,,,,1371,2025-02-08,2025-03-15,,,,,False
2329,1,آرمیچر 5.5 تن ,,,,617-618,5,سیم پیچی,,,,,1372,2025-02-08,2025-03-15,,,,,False
2330,1,الکتروموتور 400hp-دور1200  360امپر,,,,,,اورهال ,,,,,1373,2025-02-03,,,,,,False
39,1,الکتروموتور 400hp-دور1200  360امپر,,,,,,برگشتی,,,,,1374,2025-02-03,,,,,,False
2331,1,پمپ آب ,,,,3167,8,تعمیر درب کاسه عقب (لاتون ),,,,,1375,2025-02-12,2025-02-16,,,,,False
2332,1,پمپ آب 2.2kw,,,,3167,8,سیم پیچی,,,,,1376,2025-02-12,2025-03-12,,,,,False
2333,1,اسلیپ رینگ ,,,,,,رفع اتصال موضعی بدون فاکتور ,,,,,1377,2025-02-12,2025-08-03,,,,,False
2334,1,پمپ آب,,,,4479,8,سیم پیچی,,,,,1378,2025-02-12,2025-02-26,,,,,False
2335,1,الکتروموتور DC 42KW,,,,4477,8,اورهال,,,,,1379,2025-02-11,2025-02-13,,,,,False
2336,1,الکتروموتور تک فاز1.5 kw,,,,4481,8,سیم پیچی,,,,,1380,2025-02-18,2025-04-26,,,,,False
2337,1,الکترو موتور فن 42.5kw ,,,,606,5,اورهال,,,,,1381,2025-02-19,2025-02-24,,,,,False
2338,1,الکتروموتور 6kv,,,,607,5,عودت,,,,,1382,2025-02-19,2025-02-26,,,,,False
2339,1,استاتور اکسیزن 200kw,,,,,,عودت,,,,,1383,2025-02-20,2025-02-20,,,,,False
2340,1,الکتروموتور 55kw,,,,,,عودت,,,,,1384,2025-02-22,2025-02-24,,,,,False
2341,1,الکتروموتور 30KW DC,,,,,,,,,,,1385,2019-09-11,,,,,,False
2342,1,فن 3 فاز تخم مرغی ,,,,,,برگشتی,,,,,1386,2025-02-23,2025-03-19,,,,,False
2343,1,ژنراتور 150kv ,,,,656,5,سیم پیچی,,,,,1387,2025-02-25,2025-05-07,,,,,False
2344,1,الکتروموتور DC 42KW ,,,,354,8,ساعت کردن کلکتور ,,,,,1388,2025-03-03,2025-03-16,,,,,False
2345,1,الکتروموتور 1120kw,,,,631,5,اورهال,,,,,1389,2025-02-25,2025-05-11,,,,,False
2346,1,بوبین 380v,,,,,,,,,,بدون فاکتور,1390,2025-03-03,2025-03-04,,,,,False
2347,1,گان هوایی  150kv,,,,630/631,5,سیم پیچی,,,,,1391,2025-03-09,2025-04-16,,,,,False
2348,1,الکتروموتور 5.5kw-1440RPM,,,,667,5,سیم پیچی,,,,,1392,2025-02-28,2025-05-12,,,,,False
2349,1,الکتروموتور 200KW,,,,616,5,رفع اتصال موضعی,,,,,1393,2025-03-10,2025-03-27,,,,,False
2350,1,الکتروموتور 1250KW,,,,666,5,سیم پیچی استاتور ,,,,,1394,2025-03-11,2025-07-01,,,,,False
2351,1,شفت ,,,,,,برداشت نقشه,,,,,1395,2025-03-11,2025-11-23,,,,,False
2352,1,آرمیچر 4.5 تن ,,,,,,عودت,,,,,1396,2025-03-17,2025-03-17,,,,,False
2353,1,530A-280KW-743rpm-الکتروموتور ,,,,665,5,سیم پیچی,,,,,1397,2025-03-17,2025-07-01,,,,,False
40,1,الکتروموتور 500KW,,,,,,برگشتی,,,,,1398,2025-03-17,2025-04-16,,,,,False
2354,1,"الکتروموتور DC - 
450KW - 440V-1098A",,,,625-626,5,سیم پیچی,,,,,1399,2025-03-18,2025-04-30,,,,,False
2355,1,"الکتروموتور DC - 
450KW - 440V-1098A",,,,621,5,اورهال,,,,,1400,2025-03-18,2025-03-31,,,,,False
2356,1,"الکتروموتور DC - 
413KW",,,,623-624,5,سیم پیچی,,,,,1401,2025-03-18,2025-04-30,,,,,False
2357,1,"الکتروموتور DC - 
413KW",,,,620,5,اورهال,,,,,1402,2025-03-18,2025-03-31,,,,,False
2358,1,"الکتروموتور DC - 
630KW",,,,622,5,اورهال,,,,,1403,2025-03-18,2025-03-31,,,,,False
2359,1,گان هوایی 100KV,,,,630/631,5,سیم پیچی,,,,,1404,2025-04-06,2025-04-12,,,,,False
2360,1,روتور ,,,,674,5,ساخت وتعویض شفت,,,,بصورت مجموعه الکتروموتور مونتاژ و خروج خورده است,1405,2025-04-14,2025-09-07,,,,,False
2361,1,"الکتروموتور1250-1676کیلووات
ولتاژ 380-2591آمپر",,,,627,5,رفع اتصال موضعی ,,,,,1406,2025-04-17,2025-04-19,,,,,False
2362,1,الکتروموتور 315kw,,,,,, سیم پیچی استاتور وروتور,,,,,1407,2025-04-20,,,,,,False
2363,1,ترانس گان هوایی,,,,714/715,5,سیم پیچی,,,,,1408,2025-04-20,2025-11-08,,,,,False
2364,1,الکتروموتور 90kw-1490rpm,,,,654,5,اورهال ,,,,,1409,2025-04-28,2025-06-08,,,,,False
2365,1,الکتروموتور 315KW,,,,664,5,سیم پیچی,,,,,1410,2025-04-28,2025-07-01,,,,,False
2366,1,اکسیژن 10000V,,,,635,5,اورهال,,,,,1411,2025-05-03,2025-05-13,,,,,False
2367,1,الکتروموتور 55KWAC,,,,655,5,اسلیپ رینگ روتور نیاز به تراشکاری دارد نخ بندی سیم پیچ نیاز دارد ,,,,بصورت مجموعه الکتروموتور مونتاژ و خروج خورده است,1412,2025-05-05,2025-05-27,,,,,False
2368,1,فاقد پلاک ,,,,649,5,سیم پیچی ,,,,,1413,2025-05-05,2025-05-31,,,,,False
2369,1,الکتروموتور 22KW,,,,649,5,اورهال,,,,,1414,2025-05-05,2025-05-31,,,,,False
2370,1,الکتروموتور 34KW,,,,649,5,سیم پیچی,,,,,1415,2025-05-05,2025-05-31,,,,,False
2371,1,روتور,,,,658,5,تعویض شفت ,,,,,1416,2025-05-10,2025-06-17,,,,,False
2372,1,زنراتور 100KV,,,,3171,8,سیم پیچی اکسایدر,,,,,1417,2025-05-10,2025-05-14,,,,,False
2373,1,موتور گیریبکسی 5.5  KW موتوژن ,,,,667,5,سیم  پیچی,,,,,1418,2025-05-10,2025-08-12,,,,,False
41,1,الکتروموتور 500KW,,,,,,برگشتی,,,,بصورت مجموعه الکتروموتور مونتاژ و خروج خورده است,1419,2025-05-10,2025-06-30,,,,,False
2374,1,فن مکنده ضد انفجار ,,,,659-660,5,سیم پیچ,,,,,1420,2025-05-10,2025-06-16,,,,,False
2375,1,الکتروموتور 4 KW موتوژن,,,,682-683,5,سیم پیچی,,,,فاکتور 671/672 باطل گردید,1421,2025-05-10,2025-08-21,,,,,False
2376,1,الکتروموتور 2.2 kw موتوژن,,,,682-683,5,سیم پیچی,,,,فاکتور 671/672 باطل گردید,1422,2025-05-10,2025-08-21,,,,,False
2377,1,موتور ضد انفجار 1.5kw,,,,,,سیم پیچی,,,,,1423,2025-05-10,,,,,,False
2378,1,موتور ضد انفجار 1.5kw,,,,,,سیم پیچی,,,,,1424,2025-05-10,,,,,,False
2379,1,آرمیچر 4.5 تن ,,,,659-660,5,تعویض شفت ,,,,,1425,2025-05-10,2025-06-16,,,,,False
2380,1,استاتور  اکسیژن 200KW,,,,673,5,موتور دالاندر دو دور ,,,,,1426,2025-05-31,2025-08-05,,,,,False
2381,1,الکتروموتور 174kwDC-355/1751r.p.m,,,,645,5,اورهال,,,,,1427,2025-05-11,2025-05-16,,,,,False
2382,1,"الکتروموتور 400v-200KW AC
1487rpm",,,,647,5,اورهال,,,,,1428,2025-05-11,2025-05-16,,,,,False
2383,1,407KW DC,,,,648,5,سیم پیچی فیلد,,,,,1429,2025-05-11,2025-06-13,,,,,False
2384,1,الکتروموتور 200kwDC-676r.p.m,,,,646,5,اورهال,,,,,1430,2025-05-11,2025-05-16,,,,,False
2385,1,الکتروموتور 680kw DC-990/1140rpm,,,,644,5,اورهال,,,,,1431,2025-05-11,2025-05-16,,,,,False
2386,1,الکتروموتور 75KW AC-2975rpm,,,,659-660,5,اورهال,,,,,1432,2025-05-22,2025-06-16,,,,,False
42,1,الکتروموتور تک فاز 1.5KW,,,,,,برگشتی,,,,بصورت مجموعه الکتروموتور مونتاژ و خروج خورده است,1433,2025-05-22,2025-08-06,,,,,False
2387,1,الکتروموتور 290KW-734RPM,,,,,,استاتور  ( بدنه کامل ),,,,,1434,2025-05-24,,,,,,False
2388,1,الکتروموتور 290KW-734RPM,,,,692,5,بریدن شفت - استاتور ( بدنه کامل ) ,,,,,1435,2025-05-24,2025-09-03,,,,,False
43,1,پوسته آرمیچر 5.5 تن ,,,,,,برگشتی,,,,بصورت مجموعه الکتروموتور مونتاژ و خروج خورده است,1436,2025-05-10,2025-06-16,,,,,False
44,1,آرمیچر 5.5 تن ,,,,,,برگشتی,,,,بصورت مجموعه الکتروموتور مونتاژ و خروج خورده است,1437,2025-05-10,2025-06-16,,,,,False
2389,1,الکتروموتر AC-55KW,,,,655,5,"خرابی بلبرینگها ( دو سر ) قطع بودن سر 
خروجی موتور به تخته کلمپ - تعویض سر خروجی ",,,,,1438,2025-05-27,2025-06-12,,,,,False
2390,1,الکتروموتور 200KW-380V,,,,2777,8,تعویض عایق بدنه,,,,,1439,2025-05-31,2025-07-05,,,,,False
2391,1,پوسته 200KW-380V,,,,2777,8,ساخت وکویل ,,,,,1440,2025-05-31,2025-10-27,,,,,False
2392,1,الکتروموتور ( مشابه 200KW-380V ) ,,,,703,5,سیم پیچی,,,,,1441,2025-06-01,2025-09-15,,,,,False
2393,1,الکتروموتور ( مشابه 200KW-380V ) ,,,,703,5,تعویض کابل خروجی,,,,,1442,2025-06-01,2025-09-15,,,,,False
2394,1,درب قالپاق ,,,,675,5,ساخت,,,,,1443,2025-06-02,2025-09-07,,,,,False
2395,1,الکتروموتور 250KW-1400دور,,,,657,5,سیم پیچی,,,,,1444,2025-06-02,2025-06-12,,,,,False
2396,1,"الکتروموتور1250-1676کیلووات
ولتاژ 380-2591آمپر",,,,662,5,اصلاح شفت,,,,,1445,2025-06-09,2025-06-13,,,,,False
2397,1,الکتروموتور 200kw-1480r.p.m,,,,661,5,فروش ,,,,,1446,2025-06-12,2025-07-01,,,,,False
2398,1,آرمیچر 4.5 تن ,,,,716-717,5,سیم پیچی,,,,,1447,2025-06-15,2025-11-10,,,,,False
2399,1,الکتروموتور-994RPM- 1250kwAC,,,,710,5,سیم پیچی آرمیچر-ساخت شفت,,,,,1448,2025-06-30,2025-11-23,,,,,False
2400,1,الکتروموتور 800kw-980r.p.m,,,,669,5,اورهال,,,,,1449,2025-06-30,2025-07-11,,,,,False
2401,1,موتوذ DC-2300rpm-3.3 kw,,,,399,8,رفع عیب در محل,,,,,1450,2025-07-14,2025-07-15,,,,,False
2402,1,الکتروموتور 22kw,,,,671-672,5,سیم پیچی,,,,,1451,2025-07-16,2025-07-29,,,,,False
2403,1,الکتروموتور 22kw,,,,671-672,5,سیم پیچی,,,,,1452,2025-07-16,2025-07-29,,,,,False
45,1,الکتروموتور HP400-AC,,,,,,برگشتی,,,,,1453,2025-07-16,2025-09-25,,,,,False
46,1,الکتروموتور HP400-AC,,,,,,برگشتی,,,,,1454,2025-07-16,2025-09-25,,,,,False
2404,1,الکتروموتور 407KW-1010RPM,,,,670,5,سیم پیچی فیلد,,,,,1455,2025-07-17,2025-08-13,,,,,False
2405,1,الکتروموتور 200KW--1485rpm,,,,709,5,سیم پیچی,,,,,1456,2025-07-17,2025-11-07,,,,,False
2406,1,1250kw-757rpmالکتروموتور ,,,,695,5,تعویض شفت*جوش شفت سعید قدس,,,,,1457,2025-07-18,2025-07-23,,,,,False
2407,1,ترانس 1400KVA,,,,693,5,سیم پیچی,,,,,1458,2025-07-26,2025-09-03,,,,,False
2408,1,آرمیچر جرثقیل ,,,,690,5,تعویض کلکتور ,,,,,1459,2025-07-26,2025-09-03,,,,,False
2409,1,الکتروموتور 22KW,,,,685-686,5,سیم پیچی,,,,,1460,2025-07-26,2025-08-21,,,,,False
2410,1,رفع اتصال الکتروموتور 1250kwAC,,,,663,5,رفع اتصال در محل,,,,,1461,2025-06-20,2025-06-23,,,,,False
2411,1,استاتور 200kw-750rpm,,,,2779,8,تعویض عایق بدنه,,,,,1462,2025-08-02,2025-09-08,,,,,False
2412,1,چرخ گوشت صنعتی ,,,,,,تهاتر با مطالبات,,,,,1463,2025-08-02,2025-08-09,,,,,False
2413,1,استاتور اکسیژن 200kw-750rpm,,,,705,5,تعویض عایق بدنه,,,,,1464,2025-08-03,2025-10-16,,,,,False
2414,1,استاتور اکسیژن 200kw-750rpm,,,,705,5,اورهال ,,,,,1465,2025-08-03,2025-09-09,,,,,False
2415,1,استاتور آلستوم,,,,687,5,سیم پیچی / سیم پیچی موضعی,,,,,1466,2025-08-03,2025-08-23,,,,,False
2416,1,استاتور آلستوم,,,,713,5,سیم پیچی / سیم پیچی موضعی,,,,فاکتور 704 باطل گردید,1467,2025-08-03,2025-10-04,,,,,False
2417,1,استاتور آلستوم,,,,699,5,سیم پیچی / سیم پیچی موضعی,,,,,1468,2025-08-03,2025-09-27,,,,,False
2418,1,استاتور آلستوم,,,,691,5,سیم پیچی / سیم پیچی موضعی,,,,,1469,2025-08-03,2025-09-04,,,,,False
2419,1,استاتور آلستوم,,,,694,5,سیم پیچی / سیم پیچی موضعی,,,,,1470,2025-08-03,2025-09-13,,,,,False
2420,1,استاتور آلستوم,,,,694,5,سیم پیچی / سیم پیچی موضعی,,,,,1471,2025-08-03,2025-09-13,,,,,False
2421,1,استاتور آلستوم,,,,702,5,سیم پیچی / سیم پیچی موضعی,,,,,1472,2025-08-03,2025-09-27,,,,,False
2422,1,استاتور آلستوم,,,,699,5,سیم پیچی / سیم پیچی موضعی,,,,,1473,2025-08-03,2025-09-22,,,,,False
2423,1,استاتور آلستوم,,,,702,5,سیم پیچی / سیم پیچی موضعی,,,,,1474,2025-08-03,2025-09-27,,,,,False
2424,1,استاتور آلستوم,,,,687,5,سیم پیچی / سیم پیچی موضعی,,,,,1475,2025-08-03,2025-08-23,,,,,False
2425,1,تراکشن آلستوم کامل,,,,691,5,سیم پیچی / سیم پیچی موضعی,,,,رتور  در شرکت موجود میباشد,1476,2025-08-03,2025-09-04,,,,,False
2426,1,استاتور آلستوم,,,,713,5,سیم پیچی / سیم پیچی موضعی,,,,,1477,2025-08-03,2025-11-04,,,,,False
2427,1,استاتور اکسیژن 200kw-750rpm,,,,4398,8,رفع اتصال موضعی,,,,,1478,2025-08-04,2025-09-27,,,,,False
2428,1,ترانس گان هوایی 100KVA,,,,678/679,5,سیم پیچی,,,,,1479,2025-08-07,2025-08-10,,,,,False
2429,1,آرمیچر معدن ,,,,716-717,5,سیم پیچی,,,,,1480,2025-08-11,2025-11-10,,,,,False
2430,1,آرمیچر معدن ,,,,,,سیم پیچی,,,,,1481,2025-08-11,,,,,,False
2431,1,الکتروموتور 22kw- 1460rpm,,,,697-698,5,سیم پیچی,,,,,1482,2025-08-11,2025-09-21,,,,,False
2432,1,الکتروموتور 22kw-1460rpm,,,,685-686,5,سیم پیچی,,,,,1483,2025-08-11,2025-08-21,,,,,False
2433,1,الکتروموتور 22kw-1455rpm,,,,697-698,5,سیم پیچی,,,,,1484,2025-08-11,2025-09-21,,,,,False
2434,1,الکتروموتور 22kw-1450rpm,,,,697-698,5,سیم پیچی,,,,,1485,2025-08-11,2025-09-21,,,,,False
2435,1,الکتروموتور 22kw-725rpm,,,,712,5,سیم پیچی,,,,,1486,2025-08-11,2025-10-19,,,,,False
2436,1,الکتروموتور 22kw-750rpm,,,,712,5,عودت,,,,,1487,2025-08-11,2025-10-19,,,,,False
2437,1,الکتروموتور 22kw-725rpm,,,,712,5,سیم پیچی,,,,,1488,2025-08-11,2025-10-19,,,,,False
2438,1,الکتروموتور 22kw-1465rpm,,,,712,5,سیم پیچی,,,,,1489,2025-08-11,2025-10-19,,,,,False
2439,1,الکتروموتور 22kw-1465rpm,,,,712,5,سیم پیچی,,,,,1490,2025-08-11,2025-10-19,,,,,False
2440,1,الکتروموتور 22kw-1465rpm,,,,712,5,اورهال,,,,,1491,2025-08-11,2025-10-19,,,,,False
2441,1,الکتروموتور 75kw-1480rpm,,,,1580,8,تعویض شفت,,,,,1492,2025-08-12,2025-09-02,,,,,False
2442,1,الکتروموتور 3kw-1430rpm,,,,706,5,سیم  پیچی,,,,,1493,2025-08-12,2025-09-29,,,,,False
2443,1,الکتروموتور 37kw,,,,684,5,سیم پیچی,,,,,1494,2025-08-07,2025-08-21,,,,,False
2444,1,استاتور 200kw-500rpm,,,,2777,8,اورهال,,,,,1495,2025-08-20,2025-09-14,,,,,False
2445,1,استاتور آلستوم,,,,713,5,سیم پیچی / سیم پیچی موضعی,,,,,1496,2025-08-23,2025-11-01,,,,,False
2446,1,استاتور آلستوم,,,,713,5,سیم پیچی / سیم پیچی موضعی,,,,,1497,2025-08-23,2025-10-04,,,,,False
2447,1,الکتروموتور 2970rpm-90kw,,,,688-689,5,سیم پیچی,,,,,1498,2025-08-26,2025-08-31,,,,,False
2448,1,االکتروموتور 0.59 kw,,,,707-708,5,سیم پیچی آرمیچر,,,,,1499,2025-09-04,,,,,,False
2449,1,الکتروموتور 1250KW-987rpm,,,,701,5,اورهال,,,,,1500,2025-09-03,2025-09-18,,,,,False
2450,1,الکتروموتور DC 75KW,,,,696,5,سیم پیچی آرمیچر,,,,,1501,2025-09-03,2025-09-18,,,,,False
2451,1,الکتروموتور DC 42kw,,,,4397,8,سیم پیچی آرمیچر,,,,,1502,2025-09-13,2025-09-27,,,,,False
2452,1,استاتور آلستوم,,,,713,5,سیم پیچی / سیم پیچی موضعی,,,,,1503,2025-09-22,2025-10-26,,,,,False
47,1,آرمیچر لیفتراک ,,,,,,برگشتی,,,,,1504,2025-09-13,2025-10-05,,,,,False
48,1,الکتروموتور 55KW-2965RPM,,,,,,برگشتی,,,,,1505,2025-09-15,2025-09-27,,,,,False
2293,1,استاتور روتور 90kw,,,,,,سیم پیچی,,,,,1506,2025-09-17,,,,,,False
2453,1,الکتروموتور 4kw ,,,,700,5,سیم پیچی,,,,,1507,2025-09-18,2025-09-21,,,,,False
2454,1,الکتروموتور 55KW-2965RPM,,,,,,سیم پیچی,,,,,1508,2025-09-20,2025-09-25,,,,,False
2455,1,استاتور آلستوم,,,,713,5,سیم پیچی / سیم پیچی موضعی,,,,,1509,2025-09-22,2025-11-01,,,,,False
2456,1,استاتور اکسیژن طباطبایی 300KW,,,,705,5,اورهال,,,,,1510,2025-09-15,2025-10-16,,,,,False
49,1,الکتروموتور 55KW-2965RPM,,,,,,برگشتی,,,,,1511,2025-09-27,2025-10-04,,,,,False
2457,1,الکتروموتور 22KW-1500RPM,,,,706,5,سیم  پیچی,,,,,1512,2025-09-28,2025-10-29,,,,,False
50,1,الکتروموتور 2.2kw ,,,,,,برگشتی,,,,,1513,2025-09-30,2025-10-02,,,,,False
2458,1,استاتور آلستوم,,,,,,سیم پیچی / سیم پیچی موضعی,,,,,1514,2025-10-04,,,,,,False
2459,1,استاتور آلستوم,,,,713,5,سیم پیچی / سیم پیچی موضعی,,,,,1515,2025-10-04,2025-10-26,,,,,False
2460,1,الکتروموتور 42KW-2760RPM,,,,4397,8,سیم  پیچی,,,,,1516,2025-10-06,2025-10-08,,,,,False
51,1,آرمیچر لیفتراک ,,,,,,برگشتی,,,,,1517,2025-10-06,2025-10-26,,,,,False
2461,1,ترانس 8500 VA,,,,711,5,سیم  پیچی,,,,,1518,2025-10-11,2025-10-14,,,,,False
2462,1,ترانس تک فاز ,,,,,,سیم  پیچی,,,,,1519,2025-10-11,,,,,,False
2463,1,الکتروموتور گیریبکسی 4KW,,,,,,سیم  پیچی,,,,,1520,2025-10-11,,,,,,False
2464,1,,,,,,,سیم  پیچی,,,,,1521,2025-10-15,,,,,,False
2465,1,,,,,,,سیم  پیچی,,,,,1522,2025-10-15,,,,,,False
52,1,الکتروموتور 55KW-2965RPM,,,,,,برگشتی,,,,,1523,2025-10-15,2025-11-03,,,,,False
2466,1,الکتروموتور 1.5KW,,,,3175,8,سیم  پیچی,,,,,1524,2025-10-19,2025-10-22,,,,,False
2467,1,الکتروموتور 15kw,,,,716-717,5,,,,,,1525,2025-10-25,2025-11-10,,,,,False
2468,1,الکتروموتور 30kw-1470RPM,,,,,,,,,,,1526,2025-10-25,,,,,,False
2469,1,فاقد  پلاک  ,,,,716-717,5,,,,,,1527,2025-10-25,2025-11-10,,,,,False
2470,1,الکتروموتور 90KW-1500RPM ,,,,,,سیم  پیچی,,,,,1528,2025-10-25,2025-11-22,,,,,False
2471,1,الکتروموتور  15KW-3000RPM,,,,,,سیم  پیچی,,,,,1529,2025-10-26,,,,,,False
2472,1,الکتروموتور 11KW3000RPM,,,,,,سیم  پیچی,,,,,1530,2025-10-26,2025-11-09,,,,,False
2473,1,استاتور اکسیژن 200KW,,,,,,,,,,,1531,2025-10-29,,,,,,False
2474,1,الکتروموتور 11KW-1500RPM,,,,,,,,,,,1532,2025-10-29,2025-11-12,,,,,False
2475,1,استاتور آلستوم,,,,718,5,سیم پیچی / سیم پیچی موضعی,,,,,1533,2025-11-01,2025-11-13,,,,,False
2476,1,استاتور آلستوم,,,,,,سیم پیچی / سیم پیچی موضعی,,,,,1534,2025-11-01,,,,,,False
2477,1,الکتروموتور 17KW-5.5V,,,,,,,,,,,1535,2025-11-03,,,,,,False
2478,1,استاتور آلستوم,,,,,,سیم پیچی / سیم پیچی موضعی,,,,,1536,2025-11-04,2025-11-29,,,,,False
2479,1,استاتور آلستوم,,,,718,5,سیم پیچی / سیم پیچی موضعی,,,,,1537,2025-11-04,2025-11-13,,,,,False
2480,1,الکتروموتور 315KW-6KV,,,,,,,,,,,1538,2025-11-05,,,,,,False
2481,1,فاقد پلاک ,,,,,,,,,,,1539,2025-11-10,,,,,,False
2482,1,استاتور آلستوم,,,,,,,,,,,1540,2025-11-13,2025-11-29,,,,,False
2483,1,استاتور آلستوم,,,,,,,,,,,1541,2025-11-13,,,,,,False
2484,1,الکتروموتور 22KW-1500RPM,,,,,,,,,,,1542,2025-11-15,,,,,,False
2485,1,پوسته استاتور ارمیچر 4.5 تن ,,,,,,,,,,,1543,2025-11-15,,,,,,False
2486,1,الکتروموتور 11KW-1500RPM,,,,,,,,,,,1544,2025-11-15,,,,,,False
2487,1,4KWالکتروموتور ,,,,,,,,,,,1545,2025-11-15,,,,,,False
2488,1,الکتروموتور 4KW-1500RPM,,,,,,,,,,,1546,2025-11-15,,,,,,False
2489,1,ارمیچر 4.5 تن ,,,,,,,,,,,1547,2025-11-15,,,,,,False
2490,1,ارمیچر 4.5 تن ,,,,,,,,,,,1548,2025-11-15,,,,,,False
2491,1,الکتروموتور 75KW-3000RPM,,,,,,,,,,,1549,2025-11-15,2025-11-17,,,,,False
2492,1,فاقد پلاک ,,,,,,,,,,,1550,2025-11-15,,,,,,False
2493,1,استاتور اکسیژن 200KW,,,,,,,,,,,1551,2025-11-16,,,,,,False
2494,1,الکتروموتور DC1.5 KW,,,,,,,,,,,1552,2025-11-16,,,,,,False
2495,1,الکتروموتور DC11KW-2930RPM,,,,,,,,,,,1553,2025-11-16,,,,,,False
2496,1,روتور ژنراتور ,,,,,,,,,,,1554,2025-11-17,,,,,,False
2497,1,ترانس گان هوایی 100KVA,,,,,,,,,,,1555,2025-11-25,,,,,,False
2498,1,,,,,,,,,,,,1556,2025-11-26,,,,,,False
2499,1,ترانس,,,,,,,,,,,1557,2025-11-26,,,,,,False
2500,1,,,,,,,,,,,,1558,2025-11-29,,,,,,False
53,1,استاتور آلستوم,,,,,,برگشتی,,,,,1559,2025-11-29,,,,,,False
54,,,,,,,,,,,,,1560,,,,,,,False
55,,,,,,,,,,,,,1561,,,,,,,False
2141,1,استاتور آلستوم,,,,483,5,سیم پیچی,حسینیان زاده,,,,1171,2024-03-17,2024-05-23,,,,,False
2142,1,استاتور آلستوم,,,,483,5,سیم پیچی,حسینیان زاده,,,,1172,2024-03-17,2024-05-23,,,,,False
2143,1,استاتور 98kw,,,,463,5,سرویس اسلیپ رینگ,,,,,1173,2024-03-27,2024-04-02,,,,,False
2144,1,الکتروموتور DC,,,,0828,8,فولی,,,,,1174,2024-03-27,2024-03-30,,,,,False
2145,1,"الکتروموتورDC 
470kw",,,,486,5,سیم پیچی, ناظری پور,,,,1175,2024-04-06,2024-06-01,,,,,False
2146,1,"الکتروموتورAC 
1250 kw",,,,467,5,اورهال,جوان,,,,1176,2024-04-06,2024-04-11,,,,,False
2147,1,الکتروموتور 110kw,,,,471-472,5,سیم پیچی,شاکری,,,,1177,2024-04-10,2024-04-16,,,,,False
2148,1,دینام جوش,,,,0841,8,اورهال,,,,,1178,2024-04-14,2024-04-27,,,,,False
2149,1,موتور dc 37kw,,,,0838,8,تست,,,,,1179,2024-04-16,2024-04-29,,,,,False
2150,1,"موتور چاه آب 125KW
125HP93کیلو وات-1470دور-380V
ساخت انگلستان",,,,,,عودت,,,,,1180,2024-04-23,2024-05-18,,,,,False
2151,1,"ترانس 315kw
656056شماره ",,,,838,5,اورهال,ناظری پور,,,,1181,2024-04-22,2024-05-11,,,,,False
2152,1,گان هوایی,,,415817,492-493,5,فاکتور باطل شد,ریاحی,,,فاکتور 481/482 باطل شد,1182,2024-04-29,2024-05-09,,,,,False
2153,1,"ترانس v6000-11000
2000KVA",,,525,529,5,سیم پیچی -برگشتی کد 2133,ناظری پور,,,فاکتور 525 باطل شد,1183,2024-05-07,2024-08-22,,,,,False
2154,1,اتو بوستر,,,,583,5,اورهال,,,,,1184,2024-05-08,2025-02-03,,,,,False
2155,1,الکتروموتور 23/5kw DC,,,,502,5,سیم پیچی,گرزین,,,,1185,2024-05-07,2024-07-07,,,,,False
2156,1,"الکتروموتور75KW
300دور آمپر136",,,415825,484,5,اورهال,ناظری پور,,,,1186,2024-05-11,2024-05-13,,,,,False
2157,1,"الکتروموتور AC
-varco-AC MOTOR 400HP",,,,547-548,5,سیم پیچی ,شاکری,,,,1187,2024-05-13,2024-10-30,,,,,False
2158,1,تراکشن آلستوم کامل,,,,619,5,سیم پیچی-هسته چینی-تعویض شفت,حسینیان زاده,,,رتور  در شرکت موجود میباشد,1188,2024-05-11,2025-02-24,,,,,False
2159,1,تراکشن آلستوم کامل,,,,619,5,سیم پیچی-هسته چینی-تعویض شفت,ناظری پور,,,رتور  در شرکت موجود میباشد,1189,2024-05-15,2025-02-24,,,,,False
2160,1,"الکتروموتور 200kw
1400دور-345A",,,,487,5,فروش ,ناظری پور,,,,1190,2024-05-18,2024-06-01,,,,,False
26,1,الکتروموتور شراک,,,,,,برگشتی,,,,"تاریخ ورود 1403/03/07
تاریخ خروج: 1403/11/25",1191,2024-05-26,2024-05-27,,,,,False
2161,1,موتور گیر بکسی 7/5kw,,,,0847,8,اورهال,ناظری پور,,,,1192,2024-05-26,2024-05-29,,,,,False
2162,1,مگنت,,,,523-524/537-538,5,سیم پیچی,ناظری پور,,,,1193,2024-05-26,2024-09-28,,,,,False
2163,1,آرمیچر4.5 تن,,,,650-651,5,سیم پیچی,گرزین,,,,1194,2024-06-02,2025-05-20,,,,,False
2164,1,آرمیچر5 تن,,,,,,سیم پیچی,گرزین,,,صورتجلسه شماره 30,1195,2024-06-02,,,,,,False
2165,1,الکتروموتور 4/5 تن ,,,,514-515,5,سیم پیچی,,,,,1196,2024-06-02,2024-07-04,,,,,False
2166,1,الکتروموتور 4/5 تن ,,,,514-515,5,سیم پیچی,,,,,1197,2024-06-02,2024-07-04,,,,,False
2167,1,الکتروموتور 5.5 تن,,,,516-517,5,سیم پیچی,,,,,1198,2024-06-02,2024-09-08,,,,,False
2168,1,الکتروموتور 5.5 تن,,,,516-517,5,سیم پیچی,گرزین,,,,1199,2024-06-02,2024-07-04,,,,,False
2169,1,ترانس تابلو برق,,,,497,5,اورهال,,,,,1200,2024-06-02,2024-06-13,,,,,False
2170,1,الکتروموتور37kwو74A,,,,496,5,سیم پیچی,شاکری,,,,1201,2024-06-02,2024-06-10,,,,,False
2171,1,"الکتروموتور 200kwو380V
RPM1490",,,,503,5,سیم پیچی,حسینیان زاده,,,,1202,2024-06-03,2024-07-07,,,,,False
2172,1,استاتور 315KW و6kv,,,,504,5,سیم پیچی,حسینیان زاده,,,,1203,2024-06-05,2024-07-08,,,,,False
2173,1,ترانس 500kva,,,,504,5,سیم پیچی,ناظری پور,,,,1204,2024-06-05,2024-07-08,,,,,False
2174,1,"الکتروموتور37kw
1400دور",,,,499,5,سیم پیچی,رحمت اللهی,,,,1205,2024-06-10,2024-06-24,,,,,False
2175,1,مگنت  ترمز وینچ جرثقیل,,,,523-524,5,سیم پیچی,,,,,1206,2024-06-16,2024-09-28,,,,,False
2176,1,الکتروموتور زیمنس 132kw,,,,558,5,اورهال,ریاحی,,,,1207,2024-06-11,2024-11-19,,,,,False
2177,1,اسلیپ رینگ,,,,557,5,نقشه,,,,,1208,2024-06-13,2024-11-19,,,,,False
2178,1,اسلیپ رینگ,,,,557,5,نقشه,,,,,1209,2024-06-13,2024-11-19,,,,,False
2179,1,اسلیپ رینگ,,,,557,5,بازسازی ,,,,,1210,2024-06-13,2024-11-19,,,,,False
2180,1,آرمیچر 4.5 تن,,,,513,5,سیم پیچی,,,,,1211,2024-06-16,2024-08-06,,,,,False
2181,1,"الکتروموتور 75kw
3000دور",,,,2759,8,سیم پیچی,حسینیان زاده,,,,1212,2024-06-16,2024-06-20,,,,,False
2182,1,استاتور اکسیژن 315kw,,,,352,8,اورهال,حسینیان زاده,,,,1213,2024-06-18,2025-04-08,,,,,False
2183,1,استاتور اکسیژن 315kw,,,,668,5,سیم پیچی,شاکری,,,,1214,2024-06-18,,,,,,False
2184,1,استاتور اکسیژن 315kw,,,,668,5,سیم پیچی,,,,,1215,2024-06-18,2025-04-08,,,,,False
2185,1,16عدد قطب ,,,,352,8,اورهال,,,,,1216,2024-06-18,2025-04-08,,,,,False
2186,1,الکتروموتور5.5 kw,,,,546,5,سیم پیچی,,,,,1217,2024-06-18,,,,,,False
2187,1,الکتروموتور dc زیمنس0.59kw,,,,511-512,5,سیم پیچی,,,,,1218,2024-06-19,2024-08-05,,,,,False
2188,1,الکتروموتور گیربکس 1450دور-12kw,,,,541-542,5,تعویض پوسته گیربکس,ناظری پور,,,,1219,2024-06-22,2024-10-03,,,,,False
2189,1,الکتروموتور گیربکس 1450دور-12kw,,,,543-544,5,تعویض پوسته گیربکس,,,,,1220,2024-06-22,2024-10-03,,,,,False
2190,1,"استاتور 200kw
165 متری",,,,1432,8,سیم پیچی,حسینیان زاده,,,,1221,2024-06-28,2024-10-31,,,,,False
2191,1,آرمیچر معدن 5.5 تن,,,,,,سیم پیچی,,,,,1222,2024-07-02,,,,,,False
2192,1,آرمیچر معدن 5.5 تن,,,,505,5,سیم پیچی,,,,,1223,2024-07-02,2024-07-28,,,,,False
2193,1,آرمیچر معدن 5.5 تن,,,,609,5,سیم پیچی,,,,,1224,2024-07-02,2025-02-27,,,,,False
2194,1,آرمیچر معدن 4.5 تن,,,,505,5,سیم پیچی,,,,,1225,2024-07-02,2024-07-28,,,,,False
2195,1,آرمیچر معدن 4/5 تن,,,,505,5,سیم پیچی,,,,,1226,2024-07-02,2024-07-28,,,,,False
2196,1,الکتروموتور 7.5 kw,,,,507,5,اورهال,شاکری,,,,1227,2024-07-06,2024-07-30,,,,,False
2197,1,"الکتروموتور 75kw
3000دور",,,,2760,8,اورهال,شاکری,,,,1228,2024-07-02,2024-08-06,,,,,False
2198,1,الکتروموتور 315kw,,,,577,5,سیم پیچی,,,,,1229,2024-07-08,2025-01-08,,,,,False
2199,1,الکتروموتورdc,,,,,,عودت,,,,,1230,2024-07-16,2024-07-19,,,,,False
2200,1,مگنت الکتریکی,,,,560-561,5,سیم پیچی,,,,,1231,2024-07-22,2024-11-25,,,,,False
2201,1,الکتروموتور 5/5 تن,,,,517-518,5,سیم پیچی,,,,,1232,2024-07-27,2024-08-28,,,,,False
2202,1,الکتروموتور 5/5 تن ,,,,551-552,5,سیم پیچی,,,,,1233,2024-07-27,2024-11-05,,,,,False
2203,1,الکتروموتور 154kw dc,,,,576,5,سیم پیچی,,,,,1234,2024-07-30,2025-03-27,,,,,False
2204,1,الکتروموتور 407kw dc,,,,509,5,اورهال,,,,,1235,2024-07-30,2024-08-07,,,,,False
27,1,الکتروموتور 7/5kw ,,,,,,برگشتی,,,,,1236,2024-07-31,2024-08-01,,,,,False
2205,1,الکتروموتور 400hp-دور1200  360امپر,,,,566-567,5,اورهال,,,,,1237,2024-08-01,2024-12-03,,,,,False
2206,1,الکتروموتور 400hp-دور1200  360امپر,,,,,,اورهال,,,,,1238,2024-08-01,2024-12-03,,,,,False
2207,1,الکتروموتور 400hp-دور1200  360امپر,,,,562-563,5,اورهال,,,,,1239,2024-08-01,2024-12-03,,,,,False
2208,1,باسداکت3150A-400V,,,,527,5,عایق بندی,,,,,1240,2024-08-04,2024-10-03,,,,,False
2209,1,باسداکت3150A-400V,,,,527,5,عایق بندی,,,,,1241,2024-08-04,2024-10-03,,,,,False
2210,1,باسداکت3150A-400V,,,,528,5,عایق بندی,,,,,1242,2024-08-04,2024-10-03,,,,,False
2211,1,باسداکت3150A-400V,,,,528,5,عایق بندی,,,,,1243,2024-08-04,2024-10-03,,,,,False
2212,1,الکتروموتور DC-52/5KW,,,,508,5,اورهال,,,,,1244,2024-08-06,2024-08-09,,,,,False
2213,1,الکتروموتور 200KW اکسیژن,,,,,,سیم پیچی موضعی,,,,گارانتی,1245,2024-08-18,2024-09-20,,,,,False
2214,1,الکتروموتور 4/5 تن ,,,,521-522,5,سیم پیچی,,,,,1246,2024-09-27,2024-09-08,,,,,False
2215,1,پوسته 5.5 تن,,,,617-618,5,سیم پیچی,,,,,1247,2024-09-27,2025-03-15,,,,,False
2216,1,الکتروموتور 4/5 تن ,,,,555-556,5,سیم پیچی,,,,,1248,2024-09-27,2024-11-16,,,,,False
2217,1,آرمیچر 4/5 تن ( بدون پوسته ) ,,,,650-651,5,سیم پیچی,,,,,1249,2024-09-27,2025-05-20,,,,,False
2218,1,دستگاه جوش ,,,,,,اورهال,,,,,1250,2024-08-28,2025-07-28,,,,,False
2219,1,دستگاه جوش ( پانیذ شرق ) ,,,,546,5,اورهال,,,,,1251,2024-08-28,2024-11-04,,,,,False
2220,1,روتور لوکوموتیو ,,,,,,عودت,,,,,1252,2024-08-26,2024-09-05,,,,,False
2221,1,روتور لوکوموتیو ,,,,,,عودت,,,,,1253,2024-08-26,2024-09-05,,,,,False
2222,1,استاتور ,,,,650-651,5,سیم پیچی,,,,,1254,2024-08-26,2025-05-20,,,,,False
2223,1,استاتور ,,,,,,عودت,,,,,1255,2024-08-26,2024-09-05,,,,,False
2224,1,استاتور ,,,,,,عودت,,,,,1256,2024-08-26,2024-09-05,,,,,False
2225,1,کفکش تک فاز,,,,1452,8,سیم پیچی,,,,,1257,2024-09-07,2024-10-19,,,,,False
2226,1,الکتروموتور 1/5kw,,,,1449,8,سیم پیچی,,,,,1258,2024-09-07,2024-10-01,,,,,False
2227,1,الکتروموتور ,,,,,,عودت,,,,,1259,2024-09-07,2024-09-07,,,,,False
2228,1,استاتور 200kw,,,,4473,8,اورهال,,,,,1260,2024-07-27,2024-08-10,,,,,False
2229,1,الکتروموتور (فن) 1/5KW,,,,1451,8,سیم پیچی,,,,,1261,2024-09-10,2024-10-19,,,,,False
2230,1,الکتروموتور DC 120KW,,,,/0662/,8,سیم پیچی,,,,,1262,2024-09-24,2024-10-02,,,,,False
28,1,ترانس 20000 به 6000 ولت,,,,,,برگشتی,,,,"  تاریخ خروج 1403/08/02re-2173 
تمامی درخواست های کالا از انبار با کد re2173 به 2266 منتقل شد ",1263,2024-09-23,2024-10-23,,,,,False
2231,1,موتور 5/5 مگاوات ,,,,587,5,اورهال,,,,,1264,2024-09-24,2025-01-25,,,,,False
2232,1,مخزن لیکوِئید,,,,586,5,اورهال,,,,,1265,2024-09-24,2025-01-25,,,,,False
2233,1,ترانس گان هوایی 150KVA,,,,530-531,5,سیم پیچی,,,,,1266,2024-10-01,2024-10-07,,,,,False
2234,1,تعویض الکتروموتور 5.5 مگاوات ,,,,559,5,اورهال,,,,در محل,1267,2024-09-14,2024-09-17,,,,,False
2235,1,فن 3 فاز تخم مرغی ,,,,1453,8,سیم پیچی,,,,,1268,2024-10-07,2025-02-16,,,,,False
2236,1,الکتروموتور 4/5 تن ,,,,604-605,5,سیم پیچی,,,,,1269,2024-10-08,2025-02-25,,,,,False
2237,1,الکتروموتور 4/5 تن ,,,,553-554,5,سیم پیچی,,,,,1270,2024-10-08,2024-11-16,,,,,False
2238,1,(5/5 تن ) الکتروموتور DC,,,,,,سیم پیچی,,,,صورتجلسه شماره 30,1271,2024-10-08,,,,,,False
2239,1,الکتروموتور 5.5kw,,,,628-629,5,سیم پیچی,,,,,1272,2024-10-09,2025-02-26,,,,,False
2240,1,الکتروموتور 5.5kw,,,,628-629,5,سیم پیچی,,,,,1273,2024-10-09,2025-02-26,,,,,False
2241,1,الکتروموتور 5.5kw,,,,628-629,5,سیم پیچی,,,,,1274,2024-10-09,2025-02-26,,,,,False
2242,1,الکتروموتور 132kw-ABB,,,,584-585,5,سیم پیچی,,,,,1275,2024-10-09,2025-01-21,,,,,False
2243,1,الکتروموتور 5.5kw,,,,573-574,5,سیم پیچی,,,,,1276,2024-10-09,2024-12-09,,,,,False
2244,1,الکتروموتور 5.5kw,,,,573-574,5,سیم پیچی,,,,,1277,2024-10-09,2024-12-09,,,,,False
2245,1,الکتروموتور 5.5kw,,,,628-629,5,سیم پیچی,,,,,1278,2024-10-09,2025-02-26,,,,,False
2246,1,الکتروموتور 5.5kw,,,,573-574,5,سیم پیچی,,,,,1279,2024-10-09,2024-12-09,,,,,False
2247,1,الکتروموتور 5.5kw,,,,573-574,5,سیم پیچی,,,,,1280,2024-10-09,2024-12-09,,,,,False
2248,1,الکتروموتور 5.5kw,,,,573-574,5,سیم پیچی,,,,,1281,2024-10-09,2024-12-09,,,,,False
2249,1,الکتروموتور 5.5kw,,,,573-574,5,سیم پیچی,,,,,1282,2024-10-09,2024-12-09,,,,,False
2250,1,الکتروموتور 5.5kw,,,,573-574,5,سیم پیچی,,,,,1283,2024-10-09,2024-12-09,,,,,False
2251,1,الکتروموتور 5.5kw,,,,628-629,5,سیم پیچی,,,,,1284,2024-10-09,2025-02-26,,,,,False
2252,1,الکتروموتور 5.5kw,,,,628-629,5,سیم پیچی,,,,,1285,2024-10-09,2025-02-26,,,,,False
2253,1,الکتروموتور 5.5kw,,,,573-574,5,سیم پیچی,,,,,1286,2024-10-09,2024-12-09,,,,,False
2254,1,الکتروموتور 90kw,,,,571-572,5,سیم پیچی,,,,,1287,2024-10-09,2024-12-22,,,,,False
2255,1,آرمیچر 4/5 تن ,,,,608,5,سیم پیچی,,,,,1288,2024-10-09,2025-03-04,,,,,False
2256,1,ترانس گان هوایی 150KVA,,,,539-540,5,سیم پیچی,,,,,1289,2024-10-09,2024-10-21,,,,,False
2257,1,ترانس گان هوایی 150KVA,,,,534-535,5,سیم پیچی,,,,,1290,2024-10-13,2024-10-14,,,,,False
2258,1,الکتروموتور 200kw,,,415875,545,5,سیم پیچی,حسینیان زاده,,,,1291,2024-10-15,2024-10-21,,,,,False
2259,1,مگنت ,,,,575,5,سیم پیچی,,,,,1292,2024-10-15,2025-03-27,,,,,False
2260,1,مگنت الکتریکی,,,,676-677,5,سیم پیچی,,,,,1293,2024-10-16,2025-10-20,,,,,False
2261,1,الکتروموتور 3kw,,,,1419,8,شکستگی درب قالپلق و سوختن سیم پیچ,,,,,1294,2024-10-25,2024-10-27,,,,,False
2262,1,ترانس گان هوایی 100KVA,,,,593-594,5,سیم پیچی,,,,,1295,2024-10-28,2025-02-01,,,,,False
2263,1,ترانس گان هوایی 150KVA,,,,549-550,5,سیم پیچی,,,,,1296,2024-10-28,2024-11-04,,,,,False
2264,1,آرمیچر لیفتراک ,,,,/0360/,8,جوشکاری رایزر,,,,,1297,2024-10-30,2024-11-09,,,,,False
2265,1,الکتروموتور DC20KW,,,,,,عودت,,,,,1298,2024-10-31,2024-11-05,,,,,False
2266,1,ترانس 20000 به 6000 ولت,,,,4155,8,سیم پیچی,,,,,1299,2024-10-23,2024-11-13,,,,,False
2267,1,پوسته الکتروموتور 4.5 تن,,,,568-569,5,سیم پیچی,,,,,1300,2024-11-04,2024-12-11,,,,,False
2268,1,آرمیچر 4.5 تن ,,,,,,سیم پیچی,,,,صورتجلسه شماره 30,1301,2024-11-04,,,,,,False
2269,1,استاتور اکسیژن 200KW,,,,4473,8,اصلاح عایق بدنه,,,,,1302,2024-11-04,2025-01-19,,,,,False
2270,1,الکتروموتور HP400-AC,,,,642-643,5,,,,,,1303,2024-11-04,2025-05-08,,,,,False
2271,1,الکتروموتور HP400-AC,,,,,,,,,,,1304,2024-11-04,,,,,,False
2272,1,الکتروموتور HP400-AC,,,,640-641,5,سیم پیچی,,,,,1305,2024-11-04,2025-05-08,,,,,False
2273,1,آرمیچر 4.5 تن ,,,,568-569,5,سیم پیچی,,,,,1306,2024-11-04,2024-12-11,,,,,False
2274,1,آرمیچر 4.5 تن ,,,,578-579,5,سیم پیچی,,,,,1307,2024-11-04,2025-01-12,,,,,False
29,1,الکتروموتور315kw,,,,,,برگشتی,,,,,1308,2024-11-06,2024-12-01,,,,,False
2275,1,موتور DC,,,,,,عودت,,,,,1309,2024-11-11,2024-11-13,,,,,False
2276,1,کفکش,,,,,,عودت,,,,,1310,2024-11-13,2025-03-02,,,,,False
2277,1,استاتور ,,,,570,5,اورهال ,,,,,1311,2024-11-14,2024-12-01,,,,,False
2278,1,الکتروموتور 160kw,,,,,,سیم پیچی موضعی,,,,,1312,2024-11-14,2024-12-01,,,,,False
2279,1,پوسته الکتروموتور 4.5 تن,,,,568-569,5,سیم پیچی,,,,,1313,2024-11-17,2024-12-11,,,,,False
2280,1,پوسته الکتروموتور 4.5 تن,,,,578-579,5,سیم پیچی,,,,,1314,2024-11-17,2025-01-12,,,,,False
2281,1,آرمیچر 4.5 تن ,,,,568-569,5,سیم پیچی,,,,,1315,2024-11-17,2024-12-11,,,,,False
2282,1,آرمیچر 4.5 تن ,,,,578-579,5,سیم پیچی,,,,,1316,2024-11-17,2025-01-12,,,,,False
2283,1,الکترو فن ,,,,3160,8,سیم پیچی,,,,,1317,2024-11-18,2025-02-15,,,,,False
2284,1,روتور جرثقیل ,,,,/0362/,8,جوشکاری رینگ روتور بار ,,,,,1318,2024-11-18,2024-11-18,,,,,False
2285,1,الکتروموتور 1120kw,,,,,,جوش تراش شفت رفع لنگی,,,,,1319,2024-11-20,,,,,,False
2286,1,فن 3 فاز تخم مرغی ,,,,4471,8,سیم پیچی,,,,,1320,2024-11-25,2025-02-11,,,,,False
2287,1,مگنت ,,,,575,5,رفع اتصال موضعی,,,,,1321,2024-10-07,2025-03-27,,,,,False
2288,1,الکترو فن ,,,,3161,8,سیم پیچی,,,,,1322,2024-12-01,2025-01-03,,,,,False
2289,1,ترانس KV500,,,,363,8,اورهال,,,,,1323,2024-12-02,2024-12-10,,,,,False
30,1,ترانس 20000 به 6000 ولت,,,,,,برگشتی,,,,,1324,2024-12-02,2025-01-01,,,,,False
31,1,استاتور 315KW,,,,,,برگشتی,,,,,1325,2024-12-02,2025-01-01,,,,,False
2290,1,آرمیچر و استاتور ,,,,2925,8,اورهال,,,,,1326,2024-12-10,2024-12-14,,,,,False
2291,1,ترانس گان هوایی 150KVA,,,,593-594,5,سیم پیچی,,,,,1327,2024-12-15,2025-02-01,,,,,False
2292,1,الکتروموتور 90kw,,,,652-653,5,سیم پیچی,,,,,1328,2024-12-16,2025-06-12,,,,,False
2293,1,روتور 90KW,,,,,,سیم پیچی,,,,,1329,2024-12-16,,,,,,False
2294,1,ترانس 1250KW,,,,588,5,اورهال,,,,,1330,2024-12-20,2025-01-25,,,,,False
2295,1,موتور 150KW,,,,592,5,اورهال,,,,,1331,2024-12-21,2025-03-15,,,,,False
2296,1,موتور 5.5 KW,,,,592,5,سیم پیچی,,,,,1332,2024-12-21,2025-02-03,,,,,False
2297,1,استاتور اکسیژن 200kw,,,,589,5,اورهال,,,,,1333,2024-12-22,2025-01-22,,,,,False
2298,1,"روتور جرثقیل سقفی
 مخروطی شکل ",,,,,,عودت,,,,,1334,2024-12-23,2024-12-30,,,,,False
2299,1,الکتروموتور DC,,,,,,سیم پیچی,,,,تهاتر با خدمات انجام شده از طرف شرکت الوند جاوید و فروش سیم 2 دستگاه آرمیچر,1335,2024-12-26,2025-04-17,,,,,False
2300,1,الکتروموتور 315KW-6000V,,,,630,5,سیم پیچی,,,,,1336,2024-12-28,2025-05-11,,,,,False
2301,1,آرمیچر 4.5 تن ,,,,609,5,سیم پیچی,,,,,1337,2024-12-29,2025-01-28,,,,,False
2302,1,پوسته الکتروموتور 4.5 تن ,,,,578-579,5,سیم پیچی,,,,,1338,2024-12-30,2025-01-12,,,,,False
2303,1,الکتروموتور5 تن ,,,,580-581,5,سیم پیچی,,,,,1339,2024-12-31,2025-01-12,,,,,False
2304,1,مگنت جرثقیل ,,,,582,5,سیم پیچی,,,,,1340,2025-01-01,2025-01-13,,,,,False
2305,1,الکتروموتور 500kw,,,,598-599-600-,5,سیم پیچی,,,,,1341,2025-01-03,2025-02-09,,,,,False
2306,1,الکتروموتور 457kw,,,,,,اورهال,,,,بدلیل اتصال در زمان راه اندازی تایید نگردید,1342,2025-01-11,2025-02-09,,,,,False
2307,1,الکتروموتور 15.5 kw زیمنس 2 دور ,,,,614-615,5,سیم پیچی,,,,,1343,2025-01-03,2025-02-26,,,,,False
2308,1,استاتور 315kw اکسیژن ,,,,4468,5,راه اندازی,,,,,1344,2025-01-12,2025-01-13,,,,,False
2309,1,الکتروموتور 5 تن ,,,,590-591,5,سیم پیچی,,,,,1345,2025-01-11,2025-01-25,,,,,False
32,1,الکتروموتور 5.5 kw,,,,,,برگشتی,,,,,1346,2025-01-11,2025-02-26,,,,,False
33,1,الکتروموتور 5.5 kw,,,,,,برگشتی,,,,,1347,2025-01-11,2025-02-26,,,,,False
34,1,الکتروموتور 5.5 kw,,,,,,برگشتی,,,,,1348,2025-01-11,2025-02-26,,,,,False
35,1,الکتروموتور 5.5 kw,,,,,,برگشتی,,,,,1349,2025-01-11,2025-02-26,,,,,False
36,1,الکتروموتور 5.5 kw,,,,,,برگشتی,,,,,1350,2025-01-11,2025-02-26,,,,,False
37,1,الکتروموتور 160kw,,,,,,برگشتی,,,,,1351,2025-01-11,2025-01-26,,,,,False
2310,1,ژنراتور 40kv برند  stream,,,,367,8,سیم پیچی,,,,,1352,2025-01-20,2025-02-04,,,,,False
2311,1,استاتور اکسیژن 160kw,,,,4474,8,رفع اتصال موضعی,,,,,1353,2025-01-20,2025-02-04,,,,,False
2312,1,دستگاه جوش,,,,,,برگشتی 2219,,,,,1354,2025-01-23,2025-07-28,,,,,False
2313,1,الکتروموتور 2.2kw ,,,,2779,8,سیم پیچی,,,,,1355,2025-01-25,2025-03-08,,,,,False
2314,1,پوسته آرمیچر 4.5 تن ,,,,602-603,5,سیم پیچی,,,,,1356,2025-01-25,2025-02-08,,,,,False
2315,1,پوسته آرمیچر 4.5 تن ,,,,602-603,5,سیم پیچی,,,,آرمیچر توسط مهندس زمانی به شرکت ارسال و داخل پوسته مونتاژ گردید,1357,2025-01-25,2025-02-08,,,,,False
2316,1,پوسته آرمیچر 4.5 تن ,,,,650-651,5,سیم پیچی,,,,,1358,2025-01-25,2025-05-20,,,,,False
2317,1,پوسته آرمیچر 4.5 تن ,,,,602-603,5,سیم پیچی,,,,آرمیچر توسط مهندس زمانی به شرکت ارسال و داخل پوسته مونتاژ گردید,1359,2025-01-25,2025-02-08,,,,,False
2318,1,آرمیچر 4.5 تن ,,,,602-603,5,سیم پیچی,,,,,1360,2025-01-25,2025-02-08,,,,,False
2319,1,آرمیچر 4.5 تن ,,,,,,سیم پیچی,,,,,1361,2025-01-25,,,,,,False
2320,1,آرمیچر 4.5 تن ,,,,,,سیم پیچی,,,,,1362,2025-01-25,,,,,,False
2321,1,آرمیچر 4.5 تن ,,,,,,,,,,صورتجلسه شماره 29,1363,2025-01-25,2025-03-31,,,,,False
2322,1,آرمیچر 5.5 تن ,,,,617-618,5,سیم پیچی,,,,,1364,2025-01-25,2025-03-15,,,,,False
2323,1,قطعات مونتاژی بلسداکت ,,,,613,5,ساخت,,,,,1365,,2025-03-08,,,,,False
